{"type":"FeatureCollection","features":[{"id":"13","type":"Feature","properties":{},"geometry":{"type":"Polygon","coordinates":[[[-6.198865526816221,53.40732873077144],[-6.200082025943984,53.40508243203427],[-6.1978346509814335,53.40290288256978],[-6.204189606385468,53.40397175622593],[-6.202811255421512,53.40815079039431],[-6.198865526816221,53.40732873077144]]]}},{"id":"19","type":"Feature","properties":{},"geometry":{"type":"Polygon","coordinates":[[[-6.275737718600616,53.345544614100284],[-6.276316897083293,53.34414240047215],[-6.277007976362978,53.34416618848297],[-6.276791545094673,53.34573561951828],[-6.275737718600616,53.345544614100284]]]}},{"id":"21","type":"Feature","properties":{},"geometry":{"type":"Polygon","coordinates":[[[-6.2861203566971575,53.36116309294036],[-6.287049618509927,53.359501124751105],[-6.290944486243005,53.36108515694215],[-6.2908254173509395,53.361336537132374],[-6.2861203566971575,53.36116309294036]]]}},{"id":"36","type":"Feature","properties":{},"geometry":{"type":"Polygon","coordinates":[[[-6.324517894143041,53.341687348979235],[-6.327273446007694,53.34118405450112],[-6.327317480393968,53.34212363167475],[-6.32567054552502,53.34207015254672],[-6.324517894143041,53.341687348979235]]]}},{"id":"43","type":"Feature","properties":{},"geometry":{"type":"Polygon","coordinates":[[[-6.279395967890778,53.322207608925396],[-6.2792892614149025,53.321434682044],[-6.281710875232454,53.32085546921474],[-6.282398627530251,53.321456208778535],[-6.279395967890778,53.322207608925396]]]}},{"id":"48","type":"Feature","properties":{},"geometry":{"type":"Polygon","coordinates":[[[-6.184817131062683,53.361429019683655],[-6.185749888294863,53.360796576241476],[-6.188231481659385,53.36082504149784],[-6.192182698722019,53.361551191875286],[-6.190900443172858,53.36230467087185],[-6.184817131062683,53.361429019683655]]]}},{"id":"49","type":"Feature","properties":{},"geometry":{"type":"Polygon","coordinates":[[[-6.239821327572486,53.3654911791136],[-6.239884519632932,53.36407718386789],[-6.241412735185349,53.363879119691205],[-6.241099384279422,53.36478904218339],[-6.242403812967174,53.36516631220596],[-6.242010225863571,53.36565481586292],[-6.239821327572486,53.3654911791136]]]}},{"id":"60","type":"Feature","properties":{},"geometry":{"type":"Polygon","coordinates":[[[-6.2619485430971285,53.359038584920626],[-6.260097396167178,53.35779111277288],[-6.260704904125763,53.35757899800966],[-6.2619485430971285,53.359038584920626]]]}},{"id":"84","type":"Feature","properties":{},"geometry":{"type":"Polygon","coordinates":[[[-6.276328572173429,53.4055472122107],[-6.277183826233708,53.404803735676204],[-6.279376462028182,53.40480246277973],[-6.281134751008081,53.40418455548387],[-6.281799521186746,53.40343467435159],[-6.283120158497327,53.40423802845186],[-6.280989769178947,53.40459236148823],[-6.2814638441513235,53.405194813708114],[-6.2805325984998674,53.40532416496571],[-6.280562607752485,53.40579483251212],[-6.276328572173429,53.4055472122107]]]}},{"id":"88","type":"Feature","properties":{},"geometry":{"type":"Polygon","coordinates":[[[-6.2640503768369875,53.355000117840476],[-6.2614649149155435,53.35259297749394],[-6.262969309697045,53.351844230161355],[-6.266916232957751,53.354210289072576],[-6.265861511089927,53.3552978760386],[-6.2648772864963735,53.354675127706386],[-6.2640503768369875,53.355000117840476]]]}},{"id":"102","type":"Feature","properties":{},"geometry":{"type":"Polygon","coordinates":[[[-6.24080795638228,53.32492328536658],[-6.244590511049982,53.323077241093344],[-6.245778264907956,53.32271054286856],[-6.246730273658266,53.32393641431519],[-6.244180284099035,53.324738786788174],[-6.24377652638518,53.3243465673598],[-6.241442303712378,53.325392833420814],[-6.24080795638228,53.32492328536658]]]}},{"id":"103","type":"Feature","properties":{},"geometry":{"type":"Polygon","coordinates":[[[-6.269101678290499,53.33119875253422],[-6.270060964051154,53.331170917990065],[-6.270170223437867,53.332382051779746],[-6.269140468828081,53.33243858865013],[-6.269101678290499,53.33119875253422]]]}},{"id":"105","type":"Feature","properties":{},"geometry":{"type":"Polygon","coordinates":[[[-6.270473027983745,53.31719058857221],[-6.271530685419774,53.315695724219395],[-6.2727732194689265,53.31601615732032],[-6.273224547167726,53.3169259372488],[-6.271680877357118,53.31749585217497],[-6.270473027983745,53.31719058857221]]]}},{"id":"108","type":"Feature","properties":{},"geometry":{"type":"Polygon","coordinates":[[[-6.275448345461334,53.346149060508836],[-6.275737718600616,53.345544614100284],[-6.277521897672434,53.345869293757815],[-6.277038667102029,53.34686706811974],[-6.275448345461334,53.346149060508836]]]}},{"id":"110","type":"Feature","properties":{},"geometry":{"type":"Polygon","coordinates":[[[-6.252700453230764,53.324322802784486],[-6.2529683282435515,53.321104564002106],[-6.254069150873082,53.32108553694141],[-6.25405610357911,53.32380041606186],[-6.2532977901447495,53.3245734585703],[-6.252700453230764,53.324322802784486]]]}},{"id":"113","type":"Feature","properties":{},"geometry":{"type":"Polygon","coordinates":[[[-6.226324934964797,53.340115607874445],[-6.22792261402456,53.339791813888056],[-6.22835456350616,53.34050663162016],[-6.226766490596789,53.34083256067973],[-6.226324934964797,53.340115607874445]]]}},{"id":"133","type":"Feature","properties":{},"geometry":{"type":"Polygon","coordinates":[[[-6.267616950477018,53.31983817618261],[-6.267402256457824,53.3183930991386],[-6.268278176511583,53.318110181675266],[-6.267994873848831,53.31881187994541],[-6.269122389150527,53.319093325572176],[-6.2684474332407225,53.32003903116656],[-6.267616950477018,53.31983817618261]]]}},{"id":"142","type":"Feature","properties":{},"geometry":{"type":"Polygon","coordinates":[[[-6.261620695785817,53.317383330476915],[-6.263850558814382,53.31706665572104],[-6.263999976682653,53.316307552255886],[-6.262290135419253,53.31573375576103],[-6.264726573718287,53.31509321154751],[-6.264880445877183,53.31753290137607],[-6.261620695785817,53.317383330476915]]]}},{"id":"162","type":"Feature","properties":{},"geometry":{"type":"Polygon","coordinates":[[[-6.238176835987456,53.32288622783748],[-6.232647453583785,53.3196869996934],[-6.235526513716692,53.31879241916953],[-6.235913793806399,53.31936852000256],[-6.23708379738093,53.319154642694826],[-6.237390284871433,53.31991646261026],[-6.238790789316249,53.3199200730165],[-6.237777668970505,53.320740776184095],[-6.238881039715201,53.32184813851141],[-6.238176835987456,53.32288622783748]]]}},{"id":"166","type":"Feature","properties":{},"geometry":{"type":"Polygon","coordinates":[[[-6.2597641665022135,53.35878607235903],[-6.260241683163001,53.35861317467879],[-6.260831778514086,53.359204528996386],[-6.2597641665022135,53.35878607235903]]]}},{"id":"168","type":"Feature","properties":{},"geometry":{"type":"Polygon","coordinates":[[[-6.289705163879967,53.39530779624866],[-6.284824188435887,53.39305015408509],[-6.2856218407454385,53.393032509369235],[-6.2861449018370745,53.390482140593605],[-6.287814265835606,53.39035875516141],[-6.286764197543689,53.39338366888959],[-6.290153469906429,53.39491614862944],[-6.289705163879967,53.39530779624866]]]}},{"id":"169","type":"Feature","properties":{},"geometry":{"type":"Polygon","coordinates":[[[-6.242342376392927,53.31566000665035],[-6.244842647309589,53.31657986978092],[-6.243913378677181,53.317737521553084],[-6.241338372927348,53.31647013297515],[-6.242342376392927,53.31566000665035]]]}},{"id":"170","type":"Feature","properties":{},"geometry":{"type":"Polygon","coordinates":[[[-6.181352678827741,53.40648020612746],[-6.182480971394965,53.40370594150549],[-6.186004479887909,53.40408557889517],[-6.186058931975585,53.40323033993448],[-6.179614262321846,53.40292773246554],[-6.184208355459162,53.3999037287404],[-6.185016335250564,53.40083659906395],[-6.185449203194782,53.40017527956303],[-6.187159506737662,53.40038906299124],[-6.186296168955898,53.40197293532431],[-6.187799654476846,53.40286659324764],[-6.1885002616392235,53.402953419086586],[-6.188863564606615,53.40229183193962],[-6.195770345491846,53.40325285197538],[-6.194881474160136,53.40711580420694],[-6.191968381126134,53.407287688489745],[-6.190390614736145,53.406566762868565],[-6.186210409806043,53.40611913706958],[-6.181352678827741,53.40648020612746]]]}},{"id":"176","type":"Feature","properties":{},"geometry":{"type":"Polygon","coordinates":[[[-6.276395903206325,53.34857054576904],[-6.277842382078528,53.348976383690676],[-6.2776415482685834,53.34975889065746],[-6.275682251497086,53.349950493821645],[-6.276395903206325,53.34857054576904]]]}},{"id":"179","type":"Feature","properties":{},"geometry":{"type":"Polygon","coordinates":[[[-6.272455592495892,53.337562796672856],[-6.272996814187056,53.33631045484017],[-6.275016951293068,53.336415200210105],[-6.274596553101074,53.33773264650252],[-6.272455592495892,53.337562796672856]]]}},{"id":"199","type":"Feature","properties":{},"geometry":{"type":"Polygon","coordinates":[[[-6.181512112852721,53.3797319459575],[-6.1802878489272315,53.37910495673917],[-6.18328844409056,53.37813620092016],[-6.187673097863683,53.377410448964355],[-6.1880850306235855,53.378116217132856],[-6.1844148164881405,53.37884037064832],[-6.184614838385258,53.37922381987196],[-6.182135177401514,53.37929814988736],[-6.181512112852721,53.3797319459575]]]}},{"id":"201","type":"Feature","properties":{},"geometry":{"type":"Polygon","coordinates":[[[-6.259316041169969,53.34323800809334],[-6.260886861040668,53.343794621610854],[-6.26171696473094,53.34353807323813],[-6.2623583118748485,53.34424479472908],[-6.263776994947173,53.34418059186663],[-6.2634238929831145,53.34557448835871],[-6.261795440666355,53.345672329840404],[-6.261825001348958,53.34662664279092],[-6.2590885836211605,53.34727056059487],[-6.259316041169969,53.34323800809334]]]}},{"id":"211","type":"Feature","properties":{},"geometry":{"type":"Polygon","coordinates":[[[-6.212671638061696,53.37024806467641],[-6.2122879635088255,53.36968280551504],[-6.213523382180626,53.36929997637821],[-6.214166802739679,53.369652989829966],[-6.212671638061696,53.37024806467641]]]}},{"id":"214","type":"Feature","properties":{},"geometry":{"type":"Polygon","coordinates":[[[-6.2755639155877,53.337773903269515],[-6.2789396722331405,53.33795041683582],[-6.279457241584758,53.33867310134649],[-6.275274359212641,53.338997762208216],[-6.2755639155877,53.337773903269515]]]}},{"id":"220","type":"Feature","properties":{},"geometry":{"type":"Polygon","coordinates":[[[-6.2908050124007575,53.38244674502067],[-6.28908199630703,53.38138856169629],[-6.288103168532669,53.381644526847204],[-6.288297121748289,53.38075514788708],[-6.288931083524244,53.38055719885481],[-6.291426007950741,53.38211531363439],[-6.2908050124007575,53.38244674502067]]]}},{"id":"232","type":"Feature","properties":{},"geometry":{"type":"Polygon","coordinates":[[[-6.267930151692672,53.32989012745353],[-6.267477636976247,53.3291692336737],[-6.270081819541357,53.329352491742206],[-6.270212578928341,53.32976171082814],[-6.267930151692672,53.32989012745353]]]}},{"id":"243","type":"Feature","properties":{},"geometry":{"type":"Polygon","coordinates":[[[-6.320814711259369,53.33732017153565],[-6.321147516260534,53.3366365059272],[-6.320488104835597,53.33712626780418],[-6.317995469903457,53.337152907309274],[-6.317659251447301,53.335577610706416],[-6.327105998215131,53.33448132334136],[-6.323008399538505,53.33741872596114],[-6.320814711259369,53.33732017153565]]]}},{"id":"248","type":"Feature","properties":{},"geometry":{"type":"Polygon","coordinates":[[[-6.275577428237584,53.40548898011514],[-6.275310150981622,53.40461012718645],[-6.273588604573415,53.404273566896414],[-6.273888777877328,53.40342328181058],[-6.277183826233708,53.404803735676204],[-6.275577428237584,53.40548898011514]]]}},{"id":"250","type":"Feature","properties":{},"geometry":{"type":"Polygon","coordinates":[[[-6.155852899400619,53.39931127430262],[-6.15238654902247,53.39923052888342],[-6.150375712903965,53.3979103102303],[-6.156082993683111,53.39827423908464],[-6.155852899400619,53.39931127430262]]]}},{"id":"253","type":"Feature","properties":{},"geometry":{"type":"Polygon","coordinates":[[[-6.262517294922271,53.32053039152158],[-6.263324490797383,53.32033709147145],[-6.264823492281398,53.322574071132344],[-6.26362416511244,53.32275160710833],[-6.262517294922271,53.32053039152158]]]}},{"id":"267","type":"Feature","properties":{},"geometry":{"type":"Polygon","coordinates":[[[-6.291506946029586,53.33772691405989],[-6.292763446816536,53.33757521575832],[-6.293058153083046,53.338467787759576],[-6.291865240951711,53.33860330444305],[-6.291506946029586,53.33772691405989]]]}},{"id":"268","type":"Feature","properties":{},"geometry":{"type":"Polygon","coordinates":[[[-6.154612125443421,53.39557820489901],[-6.151839336455465,53.39525642018453],[-6.154476888718028,53.3925599983464],[-6.15467899454007,53.39320745108075],[-6.155797282018632,53.39352551511389],[-6.154612125443421,53.39557820489901]]]}},{"id":"283","type":"Feature","properties":{},"geometry":{"type":"Polygon","coordinates":[[[-6.314825130961979,53.326364872418935],[-6.314073665875838,53.3253836413269],[-6.312446934206317,53.325576289557596],[-6.312387332237686,53.32515490339633],[-6.317459696013184,53.325242691483844],[-6.314825130961979,53.326364872418935]]]}},{"id":"308","type":"Feature","properties":{},"geometry":{"type":"Polygon","coordinates":[[[-6.1852032818894545,53.38286504118317],[-6.186516403948123,53.381419067050516],[-6.190057923858349,53.38388417053607],[-6.188046892310025,53.38482615859033],[-6.1852032818894545,53.38286504118317]]]}},{"id":"316","type":"Feature","properties":{},"geometry":{"type":"Polygon","coordinates":[[[-6.251729764527674,53.31052014044328],[-6.2514086377109095,53.30801159614112],[-6.254547797379715,53.307857054643314],[-6.255218725855396,53.30832576338748],[-6.255078573699054,53.310199077053156],[-6.251729764527674,53.31052014044328]]]}},{"id":"321","type":"Feature","properties":{},"geometry":{"type":"Polygon","coordinates":[[[-6.245314888544143,53.3219070519296],[-6.243109018317653,53.319746568432215],[-6.244124220842542,53.318958334577225],[-6.2458380451306175,53.319287765647026],[-6.24639268261076,53.317836673758165],[-6.246866933371555,53.317979609537865],[-6.245074623507306,53.3205900310391],[-6.247654895005573,53.32215188339899],[-6.245314888544143,53.3219070519296]]]}},{"id":"325","type":"Feature","properties":{},"geometry":{"type":"Polygon","coordinates":[[[-6.241154639869471,53.342741083493635],[-6.2372574588742955,53.3422654007535],[-6.237805244526936,53.339655019693865],[-6.238959465965809,53.3401989307303],[-6.2387423165912,53.338603078294994],[-6.241763975562474,53.339705510204574],[-6.24149888977448,53.34094581447742],[-6.242649234632943,53.34105132511411],[-6.242266766032259,53.341420469358326],[-6.241467946822509,53.34111929700183],[-6.241154639869471,53.342741083493635]]]}},{"id":"331","type":"Feature","properties":{},"geometry":{"type":"Polygon","coordinates":[[[-6.227381521382851,53.34556370434619],[-6.226622940392126,53.34484628617137],[-6.226431464656533,53.34332929292159],[-6.227390419395669,53.34331067509466],[-6.227381521382851,53.34556370434619]]]}},{"id":"332","type":"Feature","properties":{},"geometry":{"type":"Polygon","coordinates":[[[-6.2911059984082165,53.36134665848449],[-6.2914832910956475,53.36045339964442],[-6.288372205415608,53.35890984103577],[-6.288595963925231,53.358409692179684],[-6.29336632955958,53.36035187942234],[-6.292785830955079,53.36141127518807],[-6.2911059984082165,53.36134665848449]]]}},{"id":"346","type":"Feature","properties":{},"geometry":{"type":"Polygon","coordinates":[[[-6.266610120393712,53.34004645924017],[-6.268848817904088,53.33997637494212],[-6.269094653955067,53.34058083306972],[-6.266397833322607,53.340746766458125],[-6.266610120393712,53.34004645924017]]]}},{"id":"360","type":"Feature","properties":{},"geometry":{"type":"Polygon","coordinates":[[[-6.290051716478857,53.377517185542814],[-6.287492095992359,53.37680610479151],[-6.286466909790679,53.37594935501462],[-6.288761818890451,53.37551937118526],[-6.290922626607826,53.37607354514748],[-6.290051716478857,53.377517185542814]]]}},{"id":"367","type":"Feature","properties":{},"geometry":{"type":"Polygon","coordinates":[[[-6.285539229324966,53.36221615385861],[-6.28560161540274,53.36162747848325],[-6.290181907280424,53.36210492866178],[-6.287579928640393,53.36277753960303],[-6.285539229324966,53.36221615385861]]]}},{"id":"368","type":"Feature","properties":{},"geometry":{"type":"Polygon","coordinates":[[[-6.274608047050746,53.35015372586306],[-6.2750178609958684,53.34706301141028],[-6.276952860992205,53.347096759978314],[-6.275682251497086,53.349950493821645],[-6.274608047050746,53.35015372586306]]]}},{"id":"369","type":"Feature","properties":{},"geometry":{"type":"Polygon","coordinates":[[[-6.280194187575127,53.35866714966305],[-6.281815807108943,53.35821817853277],[-6.282433155388115,53.35867560672849],[-6.280591603216876,53.359183390158805],[-6.280194187575127,53.35866714966305]]]}},{"id":"374","type":"Feature","properties":{},"geometry":{"type":"Polygon","coordinates":[[[-6.265657821012961,53.32250380202087],[-6.265947233567461,53.3217714766566],[-6.267556906534504,53.3213218391575],[-6.268128243468669,53.32246909485016],[-6.265657821012961,53.32250380202087]]]}},{"id":"379","type":"Feature","properties":{},"geometry":{"type":"Polygon","coordinates":[[[-6.251408125701707,53.33242812978178],[-6.251321558872192,53.33096484803523],[-6.248369982085758,53.329257423563305],[-6.250628289215759,53.329759583043234],[-6.2519689051181295,53.330687092580916],[-6.2527637582405635,53.33205654955637],[-6.251408125701707,53.33242812978178]]]}},{"id":"392","type":"Feature","properties":{},"geometry":{"type":"Polygon","coordinates":[[[-6.162096530477676,53.39709503374331],[-6.1632122246849015,53.39536431067504],[-6.164850735473079,53.39462214716792],[-6.167670970778624,53.395590417793564],[-6.168057342052199,53.3969557197308],[-6.162096530477676,53.39709503374331]]]}},{"id":"402","type":"Feature","properties":{},"geometry":{"type":"Polygon","coordinates":[[[-6.272593720306974,53.35564875797021],[-6.270389549870913,53.35443582925969],[-6.270473898217712,53.35381786242135],[-6.273066862474532,53.354437487483786],[-6.272593720306974,53.35564875797021]]]}},{"id":"406","type":"Feature","properties":{},"geometry":{"type":"Polygon","coordinates":[[[-6.303661337171166,53.335912627835754],[-6.306248733246438,53.336906637731275],[-6.304034048679133,53.33718203588483],[-6.303661337171166,53.335912627835754]]]}},{"id":"411","type":"Feature","properties":{},"geometry":{"type":"Polygon","coordinates":[[[-6.247890560120388,53.327946902437006],[-6.250461502979357,53.326351489989065],[-6.252163965045265,53.32896793847592],[-6.24985219714463,53.328934996034754],[-6.247890560120388,53.327946902437006]]]}},{"id":"412","type":"Feature","properties":{},"geometry":{"type":"Polygon","coordinates":[[[-6.270069199149535,53.3416269558861],[-6.27000391216422,53.34209479290362],[-6.269351977428436,53.34217965883505],[-6.26904060988852,53.3416848044384],[-6.270069199149535,53.3416269558861]]]}},{"id":"444","type":"Feature","properties":{},"geometry":{"type":"Polygon","coordinates":[[[-6.304914705338803,53.32852420967979],[-6.303095947055581,53.32606037713477],[-6.306061798224927,53.326245908906174],[-6.306244383683585,53.32824006205874],[-6.304914705338803,53.32852420967979]]]}},{"id":"448","type":"Feature","properties":{},"geometry":{"type":"Polygon","coordinates":[[[-6.321388686513281,53.31820860978056],[-6.321490886259951,53.31770307586083],[-6.32664301489888,53.3180190262798],[-6.3266789414344204,53.318784962799555],[-6.325534863744106,53.319288048891785],[-6.321388686513281,53.31820860978056]]]}},{"id":"449","type":"Feature","properties":{},"geometry":{"type":"Polygon","coordinates":[[[-6.243392880001941,53.34702096457687],[-6.240277912130403,53.34680811800626],[-6.241154639869471,53.342741083493635],[-6.241857663423548,53.34282916624651],[-6.2421988517328675,53.34447442188761],[-6.2439263076559675,53.344796289657154],[-6.243392880001941,53.34702096457687]]]}},{"id":"451","type":"Feature","properties":{},"geometry":{"type":"Polygon","coordinates":[[[-6.258051538571175,53.32524856058609],[-6.260569859117564,53.32519453004926],[-6.260937074176863,53.32606172131152],[-6.258689016248928,53.32614177142564],[-6.258051538571175,53.32524856058609]]]}},{"id":"452","type":"Feature","properties":{},"geometry":{"type":"Polygon","coordinates":[[[-6.261026960756472,53.357870394288014],[-6.262214159227405,53.3582403739086],[-6.263282643582952,53.35728251040512],[-6.26381848092484,53.357506894251664],[-6.2621631069453,53.35883553208907],[-6.261026960756472,53.357870394288014]]]}},{"id":"460","type":"Feature","properties":{},"geometry":{"type":"Polygon","coordinates":[[[-6.179408601377155,53.36217021152776],[-6.1798184634633735,53.36304176763119],[-6.177241738534598,53.364805073897806],[-6.176344825888944,53.364360412612676],[-6.179408601377155,53.36217021152776]]]}},{"id":"464","type":"Feature","properties":{},"geometry":{"type":"Polygon","coordinates":[[[-6.2525894010347205,53.38783631109547],[-6.250582143772651,53.387057995694526],[-6.2508505790497075,53.38536070337957],[-6.254517249217881,53.386810281295524],[-6.2525894010347205,53.38783631109547]]]}},{"id":"476","type":"Feature","properties":{},"geometry":{"type":"MultiPolygon","coordinates":[[[[-6.31538796497265,53.38985305207158],[-6.315477099743774,53.389025858194884],[-6.318818768144868,53.38979302358141],[-6.31952238320824,53.388767939030146],[-6.321008047321289,53.389151922815586],[-6.319213677896175,53.39136754354115],[-6.3185052627517715,53.390525154304385],[-6.31538796497265,53.38985305207158]]],[[[-6.31538796497265,53.38985305207158],[-6.315383308666247,53.389896260783374],[-6.312401962812186,53.38920916130307],[-6.31538796497265,53.38985305207158]]]]}},{"id":"480","type":"Feature","properties":{},"geometry":{"type":"Polygon","coordinates":[[[-6.251532607370227,53.374335158619694],[-6.25199101792568,53.373429016581106],[-6.253573457612105,53.37376413337039],[-6.252901232998343,53.37509128115571],[-6.253784711268605,53.375620441659116],[-6.252412295580155,53.37542108591592],[-6.251532607370227,53.374335158619694]]]}},{"id":"485","type":"Feature","properties":{},"geometry":{"type":"Polygon","coordinates":[[[-6.223222351954012,53.37570078374114],[-6.223696646771417,53.37351029213715],[-6.22695694535235,53.37446154115014],[-6.22577029269691,53.3745336610058],[-6.225427023747543,53.37518827653437],[-6.224323675749864,53.374892999842785],[-6.223222351954012,53.37570078374114]]]}},{"id":"489","type":"Feature","properties":{},"geometry":{"type":"Polygon","coordinates":[[[-6.2667158371891585,53.3908719056472],[-6.265056516255826,53.38974852545485],[-6.278738206182615,53.3910263422227],[-6.27870896282198,53.391617620325384],[-6.266839446450888,53.390418204379664],[-6.2667158371891585,53.3908719056472]]]}},{"id":"492","type":"Feature","properties":{},"geometry":{"type":"Polygon","coordinates":[[[-6.270592565472104,53.34059623749941],[-6.269239477099676,53.33923617361565],[-6.26930448382999,53.33818350319624],[-6.270746892307226,53.33835418856738],[-6.270817984304841,53.33744633221654],[-6.272455592495892,53.337562796672856],[-6.272233466051742,53.340621981022544],[-6.270592565472104,53.34059623749941]]]}},{"id":"506","type":"Feature","properties":{},"geometry":{"type":"Polygon","coordinates":[[[-6.255703645473174,53.360569795025484],[-6.256223893723933,53.359600095589485],[-6.257791496479508,53.359716712401486],[-6.257287124302609,53.36069253750119],[-6.259821450969449,53.361269707478264],[-6.259538169014227,53.36160252259046],[-6.255703645473174,53.360569795025484]]]}},{"id":"507","type":"Feature","properties":{},"geometry":{"type":"Polygon","coordinates":[[[-6.296009259480303,53.308176745893356],[-6.301200911595474,53.30704311271617],[-6.302010869660129,53.30846470210818],[-6.29669897784568,53.30926333881187],[-6.296009259480303,53.308176745893356]]]}},{"id":"510","type":"Feature","properties":{},"geometry":{"type":"Polygon","coordinates":[[[-6.266586603373172,53.37179448628059],[-6.269641035986956,53.368815980869854],[-6.271232157184278,53.36922120453666],[-6.270970467511592,53.36980018168726],[-6.27182468198303,53.3700605085187],[-6.270909589430636,53.371384372086816],[-6.273010435675573,53.371316291664996],[-6.2735096730016835,53.37181648326458],[-6.272502072602831,53.37220494502937],[-6.269287702183664,53.37156480147237],[-6.267845932312379,53.37213422035295],[-6.266586603373172,53.37179448628059]]]}},{"id":"517","type":"Feature","properties":{},"geometry":{"type":"Polygon","coordinates":[[[-6.15768930090228,53.408308891297516],[-6.158109757448747,53.407857162773105],[-6.160367314520611,53.40806841958071],[-6.160149343577849,53.408624253310805],[-6.15768930090228,53.408308891297516]]]}},{"id":"523","type":"Feature","properties":{},"geometry":{"type":"Polygon","coordinates":[[[-6.254174022565246,53.35714097863448],[-6.252570843702622,53.355774049684506],[-6.25436080017794,53.3550880948291],[-6.255425536660212,53.356681574237925],[-6.254174022565246,53.35714097863448]]]}},{"id":"533","type":"Feature","properties":{},"geometry":{"type":"Polygon","coordinates":[[[-6.323390001126388,53.32840074536478],[-6.326137130886989,53.32781906808844],[-6.3269921964948,53.32916044974243],[-6.325152832277655,53.32958832717739],[-6.324613482407465,53.328731042859395],[-6.323390001126388,53.32840074536478]]]}},{"id":"535","type":"Feature","properties":{},"geometry":{"type":"Polygon","coordinates":[[[-6.27026208795698,53.34708193606413],[-6.272605593014253,53.346791301412075],[-6.2750178609958684,53.34706301141028],[-6.274751559517434,53.348006892428785],[-6.270362419553451,53.34823881965593],[-6.27026208795698,53.34708193606413]]]}},{"id":"559","type":"Feature","properties":{},"geometry":{"type":"Polygon","coordinates":[[[-6.275880101342444,53.31448089576453],[-6.277582441739251,53.31419234533238],[-6.276989631558885,53.31234978947745],[-6.27809261560412,53.312082439640314],[-6.27909888062368,53.3149743884297],[-6.27636860575693,53.31544297274262],[-6.275880101342444,53.31448089576453]]]}},{"id":"567","type":"Feature","properties":{},"geometry":{"type":"Polygon","coordinates":[[[-6.242307666752865,53.33177490617425],[-6.242871644433519,53.330235184170306],[-6.244470969438574,53.33048501746928],[-6.243738914440475,53.33217003751042],[-6.242307666752865,53.33177490617425]]]}},{"id":"581","type":"Feature","properties":{},"geometry":{"type":"Polygon","coordinates":[[[-6.287243521369262,53.354954123884696],[-6.283018273336703,53.35364005754676],[-6.283704749140793,53.35296055760236],[-6.283210879942761,53.352625603725855],[-6.2840024280836975,53.35246664815968],[-6.287243521369262,53.354954123884696]]]}},{"id":"584","type":"Feature","properties":{},"geometry":{"type":"Polygon","coordinates":[[[-6.234051752272801,53.33931306473721],[-6.234509185091038,53.33895761224514],[-6.236540875466318,53.339719432367666],[-6.23638565871349,53.34041726129009],[-6.234051752272801,53.33931306473721]]]}},{"id":"604","type":"Feature","properties":{},"geometry":{"type":"Polygon","coordinates":[[[-6.192120037349842,53.36504608058466],[-6.192044753124968,53.36390630779954],[-6.190324732423603,53.364316530899806],[-6.188073945115424,53.36402232924989],[-6.1883695344057195,53.363203795535924],[-6.191192967815524,53.36317252876092],[-6.191177886071243,53.36181609038346],[-6.195563763072311,53.36246042478792],[-6.195450913830968,53.363146332143295],[-6.193577022314459,53.36308329391253],[-6.1935248570726795,53.36387905501924],[-6.195323778146005,53.36403544378466],[-6.195272545073247,53.36463008194601],[-6.192120037349842,53.36504608058466]]]}},{"id":"621","type":"Feature","properties":{},"geometry":{"type":"Polygon","coordinates":[[[-6.265239730836384,53.356033258800565],[-6.2640503768369875,53.355000117840476],[-6.2648772864963735,53.354675127706386],[-6.265861511089927,53.3552978760386],[-6.265239730836384,53.356033258800565]]]}},{"id":"628","type":"Feature","properties":{},"geometry":{"type":"Polygon","coordinates":[[[-6.276530004252661,53.3614644545986],[-6.276923728687425,53.36084331242493],[-6.274727603142014,53.360770145648445],[-6.278338761852622,53.359813912189274],[-6.279632609579797,53.36146313424802],[-6.277079918344191,53.36091284337669],[-6.276530004252661,53.3614644545986]]]}},{"id":"632","type":"Feature","properties":{},"geometry":{"type":"Polygon","coordinates":[[[-6.218940315260792,53.386294651845226],[-6.219231100497799,53.385679610474874],[-6.220924512310744,53.38592535991791],[-6.221055093904039,53.38455611624078],[-6.2221931480770625,53.3847036513597],[-6.221256894245718,53.38659831930174],[-6.218940315260792,53.386294651845226]]]}},{"id":"634","type":"Feature","properties":{},"geometry":{"type":"Polygon","coordinates":[[[-6.264732354541441,53.35730317026299],[-6.265488652819845,53.35637840705933],[-6.267074997272838,53.35699642279341],[-6.2665599837427814,53.357730801172025],[-6.264732354541441,53.35730317026299]]]}},{"id":"643","type":"Feature","properties":{},"geometry":{"type":"Polygon","coordinates":[[[-6.220240706355484,53.37281491164604],[-6.221500335043801,53.37321455313489],[-6.220074168241866,53.37432095111203],[-6.218575652213067,53.37400592070581],[-6.220240706355484,53.37281491164604]]]}},{"id":"655","type":"Feature","properties":{},"geometry":{"type":"Polygon","coordinates":[[[-6.277077200110199,53.34288412859821],[-6.2812190919032105,53.34319148350253],[-6.281067703677185,53.34385038543],[-6.277816762601966,53.34416312543679],[-6.277077200110199,53.34288412859821]]]}},{"id":"680","type":"Feature","properties":{},"geometry":{"type":"Polygon","coordinates":[[[-6.28048686217981,53.34642646836454],[-6.280787576166081,53.345374216341234],[-6.28238308098225,53.34561441149886],[-6.282057213453585,53.34658488292956],[-6.28048686217981,53.34642646836454]]]}},{"id":"700","type":"Feature","properties":{},"geometry":{"type":"Polygon","coordinates":[[[-6.20880274732858,53.39316039224376],[-6.204413249768114,53.39169312217564],[-6.205131781868535,53.39041423108617],[-6.209774121903742,53.391500792190996],[-6.20880274732858,53.39316039224376]]]}},{"id":"703","type":"Feature","properties":{},"geometry":{"type":"Polygon","coordinates":[[[-6.27871061977143,53.33937727167189],[-6.277788759506053,53.33881857852012],[-6.279457241584758,53.33867310134649],[-6.27871061977143,53.33937727167189]]]}},{"id":"705","type":"Feature","properties":{},"geometry":{"type":"Polygon","coordinates":[[[-6.253784711268605,53.375620441659116],[-6.252901232998343,53.37509128115571],[-6.253573457612105,53.37376413337039],[-6.254967893562087,53.374448246784844],[-6.253784711268605,53.375620441659116]]]}},{"id":"710","type":"Feature","properties":{},"geometry":{"type":"Polygon","coordinates":[[[-6.275799810788953,53.32588347325134],[-6.275318389563833,53.324707217228685],[-6.276176341429276,53.3243025431973],[-6.2783815189988985,53.32512342220393],[-6.278114257182445,53.32611235882296],[-6.275799810788953,53.32588347325134]]]}},{"id":"716","type":"Feature","properties":{},"geometry":{"type":"Polygon","coordinates":[[[-6.272996814187056,53.33631045484017],[-6.273755240932478,53.33514879793351],[-6.275136741820194,53.33557603182716],[-6.275016951293068,53.336415200210105],[-6.272996814187056,53.33631045484017]]]}},{"id":"726","type":"Feature","properties":{},"geometry":{"type":"Polygon","coordinates":[[[-6.2071955526152385,53.38743083436658],[-6.208056158913261,53.38554395436711],[-6.206250096896947,53.384710661806736],[-6.206501246218924,53.38400656626778],[-6.205577791401614,53.383406066429956],[-6.202244454546862,53.387037312972154],[-6.201079336384046,53.38677225206221],[-6.203894409705205,53.383494580663154],[-6.205807478740785,53.38293250089845],[-6.208947068885192,53.38567930448761],[-6.2071955526152385,53.38743083436658]]]}},{"id":"727","type":"Feature","properties":{},"geometry":{"type":"Polygon","coordinates":[[[-6.262693001107157,53.370596536164335],[-6.263954004959256,53.36983035344834],[-6.263194974379617,53.36918319605686],[-6.265855392186007,53.3698425834671],[-6.265328077617353,53.3710800826243],[-6.263907104407544,53.371649038319326],[-6.262693001107157,53.370596536164335]]]}},{"id":"742","type":"Feature","properties":{},"geometry":{"type":"Polygon","coordinates":[[[-6.269641035986956,53.368815980869854],[-6.27089172834942,53.36678209650938],[-6.27161132102659,53.36556195499339],[-6.270822242651843,53.368469813285856],[-6.2735821626230495,53.36889307692442],[-6.27182468198303,53.3700605085187],[-6.270970467511592,53.36980018168726],[-6.271232157184278,53.36922120453666],[-6.269641035986956,53.368815980869854]]]}},{"id":"750","type":"Feature","properties":{},"geometry":{"type":"Polygon","coordinates":[[[-6.279380821191772,53.31372301174156],[-6.282213862545818,53.31348878475518],[-6.282328609615034,53.31471151957345],[-6.279796613274396,53.314872182889374],[-6.279380821191772,53.31372301174156]]]}},{"id":"755","type":"Feature","properties":{},"geometry":{"type":"Polygon","coordinates":[[[-6.296183835328894,53.33699874154198],[-6.296884879121736,53.33685534318434],[-6.295909777448239,53.33812796315436],[-6.296183835328894,53.33699874154198]]]}},{"id":"774","type":"Feature","properties":{},"geometry":{"type":"Polygon","coordinates":[[[-6.24932826561359,53.363345084347905],[-6.248372445800783,53.36299679019324],[-6.250167116083292,53.36323632719841],[-6.249174616759845,53.363837041087955],[-6.24932826561359,53.363345084347905]]]}},{"id":"777","type":"Feature","properties":{},"geometry":{"type":"Polygon","coordinates":[[[-6.298142126638624,53.33610863340482],[-6.299336208612333,53.33769211227443],[-6.297630620816936,53.33791612689565],[-6.298142126638624,53.33610863340482]]]}},{"id":"779","type":"Feature","properties":{},"geometry":{"type":"Polygon","coordinates":[[[-6.262622501203808,53.325019254550014],[-6.264041470791369,53.324880850591015],[-6.263879042805037,53.326134066556854],[-6.26339139577008,53.32531495273488],[-6.262622501203808,53.325019254550014]]]}},{"id":"803","type":"Feature","properties":{},"geometry":{"type":"Polygon","coordinates":[[[-6.217317624733241,53.384286559318596],[-6.218163614406576,53.38221789434409],[-6.220655843817828,53.38255995207613],[-6.219364247063622,53.384404717938125],[-6.217317624733241,53.384286559318596]]]}},{"id":"811","type":"Feature","properties":{},"geometry":{"type":"Polygon","coordinates":[[[-6.3057213913850685,53.334492603556626],[-6.305793085308876,53.333283512954495],[-6.308006729664166,53.33341893112472],[-6.308271352821619,53.33411719196679],[-6.3057213913850685,53.334492603556626]]]}},{"id":"822","type":"Feature","properties":{},"geometry":{"type":"Polygon","coordinates":[[[-6.259663083053021,53.353707084877165],[-6.261912305210046,53.35537911968941],[-6.261481937720491,53.355581715437815],[-6.2596758047511845,53.35446481482033],[-6.259663083053021,53.353707084877165]]]}},{"id":"828","type":"Feature","properties":{},"geometry":{"type":"Polygon","coordinates":[[[-6.262032450872799,53.389130600815314],[-6.2508505790497075,53.38536070337957],[-6.2512491746764525,53.384978385041244],[-6.26279162091437,53.38874503633765],[-6.262032450872799,53.389130600815314]]]}},{"id":"835","type":"Feature","properties":{},"geometry":{"type":"Polygon","coordinates":[[[-6.19971246587431,53.37974666732825],[-6.1957777267183465,53.376904785254226],[-6.198472688880777,53.37562584576913],[-6.199767198619368,53.37640978655224],[-6.199138057365383,53.37801016354143],[-6.200909140777534,53.37838468035657],[-6.19971246587431,53.37974666732825]]]}},{"id":"844","type":"Feature","properties":{},"geometry":{"type":"Polygon","coordinates":[[[-6.263907104407544,53.371649038319326],[-6.265328077617353,53.3710800826243],[-6.265832547030111,53.370152268143556],[-6.268118836819537,53.370513093204565],[-6.265879486588188,53.372584789945506],[-6.263907104407544,53.371649038319326]]]}},{"id":"848","type":"Feature","properties":{},"geometry":{"type":"Polygon","coordinates":[[[-6.280089372610286,53.33276454883519],[-6.281400039335726,53.33159428491836],[-6.281382032477463,53.33029023860757],[-6.284022922634342,53.33068906528808],[-6.282427858395593,53.33285214266151],[-6.280089372610286,53.33276454883519]]]}},{"id":"849","type":"Feature","properties":{},"geometry":{"type":"Polygon","coordinates":[[[-6.288971016499909,53.363791994719506],[-6.289880356492839,53.361784650534354],[-6.292531761704324,53.36187406586252],[-6.291210749148921,53.36428475203551],[-6.289378629612591,53.36345216705394],[-6.288971016499909,53.363791994719506]]]}},{"id":"860","type":"Feature","properties":{},"geometry":{"type":"Polygon","coordinates":[[[-6.17043013763165,53.40417395415049],[-6.170445819349588,53.40337436133061],[-6.172042925053527,53.40341347095892],[-6.172003857694859,53.4042066890138],[-6.17043013763165,53.40417395415049]]]}},{"id":"861","type":"Feature","properties":{},"geometry":{"type":"Polygon","coordinates":[[[-6.277643201825788,53.375515122181504],[-6.276700464600454,53.37758650729464],[-6.275031730939926,53.37711046346677],[-6.275561450654684,53.375829600288284],[-6.277643201825788,53.375515122181504]]]}},{"id":"875","type":"Feature","properties":{},"geometry":{"type":"Polygon","coordinates":[[[-6.341922529895645,53.33929067652555],[-6.346518218819748,53.33840302369798],[-6.346698705430379,53.338958979681635],[-6.343256429707031,53.33962572935341],[-6.342213296781894,53.33982062391045],[-6.341922529895645,53.33929067652555]]]}},{"id":"885","type":"Feature","properties":{},"geometry":{"type":"Polygon","coordinates":[[[-6.277066290978169,53.4041438222669],[-6.277330165317439,53.4037926307012],[-6.275472819678272,53.40263815185155],[-6.278368041063812,53.4014025902627],[-6.2801742957146764,53.4022090812844],[-6.277066290978169,53.4041438222669]]]}},{"id":"894","type":"Feature","properties":{},"geometry":{"type":"Polygon","coordinates":[[[-6.2882869268033454,53.32864060337321],[-6.287412934880543,53.32772683090306],[-6.290217659417019,53.326951214153944],[-6.292022504440068,53.33038007181269],[-6.2910871356400175,53.33065407006242],[-6.290088772708419,53.32881348139203],[-6.2882869268033454,53.32864060337321]]]}},{"id":"895","type":"Feature","properties":{},"geometry":{"type":"Polygon","coordinates":[[[-6.24868402019665,53.32099775474751],[-6.249063266460653,53.31833480790186],[-6.251338316821381,53.318437860125364],[-6.25193652410885,53.32102701335937],[-6.24868402019665,53.32099775474751]]]}},{"id":"909","type":"Feature","properties":{},"geometry":{"type":"Polygon","coordinates":[[[-6.264340065427816,53.32962974451203],[-6.267504908777879,53.32949176425721],[-6.267930151692672,53.32989012745353],[-6.264272660875871,53.33009250638712],[-6.264340065427816,53.32962974451203]]]}},{"id":"910","type":"Feature","properties":{},"geometry":{"type":"Polygon","coordinates":[[[-6.277502013867719,53.351660354924604],[-6.278311809099392,53.351418120318144],[-6.278552106540361,53.350499778671576],[-6.2777047812490805,53.350544058804566],[-6.27773577233679,53.34974854739942],[-6.280006686272484,53.34987793738486],[-6.279733318026458,53.35166759494325],[-6.277502013867719,53.351660354924604]]]}},{"id":"915","type":"Feature","properties":{},"geometry":{"type":"Polygon","coordinates":[[[-6.1492953385698215,53.40169127648116],[-6.15024064640755,53.40197207753792],[-6.1507868509082,53.4013970893182],[-6.151281235198456,53.401860457080296],[-6.151492273703811,53.40432370298012],[-6.1487978239123,53.40444255148449],[-6.1492953385698215,53.40169127648116]]]}},{"id":"918","type":"Feature","properties":{},"geometry":{"type":"Polygon","coordinates":[[[-6.271802942194531,53.35793839168126],[-6.26923834715794,53.3576493835089],[-6.2679728869990905,53.356487862612866],[-6.272369430259061,53.35692470383265],[-6.271802942194531,53.35793839168126]]]}},{"id":"920","type":"Feature","properties":{},"geometry":{"type":"Polygon","coordinates":[[[-6.218296235560682,53.33447084525915],[-6.220126012602968,53.33337105932094],[-6.220588783855829,53.331611388738246],[-6.2222577706501,53.33189755054331],[-6.221781271457618,53.3340768425725],[-6.2206207290234765,53.333812910601864],[-6.218296235560682,53.33447084525915]]]}},{"id":"927","type":"Feature","properties":{},"geometry":{"type":"Polygon","coordinates":[[[-6.221583086454294,53.39659336038189],[-6.223742700037016,53.393769088699635],[-6.22476306194173,53.39411597358841],[-6.222766656948344,53.396771793576185],[-6.221583086454294,53.39659336038189]]]}},{"id":"936","type":"Feature","properties":{},"geometry":{"type":"Polygon","coordinates":[[[-6.270103450054545,53.34544661499818],[-6.269930718584018,53.34234130892233],[-6.270801258125981,53.34220092512838],[-6.272124060211436,53.34528166250925],[-6.270103450054545,53.34544661499818]]]}},{"id":"938","type":"Feature","properties":{},"geometry":{"type":"Polygon","coordinates":[[[-6.146153733966581,53.386263782491135],[-6.150165458100564,53.383534060979144],[-6.153726123582664,53.38539249962382],[-6.152927180723336,53.385973926466086],[-6.151638571679318,53.38580281392663],[-6.149143102187271,53.3846706536445],[-6.146751209583346,53.386607503772076],[-6.146153733966581,53.386263782491135]]]}},{"id":"946","type":"Feature","properties":{},"geometry":{"type":"Polygon","coordinates":[[[-6.238959465965809,53.3401989307303],[-6.236669496296803,53.339117230574594],[-6.2369043809780695,53.33808354969663],[-6.2387423165912,53.338603078294994],[-6.239165161038183,53.339234661945994],[-6.238959465965809,53.3401989307303]]]}},{"id":"948","type":"Feature","properties":{},"geometry":{"type":"Polygon","coordinates":[[[-6.2619485430971285,53.359038584920626],[-6.26381848092484,53.357506894251664],[-6.264053520416236,53.357578093096905],[-6.263797416162686,53.35948845317093],[-6.2619485430971285,53.359038584920626]]]}},{"id":"962","type":"Feature","properties":{},"geometry":{"type":"Polygon","coordinates":[[[-6.303397431427496,53.31622370383539],[-6.304232418561514,53.31560310376796],[-6.306594263559232,53.31676276928594],[-6.305202941371567,53.317472301695915],[-6.304810045250457,53.31671114315445],[-6.303397431427496,53.31622370383539]]]}},{"id":"971","type":"Feature","properties":{},"geometry":{"type":"Polygon","coordinates":[[[-6.263693442809744,53.33149568993522],[-6.26318728442143,53.33012010419411],[-6.264937627376253,53.33007475559555],[-6.265137739680361,53.33132779076796],[-6.263693442809744,53.33149568993522]]]}},{"id":"974","type":"Feature","properties":{},"geometry":{"type":"Polygon","coordinates":[[[-6.271795254278716,53.34260428811671],[-6.269930718584018,53.34234130892233],[-6.270036987031137,53.341893255818675],[-6.272252109366446,53.341922254537764],[-6.271795254278716,53.34260428811671]]]}},{"id":"982","type":"Feature","properties":{},"geometry":{"type":"Polygon","coordinates":[[[-6.265315639185825,53.38925925211519],[-6.265595026842125,53.38872810074878],[-6.279484267049784,53.390307144417605],[-6.2682615107122865,53.38973435213906],[-6.265315639185825,53.38925925211519]]]}},{"id":"994","type":"Feature","properties":{},"geometry":{"type":"Polygon","coordinates":[[[-6.31910154779017,53.32209017513066],[-6.3266789414344204,53.318784962799555],[-6.3276015613180565,53.31949996985169],[-6.320008999825801,53.322834453199334],[-6.31910154779017,53.32209017513066]]]}},{"id":"998","type":"Feature","properties":{},"geometry":{"type":"Polygon","coordinates":[[[-6.281057039628625,53.340766597380906],[-6.280648389823672,53.340196517107486],[-6.281230146077142,53.340047221634855],[-6.282569926328917,53.34076720076723],[-6.281057039628625,53.340766597380906]]]}},{"id":"1009","type":"Feature","properties":{},"geometry":{"type":"Polygon","coordinates":[[[-6.279635543313673,53.398700478599366],[-6.2762963898749895,53.39681125818714],[-6.275412649425841,53.396935912037115],[-6.275845819340854,53.39523964865465],[-6.278073300819826,53.39579654822106],[-6.280055051700252,53.39837317598248],[-6.279635543313673,53.398700478599366]]]}},{"id":"1010","type":"Feature","properties":{},"geometry":{"type":"Polygon","coordinates":[[[-6.318361729143559,53.400418956959946],[-6.3127511183580385,53.39901269116898],[-6.3132899133104186,53.39838654531136],[-6.312068816907068,53.39813718055781],[-6.313063207669755,53.396646712904484],[-6.315059742821891,53.39736426927299],[-6.316580504685062,53.395797011019354],[-6.3177781099719565,53.39597868802922],[-6.319175050093455,53.39746092307544],[-6.318361729143559,53.400418956959946]]]}},{"id":"1024","type":"Feature","properties":{},"geometry":{"type":"Polygon","coordinates":[[[-6.174609588308587,53.39680045435538],[-6.174359136883192,53.39536897977587],[-6.178000265756133,53.39579712683233],[-6.178197523923358,53.396512521212706],[-6.174609588308587,53.39680045435538]]]}},{"id":"1028","type":"Feature","properties":{},"geometry":{"type":"Polygon","coordinates":[[[-6.262634201268841,53.311571616356204],[-6.262534477566996,53.31100249844735],[-6.263640144257989,53.31071928610765],[-6.2624789433290715,53.30919762168598],[-6.267324486249355,53.30789400769995],[-6.267084588313193,53.30739839350914],[-6.2674933084604225,53.3078754909224],[-6.268365410878768,53.30773417164022],[-6.268763013087546,53.31103047105354],[-6.26967322016269,53.31126797027687],[-6.266185804810988,53.311107227374116],[-6.265321761650086,53.31174000382963],[-6.2646464406996625,53.31106924456677],[-6.262634201268841,53.311571616356204]]]}},{"id":"1031","type":"Feature","properties":{},"geometry":{"type":"Polygon","coordinates":[[[-6.266180673081873,53.347558601686494],[-6.267761992096794,53.347322587569344],[-6.267573704418979,53.346843843794325],[-6.268488609175953,53.3466363592201],[-6.269003162992125,53.34836102025577],[-6.266637317431278,53.34879079150867],[-6.266180673081873,53.347558601686494]]]}},{"id":"1055","type":"Feature","properties":{},"geometry":{"type":"Polygon","coordinates":[[[-6.22792261402456,53.339791813888056],[-6.226631357884661,53.33763449353669],[-6.230905042843466,53.337357384202065],[-6.230696462755623,53.33826047786811],[-6.228879927032393,53.33816465573937],[-6.229101311695323,53.33958052262857],[-6.22792261402456,53.339791813888056]]]}},{"id":"1057","type":"Feature","properties":{},"geometry":{"type":"Polygon","coordinates":[[[-6.2185456612977585,53.32610380341402],[-6.219065168301483,53.325814104647655],[-6.218467690266672,53.325264910785585],[-6.219888248491874,53.32474964950499],[-6.222302478651124,53.32593189195059],[-6.219517340331482,53.32684052013618],[-6.2185456612977585,53.32610380341402]]]}},{"id":"1059","type":"Feature","properties":{},"geometry":{"type":"Polygon","coordinates":[[[-6.258508010511052,53.31613873218261],[-6.258143995562531,53.31342519399175],[-6.26097980588819,53.3133141008677],[-6.260967445699624,53.31607599918039],[-6.258508010511052,53.31613873218261]]]}},{"id":"1062","type":"Feature","properties":{},"geometry":{"type":"Polygon","coordinates":[[[-6.225549444014645,53.33435322611177],[-6.221920248605841,53.332822347933686],[-6.2222577706501,53.33189755054331],[-6.224416747308482,53.33057451214236],[-6.227913123481266,53.333238315670286],[-6.225549444014645,53.33435322611177]]]}},{"id":"1074","type":"Feature","properties":{},"geometry":{"type":"Polygon","coordinates":[[[-6.213852566956199,53.33476649936942],[-6.215909170516274,53.33332327587213],[-6.218296235560682,53.33447084525915],[-6.21612165876148,53.335731936297165],[-6.213852566956199,53.33476649936942]]]}},{"id":"1080","type":"Feature","properties":{},"geometry":{"type":"Polygon","coordinates":[[[-6.302149034510627,53.384954666084745],[-6.302850044944089,53.38651512890207],[-6.298814768033713,53.38718824820516],[-6.2996837290600025,53.385224598622315],[-6.302149034510627,53.384954666084745]]]}},{"id":"1095","type":"Feature","properties":{},"geometry":{"type":"Polygon","coordinates":[[[-6.180735595106443,53.39879080856901],[-6.182525742139676,53.39923934301448],[-6.180423816919577,53.400130891056875],[-6.1799497901472895,53.39935526745314],[-6.180735595106443,53.39879080856901]]]}},{"id":"1100","type":"Feature","properties":{},"geometry":{"type":"Polygon","coordinates":[[[-6.162644423047841,53.38706153986894],[-6.165050408949368,53.3857129060174],[-6.16780061226676,53.38618674142157],[-6.167048452194088,53.38751422640692],[-6.163349436849769,53.38745442484778],[-6.162644423047841,53.38706153986894]]]}},{"id":"1131","type":"Feature","properties":{},"geometry":{"type":"Polygon","coordinates":[[[-6.292432251879484,53.35577142554386],[-6.2936778360366,53.35497551925609],[-6.295919366955202,53.35575224861594],[-6.295599839892788,53.35633233081948],[-6.292432251879484,53.35577142554386]]]}},{"id":"1134","type":"Feature","properties":{},"geometry":{"type":"Polygon","coordinates":[[[-6.1924755220928525,53.402986800752075],[-6.19261125456023,53.40034976025641],[-6.19447530751442,53.400434871197334],[-6.196030560168512,53.40259234619478],[-6.195770345491846,53.40325285197538],[-6.1924755220928525,53.402986800752075]]]}},{"id":"1145","type":"Feature","properties":{},"geometry":{"type":"Polygon","coordinates":[[[-6.299472170050838,53.39214444093147],[-6.300299465549727,53.39359678367036],[-6.299404398721762,53.39369110963201],[-6.2984600753696265,53.392304745087884],[-6.299472170050838,53.39214444093147]]]}},{"id":"1152","type":"Feature","properties":{},"geometry":{"type":"Polygon","coordinates":[[[-6.302862245387468,53.34078757168013],[-6.2997047745804275,53.33861783419765],[-6.304860709417394,53.339136950603084],[-6.3047343982651896,53.33958934963653],[-6.303580656797441,53.339491140295706],[-6.303683956668537,53.34068529826806],[-6.302862245387468,53.34078757168013]]]}},{"id":"1161","type":"Feature","properties":{},"geometry":{"type":"Polygon","coordinates":[[[-6.245462459394196,53.33424457285462],[-6.2527637582405635,53.33205654955637],[-6.253283979086658,53.33257289688868],[-6.249093415275856,53.336813207840315],[-6.245462459394196,53.33424457285462]]]}},{"id":"1172","type":"Feature","properties":{},"geometry":{"type":"Polygon","coordinates":[[[-6.320101796764504,53.339388485508856],[-6.322936753918082,53.33747462212599],[-6.324298396867382,53.33734168686845],[-6.32107140079001,53.33954240185129],[-6.320101796764504,53.339388485508856]]]}},{"id":"1173","type":"Feature","properties":{},"geometry":{"type":"Polygon","coordinates":[[[-6.294709613710287,53.3365808540291],[-6.295469957641371,53.3354764971019],[-6.296946658371178,53.33582838444423],[-6.296183835328894,53.33699874154198],[-6.294709613710287,53.3365808540291]]]}},{"id":"1174","type":"Feature","properties":{},"geometry":{"type":"Polygon","coordinates":[[[-6.2452056256031625,53.33402156513508],[-6.243291895296983,53.33317492860399],[-6.244116359134125,53.33130782329918],[-6.245887959201888,53.331703821584846],[-6.247460629762265,53.33362766977094],[-6.2452056256031625,53.33402156513508]]]}},{"id":"1180","type":"Feature","properties":{},"geometry":{"type":"Polygon","coordinates":[[[-6.28721861135615,53.33778065107075],[-6.288595922873721,53.337612889631146],[-6.289022069027405,53.33889953476581],[-6.288320033007817,53.33941225637028],[-6.286680918501697,53.33941564730367],[-6.28721861135615,53.33778065107075]]]}},{"id":"1181","type":"Feature","properties":{},"geometry":{"type":"Polygon","coordinates":[[[-6.264327659717209,53.33926002529643],[-6.264567465358775,53.338385266874205],[-6.26529823500682,53.33839146387319],[-6.265847155674711,53.33959280552901],[-6.264327659717209,53.33926002529643]]]}},{"id":"1191","type":"Feature","properties":{},"geometry":{"type":"Polygon","coordinates":[[[-6.30083116188767,53.33949351019176],[-6.302862245387468,53.34078757168013],[-6.300334305846178,53.341166283768146],[-6.299435859627479,53.3398297008164],[-6.30083116188767,53.33949351019176]]]}},{"id":"1199","type":"Feature","properties":{},"geometry":{"type":"Polygon","coordinates":[[[-6.210780643636455,53.33268851296523],[-6.212758038597231,53.3316373692383],[-6.2154723866818316,53.332313291602844],[-6.216722118046499,53.333349722570055],[-6.214400652207211,53.33393791439144],[-6.213852566956199,53.33476649936942],[-6.210780643636455,53.33268851296523]]]}},{"id":"1212","type":"Feature","properties":{},"geometry":{"type":"Polygon","coordinates":[[[-6.206301024244959,53.32435248764371],[-6.208815493504686,53.32433032174467],[-6.208507579134833,53.32318579386358],[-6.2105979555048325,53.32193155142053],[-6.212304375889182,53.32431072048468],[-6.207103261653631,53.325123594782355],[-6.207432649562599,53.32651126543607],[-6.206301024244959,53.32435248764371]]]}},{"id":"1234","type":"Feature","properties":{},"geometry":{"type":"Polygon","coordinates":[[[-6.175157297078601,53.38034263448323],[-6.17567847368793,53.378931403328274],[-6.17511829126441,53.37872041794332],[-6.179134519018113,53.37635316932016],[-6.179101893069133,53.37535820949192],[-6.18055672363232,53.37531533253217],[-6.181389537820838,53.37850429726616],[-6.19034632329266,53.37660567595263],[-6.1802878489272315,53.37910495673917],[-6.180461102025016,53.38010229318415],[-6.181627111291222,53.3806845736214],[-6.175899174681891,53.38165397261696],[-6.175157297078601,53.38034263448323]]]}},{"id":"1245","type":"Feature","properties":{},"geometry":{"type":"Polygon","coordinates":[[[-6.214958409084128,53.39178187924175],[-6.215138849404608,53.390763042263366],[-6.216866883530224,53.39084342707486],[-6.219981984017148,53.39194898144539],[-6.2186852707354285,53.39243925417313],[-6.215756140022611,53.39150784038452],[-6.214958409084128,53.39178187924175]]]}},{"id":"1308","type":"Feature","properties":{},"geometry":{"type":"Polygon","coordinates":[[[-6.2457338681753365,53.349996180827034],[-6.245261192469817,53.34936245187857],[-6.245839748848505,53.3494007549837],[-6.2457338681753365,53.349996180827034]]]}},{"id":"1309","type":"Feature","properties":{},"geometry":{"type":"Polygon","coordinates":[[[-6.276687867409318,53.34812429810084],[-6.276905542125032,53.34765886586581],[-6.277493423886304,53.34773342600384],[-6.2776049388234245,53.34821991628919],[-6.276687867409318,53.34812429810084]]]}},{"id":"1312","type":"Feature","properties":{},"geometry":{"type":"Polygon","coordinates":[[[-6.2596337548258365,53.348389768493476],[-6.263610417945055,53.347901033780055],[-6.263393719067452,53.34718152765754],[-6.265895655526164,53.3467990182426],[-6.266637317431278,53.34879079150867],[-6.260481102522015,53.349762421985396],[-6.2596337548258365,53.348389768493476]]]}},{"id":"1313","type":"Feature","properties":{},"geometry":{"type":"Polygon","coordinates":[[[-6.282836113568818,53.34569266653432],[-6.282731012399555,53.34496380202983],[-6.283973756950494,53.34526096969866],[-6.283639242769458,53.3458198994902],[-6.282836113568818,53.34569266653432]]]}},{"id":"1315","type":"Feature","properties":{},"geometry":{"type":"Polygon","coordinates":[[[-6.345505472713599,53.35118703614473],[-6.347438273373802,53.350398798821615],[-6.349733205957358,53.35325812850706],[-6.3523281113323,53.353780813797364],[-6.351166025426267,53.354866912733485],[-6.345505472713599,53.35118703614473]]]}},{"id":"1354","type":"Feature","properties":{},"geometry":{"type":"Polygon","coordinates":[[[-6.183455358848688,53.394313424501235],[-6.1800395594528466,53.393895386527994],[-6.180292840052873,53.39285787956525],[-6.184133565119592,53.392811989702466],[-6.183455358848688,53.394313424501235]]]}},{"id":"1380","type":"Feature","properties":{},"geometry":{"type":"Polygon","coordinates":[[[-6.264405045399483,53.318796567057696],[-6.264662791898438,53.31788054227513],[-6.266639240411202,53.31819138348729],[-6.2677268224471785,53.31796651735181],[-6.266657071748029,53.31763364063083],[-6.267776462925234,53.3173397760031],[-6.268278176511583,53.318110181675266],[-6.264405045399483,53.318796567057696]]]}},{"id":"1383","type":"Feature","properties":{},"geometry":{"type":"Polygon","coordinates":[[[-6.210837060826753,53.378344139776594],[-6.20782208036751,53.37665056785187],[-6.209726846359236,53.375537176360055],[-6.209842438947666,53.37628976992292],[-6.212121415911769,53.37753904877409],[-6.210837060826753,53.378344139776594]]]}},{"id":"1385","type":"Feature","properties":{},"geometry":{"type":"Polygon","coordinates":[[[-6.225766810103602,53.36617153056646],[-6.2268135335842345,53.36593817118782],[-6.228865251392678,53.36589078514489],[-6.227685028649837,53.36744753455921],[-6.225766810103602,53.36617153056646]]]}},{"id":"1406","type":"Feature","properties":{},"geometry":{"type":"Polygon","coordinates":[[[-6.240219867742465,53.352633019957956],[-6.241366381734448,53.35197112247987],[-6.2436334378903195,53.35290138718459],[-6.2414420621884075,53.35445520899101],[-6.240219867742465,53.352633019957956]]]}},{"id":"1417","type":"Feature","properties":{},"geometry":{"type":"Polygon","coordinates":[[[-6.307621089684859,53.340424482817106],[-6.307730393220693,53.33941977513782],[-6.311609811635309,53.33954348986299],[-6.3103760873263965,53.340282853911994],[-6.307621089684859,53.340424482817106]]]}},{"id":"1423","type":"Feature","properties":{},"geometry":{"type":"Polygon","coordinates":[[[-6.296259618862513,53.35234296778461],[-6.29764181610313,53.35156028736122],[-6.298191019238903,53.352145640317694],[-6.297458483054087,53.352601831955766],[-6.296259618862513,53.35234296778461]]]}},{"id":"1425","type":"Feature","properties":{},"geometry":{"type":"Polygon","coordinates":[[[-6.257930735266179,53.32506278205062],[-6.260469499185666,53.32430192803889],[-6.260569859117564,53.32519453004926],[-6.257930735266179,53.32506278205062]]]}},{"id":"1441","type":"Feature","properties":{},"geometry":{"type":"Polygon","coordinates":[[[-6.304008586331967,53.33851921509772],[-6.304034048679133,53.33718203588483],[-6.306669116182494,53.33685675352707],[-6.30777112730918,53.337848727593716],[-6.304008586331967,53.33851921509772]]]}},{"id":"1467","type":"Feature","properties":{},"geometry":{"type":"Polygon","coordinates":[[[-6.2810702357449015,53.33441797264675],[-6.283029283169905,53.334029127676175],[-6.283550991847547,53.33523374218626],[-6.281589533207986,53.335720145046544],[-6.2810702357449015,53.33441797264675]]]}},{"id":"1476","type":"Feature","properties":{},"geometry":{"type":"Polygon","coordinates":[[[-6.346319297627806,53.34789086164572],[-6.343388786653033,53.34637656351978],[-6.338584299637916,53.34522340459502],[-6.338797611354205,53.344538711026196],[-6.344254719583483,53.34478372159717],[-6.346415261150899,53.34560937478381],[-6.345133079923946,53.34628588490676],[-6.345442029621768,53.34666616464698],[-6.346586383648589,53.347291756095004],[-6.347443986435709,53.34661145371844],[-6.347784516776565,53.34703055236675],[-6.346319297627806,53.34789086164572]]]}},{"id":"1485","type":"Feature","properties":{},"geometry":{"type":"Polygon","coordinates":[[[-6.272248222208143,53.392112718622165],[-6.271339582580775,53.39125185669988],[-6.278679288255423,53.39213013907175],[-6.278627806153137,53.39306413333626],[-6.275041487117541,53.392883114907036],[-6.272248222208143,53.392112718622165]]]}},{"id":"1502","type":"Feature","properties":{},"geometry":{"type":"Polygon","coordinates":[[[-6.317475014274469,53.37553994137078],[-6.3180335240648775,53.373534843799604],[-6.318848221291367,53.372654605379736],[-6.319303520775604,53.37555022746062],[-6.317475014274469,53.37553994137078]]]}},{"id":"1519","type":"Feature","properties":{},"geometry":{"type":"Polygon","coordinates":[[[-6.343256429707031,53.33962572935341],[-6.346698705430379,53.338958979681635],[-6.346967578332528,53.34020822758677],[-6.345095761349391,53.340564322310655],[-6.3447670357532635,53.33998277677278],[-6.343604399333492,53.34017086633541],[-6.343256429707031,53.33962572935341]]]}},{"id":"1520","type":"Feature","properties":{},"geometry":{"type":"Polygon","coordinates":[[[-6.231392173021188,53.34151301292717],[-6.23192297956289,53.340586768192715],[-6.234298886078726,53.340890378475656],[-6.234118272093976,53.34186775584838],[-6.231392173021188,53.34151301292717]]]}},{"id":"1522","type":"Feature","properties":{},"geometry":{"type":"Polygon","coordinates":[[[-6.223240155485348,53.37649414292029],[-6.223784647737062,53.375627271909686],[-6.227064787376283,53.37649160914574],[-6.228619902593778,53.37623892745017],[-6.227519731736697,53.37743517115238],[-6.223240155485348,53.37649414292029]]]}},{"id":"1524","type":"Feature","properties":{},"geometry":{"type":"Polygon","coordinates":[[[-6.290735044675364,53.319577193785264],[-6.292934554869352,53.31741209810057],[-6.294173529091549,53.31793006608162],[-6.294606683978394,53.31758604749729],[-6.295023616941235,53.3180151411752],[-6.2942456638798,53.318831867786386],[-6.2916698491707725,53.320111294124985],[-6.290735044675364,53.319577193785264]]]}},{"id":"1535","type":"Feature","properties":{},"geometry":{"type":"Polygon","coordinates":[[[-6.223784647737062,53.375627271909686],[-6.224323675749864,53.374892999842785],[-6.225427023747543,53.37518827653437],[-6.22577029269691,53.3745336610058],[-6.22695694535235,53.37446154115014],[-6.226587340242589,53.375505169981615],[-6.227739220155394,53.375775889589086],[-6.227064787376283,53.37649160914574],[-6.223784647737062,53.375627271909686]]]}},{"id":"1548","type":"Feature","properties":{},"geometry":{"type":"Polygon","coordinates":[[[-6.263383898241811,53.3407405118377],[-6.263696525956766,53.340235669590214],[-6.265593269508928,53.340690590354725],[-6.26539169190824,53.341470686221335],[-6.263383898241811,53.3407405118377]]]}},{"id":"1549","type":"Feature","properties":{},"geometry":{"type":"Polygon","coordinates":[[[-6.293278653804822,53.31100654500371],[-6.2949530845858375,53.310197369900536],[-6.302010869660129,53.30846470210818],[-6.302468160233098,53.30930076931824],[-6.29965534309027,53.30948244612093],[-6.298500223457941,53.31008252071244],[-6.297877930666847,53.31175285421399],[-6.293278653804822,53.31100654500371]]]}},{"id":"1554","type":"Feature","properties":{},"geometry":{"type":"Polygon","coordinates":[[[-6.182870452376442,53.39668630210943],[-6.183363636983008,53.39558205496506],[-6.187733387876821,53.39610464335573],[-6.186675818902923,53.397432921982556],[-6.182870452376442,53.39668630210943]]]}},{"id":"1569","type":"Feature","properties":{},"geometry":{"type":"Polygon","coordinates":[[[-6.269330683618971,53.349938436966916],[-6.270583623563881,53.34977618637445],[-6.2700697606721345,53.351015925102],[-6.269330683618971,53.349938436966916]]]}},{"id":"1591","type":"Feature","properties":{},"geometry":{"type":"Polygon","coordinates":[[[-6.203819199186014,53.38614733195584],[-6.204556718913046,53.38485333282001],[-6.20707201629524,53.385579553551665],[-6.206101364613744,53.38682950957633],[-6.203819199186014,53.38614733195584]]]}},{"id":"1601","type":"Feature","properties":{},"geometry":{"type":"MultiPolygon","coordinates":[[[[-6.238736800043161,53.37783691984704],[-6.2337828840646585,53.376768968654766],[-6.234594673379713,53.37497744361704],[-6.235275264392781,53.375098197875154],[-6.235876298994138,53.374305299478614],[-6.236850430359792,53.37444247251737],[-6.236413873431085,53.375327372818994],[-6.238268813413142,53.375628546837476],[-6.237996443031453,53.37481355615044],[-6.241834149943386,53.37538982823739],[-6.241479402693811,53.37634817086201],[-6.239629742777676,53.37589875843627],[-6.238736800043161,53.37783691984704]]],[[[-6.238736800043161,53.37783691984704],[-6.238824155758887,53.37787430426287],[-6.238563629448785,53.37821277130666],[-6.238736800043161,53.37783691984704]]]]}},{"id":"1625","type":"Feature","properties":{},"geometry":{"type":"Polygon","coordinates":[[[-6.175875047701127,53.40551460996361],[-6.1757690665538405,53.406771906908666],[-6.1728557850801415,53.40663096580045],[-6.172813772330967,53.405452964321846],[-6.175875047701127,53.40551460996361]]]}},{"id":"1629","type":"Feature","properties":{},"geometry":{"type":"Polygon","coordinates":[[[-6.298181415656091,53.327149971420994],[-6.303095947055581,53.32606037713477],[-6.304177238243711,53.327314455688054],[-6.3033422423507695,53.327596474539725],[-6.302294259984225,53.326640511839486],[-6.299288560633814,53.32754286567103],[-6.298181415656091,53.327149971420994]]]}},{"id":"1630","type":"Feature","properties":{},"geometry":{"type":"Polygon","coordinates":[[[-6.313241696022175,53.32275263822166],[-6.310454872061708,53.32117966010431],[-6.310097478019054,53.32062686351819],[-6.311242568510378,53.3204735749974],[-6.312944917004761,53.32189537379676],[-6.3142091438835015,53.3209553974623],[-6.315202920903357,53.321610171342535],[-6.313241696022175,53.32275263822166]]]}},{"id":"1670","type":"Feature","properties":{},"geometry":{"type":"Polygon","coordinates":[[[-6.284011549234952,53.400586481666686],[-6.279635543313673,53.398700478599366],[-6.280055051700252,53.39837317598248],[-6.278073300819826,53.39579654822106],[-6.283371819674952,53.39634046184516],[-6.29132167785342,53.398029872022285],[-6.291052707851031,53.398364737356836],[-6.2884739044174385,53.39788571472496],[-6.288508848078557,53.39842839011064],[-6.285277030359103,53.399386233217214],[-6.284011549234952,53.400586481666686]]]}},{"id":"1681","type":"Feature","properties":{},"geometry":{"type":"Polygon","coordinates":[[[-6.308106318298994,53.3383949943555],[-6.306669116182494,53.33685675352707],[-6.309285684592908,53.336549001305926],[-6.3096193164416965,53.33816574664204],[-6.308106318298994,53.3383949943555]]]}},{"id":"1695","type":"Feature","properties":{},"geometry":{"type":"Polygon","coordinates":[[[-6.279519114187611,53.40190967860291],[-6.280717607138901,53.40094567888403],[-6.281468584022121,53.40149616799365],[-6.283293084060695,53.401236195423444],[-6.284075101827512,53.40159779986796],[-6.281799521186746,53.40343467435159],[-6.279519114187611,53.40190967860291]]]}},{"id":"1697","type":"Feature","properties":{},"geometry":{"type":"Polygon","coordinates":[[[-6.232503784143273,53.3691632177298],[-6.237632657388272,53.369539929956964],[-6.238700586894037,53.37044980656549],[-6.2382520205700756,53.37147911910473],[-6.232503784143273,53.3691632177298]]]}},{"id":"1722","type":"Feature","properties":{},"geometry":{"type":"Polygon","coordinates":[[[-6.3105419040910355,53.36410021399745],[-6.313063195593127,53.36512328786936],[-6.313361179194097,53.364290032326075],[-6.314114303372225,53.364355564205525],[-6.31371455685568,53.36519535597303],[-6.314976296272474,53.36564363241846],[-6.315212948580739,53.36667221834492],[-6.310191504126654,53.36512546875771],[-6.3105419040910355,53.36410021399745]]]}},{"id":"1725","type":"Feature","properties":{},"geometry":{"type":"Polygon","coordinates":[[[-6.258513325910298,53.320775583178396],[-6.25795530015552,53.3189258876519],[-6.259378173495159,53.31842513202096],[-6.259551063411665,53.3208000057331],[-6.258513325910298,53.320775583178396]]]}},{"id":"1741","type":"Feature","properties":{},"geometry":{"type":"Polygon","coordinates":[[[-6.2783815189988985,53.32512342220393],[-6.274332454587412,53.323004655149205],[-6.275825443408134,53.32243254363795],[-6.2778917511344465,53.32332121796292],[-6.278614216331807,53.322223635572385],[-6.279395967890778,53.322207608925396],[-6.2783815189988985,53.32512342220393]]]}},{"id":"1758","type":"Feature","properties":{},"geometry":{"type":"Polygon","coordinates":[[[-6.196268357981163,53.385388957971166],[-6.194631581512097,53.38434571894768],[-6.196424262815817,53.3833700225814],[-6.202275970570128,53.38314552681832],[-6.201415640690235,53.38468826030814],[-6.197333431943857,53.384277125966236],[-6.196268357981163,53.385388957971166]]]}},{"id":"1763","type":"Feature","properties":{},"geometry":{"type":"Polygon","coordinates":[[[-6.245409438999081,53.35945154455915],[-6.24270935830068,53.35832854503381],[-6.243338702708439,53.357730052977765],[-6.246030900880575,53.359077742386305],[-6.245409438999081,53.35945154455915]]]}},{"id":"1769","type":"Feature","properties":{},"geometry":{"type":"Polygon","coordinates":[[[-6.1840192999064705,53.39350351688249],[-6.184234594166097,53.392305542901504],[-6.187561952500136,53.39271611453041],[-6.189560786922662,53.39236461346773],[-6.187438447121589,53.39378028788622],[-6.1840192999064705,53.39350351688249]]]}},{"id":"1773","type":"Feature","properties":{},"geometry":{"type":"Polygon","coordinates":[[[-6.297644207774037,53.36960042210866],[-6.298847127181277,53.369835454140095],[-6.298995797859601,53.37082137593052],[-6.299895795795796,53.37064778868433],[-6.299912668582572,53.3718131199099],[-6.2975915496918144,53.3709999611614],[-6.297644207774037,53.36960042210866]]]}},{"id":"1785","type":"Feature","properties":{},"geometry":{"type":"Polygon","coordinates":[[[-6.302057339099933,53.37129721634243],[-6.302570897398753,53.369642276764914],[-6.303917387533267,53.36931576839196],[-6.304684530355168,53.371313129161656],[-6.302057339099933,53.37129721634243]]]}},{"id":"1795","type":"Feature","properties":{},"geometry":{"type":"Polygon","coordinates":[[[-6.296863416611986,53.31593711275089],[-6.299826344118629,53.317871056320875],[-6.301264150239167,53.318937658074866],[-6.298895793156184,53.3184366850502],[-6.296422152406121,53.3164946618806],[-6.296863416611986,53.31593711275089]]]}},{"id":"1830","type":"Feature","properties":{},"geometry":{"type":"Polygon","coordinates":[[[-6.2918281887038585,53.347408167254066],[-6.2840323530214075,53.34676196924741],[-6.284834432646387,53.3434819838174],[-6.291197421443145,53.34343618554841],[-6.2918281887038585,53.347408167254066]]]}},{"id":"1841","type":"Feature","properties":{},"geometry":{"type":"Polygon","coordinates":[[[-6.280551521699737,53.38224563508485],[-6.280638750376849,53.38179511697322],[-6.281388284723474,53.381840578820366],[-6.281031487071798,53.38058874594713],[-6.283348310580097,53.380995211328106],[-6.283840292681166,53.38010689836386],[-6.28491707262601,53.38014415433766],[-6.283641919550403,53.38231549772638],[-6.28235994698665,53.382701436526354],[-6.282098820755823,53.3822804628383],[-6.280551521699737,53.38224563508485]]]}},{"id":"1844","type":"Feature","properties":{},"geometry":{"type":"Polygon","coordinates":[[[-6.269787334775738,53.34933636709045],[-6.2688584605969435,53.346802496357796],[-6.267746231086564,53.34569419971218],[-6.26965973925073,53.34549223975965],[-6.270579170842824,53.34913369768961],[-6.269787334775738,53.34933636709045]]]}},{"id":"1847","type":"Feature","properties":{},"geometry":{"type":"Polygon","coordinates":[[[-6.25083651593156,53.3575961718164],[-6.253130960271931,53.35706176252705],[-6.253527342501868,53.35651742067521],[-6.254174022565246,53.35714097863448],[-6.252450785283246,53.357944492065684],[-6.25083651593156,53.3575961718164]]]}},{"id":"1854","type":"Feature","properties":{},"geometry":{"type":"Polygon","coordinates":[[[-6.252084567184724,53.35974181989882],[-6.249378308240235,53.35909256373264],[-6.250371095543954,53.35747094789964],[-6.25350569833689,53.358164255601636],[-6.252084567184724,53.35974181989882]]]}},{"id":"1862","type":"Feature","properties":{},"geometry":{"type":"Polygon","coordinates":[[[-6.26648466534666,53.36468635905183],[-6.27173751272221,53.36495133538072],[-6.27161132102659,53.36556195499339],[-6.2703983594425905,53.36617891181238],[-6.266459928139514,53.36572157927452],[-6.26648466534666,53.36468635905183]]]}},{"id":"1879","type":"Feature","properties":{},"geometry":{"type":"Polygon","coordinates":[[[-6.26474474477562,53.389142755970724],[-6.258336747600439,53.38760569081699],[-6.259061762572348,53.38691509385313],[-6.260642142026474,53.38744517728899],[-6.261706940515821,53.3860110412757],[-6.262962308021584,53.386288272041405],[-6.26194658387738,53.387885233125125],[-6.265194266645589,53.38833375044197],[-6.26474474477562,53.389142755970724]]]}},{"id":"1890","type":"Feature","properties":{},"geometry":{"type":"Polygon","coordinates":[[[-6.21770387377512,53.336481974913525],[-6.220408841746168,53.335839785374965],[-6.221927096659697,53.33604749110019],[-6.22244007923379,53.337915076918094],[-6.220763689848285,53.33803625319214],[-6.21770387377512,53.336481974913525]]]}},{"id":"1912","type":"Feature","properties":{},"geometry":{"type":"Polygon","coordinates":[[[-6.334562484254371,53.34161987863189],[-6.337478275447802,53.34080260309769],[-6.338225845554572,53.34179063573327],[-6.336048493726181,53.342360580291],[-6.335684609336007,53.34168894424235],[-6.334562484254371,53.34161987863189]]]}},{"id":"1930","type":"Feature","properties":{},"geometry":{"type":"Polygon","coordinates":[[[-6.318240388825788,53.3215589828184],[-6.3205124489007005,53.31959919611637],[-6.323354080775198,53.3198958367826],[-6.31910154779017,53.32209017513066],[-6.318240388825788,53.3215589828184]]]}},{"id":"1937","type":"Feature","properties":{},"geometry":{"type":"Polygon","coordinates":[[[-6.161462626822825,53.39014431407018],[-6.161984132707957,53.38916918125435],[-6.165356206618026,53.389569019857255],[-6.16669337834205,53.38900834445274],[-6.168712864965146,53.38973539068922],[-6.167615638540037,53.3903583214547],[-6.161462626822825,53.39014431407018]]]}},{"id":"1948","type":"Feature","properties":{},"geometry":{"type":"Polygon","coordinates":[[[-6.28076368444466,53.31057249626428],[-6.279332101653224,53.30848445418527],[-6.283995752700334,53.30825307112098],[-6.283524822864098,53.30984630792747],[-6.28076368444466,53.31057249626428]]]}},{"id":"1949","type":"Feature","properties":{},"geometry":{"type":"Polygon","coordinates":[[[-6.260034221681649,53.35217245763546],[-6.259351406597831,53.350536513603366],[-6.258412936823401,53.35068509020394],[-6.258179891610675,53.35014800123242],[-6.254413197239539,53.35073481267935],[-6.253522480360986,53.34947162073075],[-6.254717727925995,53.34909209633194],[-6.254943092706413,53.34785347741619],[-6.2590885836211605,53.34727056059487],[-6.26185054282307,53.352416676510224],[-6.261174005861024,53.35191777638422],[-6.260034221681649,53.35217245763546]]]}},{"id":"1950","type":"Feature","properties":{},"geometry":{"type":"Polygon","coordinates":[[[-6.301946782304424,53.34765977748783],[-6.295144471034288,53.34687935687145],[-6.2918281887038585,53.347408167254066],[-6.29165026589623,53.346240091734096],[-6.299791017145669,53.345429394223515],[-6.30797006873432,53.34364091897554],[-6.308122239390698,53.34505537862043],[-6.304488779820994,53.345421369578155],[-6.3044553260297,53.34738400748139],[-6.301946782304424,53.34765977748783]]]}},{"id":"1967","type":"Feature","properties":{},"geometry":{"type":"Polygon","coordinates":[[[-6.26860335120134,53.32917294972699],[-6.2664373010529815,53.329204911385226],[-6.266422428448974,53.328833764128355],[-6.26860335120134,53.32917294972699]]]}},{"id":"1970","type":"Feature","properties":{},"geometry":{"type":"Polygon","coordinates":[[[-6.26458217678523,53.33134971222362],[-6.265137739680361,53.33132779076796],[-6.265248598817471,53.33224189562013],[-6.26478348479086,53.33228132098272],[-6.26458217678523,53.33134971222362]]]}},{"id":"1974","type":"Feature","properties":{},"geometry":{"type":"Polygon","coordinates":[[[-6.304983142238885,53.38034646788083],[-6.304503644057973,53.378380253422904],[-6.304391053646664,53.376071997530325],[-6.305486407955341,53.37700696500108],[-6.308602726250172,53.37794311195301],[-6.307988930154342,53.379369814313414],[-6.306478395639204,53.379318388709876],[-6.30679262084436,53.38040356460695],[-6.304983142238885,53.38034646788083]]]}},{"id":"1986","type":"Feature","properties":{},"geometry":{"type":"Polygon","coordinates":[[[-6.318283182742271,53.33868873346917],[-6.319151104836195,53.338405671510486],[-6.319850385047152,53.339365701737506],[-6.318520372168077,53.33973699095891],[-6.318283182742271,53.33868873346917]]]}},{"id":"2007","type":"Feature","properties":{},"geometry":{"type":"Polygon","coordinates":[[[-6.314575976936139,53.33961727509945],[-6.314165975242777,53.337736871127646],[-6.316286455529144,53.337635914664865],[-6.31637810027445,53.33835644978179],[-6.318196768457139,53.338229799016865],[-6.318520372168077,53.33973699095891],[-6.315744823291533,53.34027865640569],[-6.314575976936139,53.33961727509945]]]}},{"id":"2010","type":"Feature","properties":{},"geometry":{"type":"Polygon","coordinates":[[[-6.227519731736697,53.37743517115238],[-6.228619902593778,53.37623892745017],[-6.2322866326358985,53.377403981915556],[-6.231999762665245,53.378017943801886],[-6.227519731736697,53.37743517115238]]]}},{"id":"2044","type":"Feature","properties":{},"geometry":{"type":"Polygon","coordinates":[[[-6.1653314895218205,53.383829867793644],[-6.165797136298834,53.382842732453966],[-6.16113972797813,53.38140355575824],[-6.163794773351698,53.38191437251499],[-6.164578695825759,53.38149128483848],[-6.165092622659675,53.38204270357616],[-6.16849206962841,53.382526792258346],[-6.170878666968834,53.38211235554975],[-6.1707352859035,53.382887564629264],[-6.167367517726679,53.384091515218614],[-6.1653314895218205,53.383829867793644]]]}},{"id":"2058","type":"Feature","properties":{},"geometry":{"type":"Polygon","coordinates":[[[-6.3319101678397525,53.336516740456155],[-6.329754089577463,53.336387175356585],[-6.328283638725189,53.33619768518813],[-6.328808585405339,53.335843774840434],[-6.332466569210991,53.33609760541032],[-6.3319101678397525,53.336516740456155]]]}},{"id":"2071","type":"Feature","properties":{},"geometry":{"type":"Polygon","coordinates":[[[-6.296348688981845,53.34477155446097],[-6.299387838135558,53.34448365758378],[-6.299791017145669,53.345429394223515],[-6.296148261106847,53.34582674959389],[-6.296348688981845,53.34477155446097]]]}},{"id":"2075","type":"Feature","properties":{},"geometry":{"type":"Polygon","coordinates":[[[-6.260981397969594,53.40071082321423],[-6.256123751668308,53.399887950748116],[-6.252219887603372,53.39923742532946],[-6.252868590251498,53.39875526396022],[-6.2548695888772174,53.39886523663673],[-6.261163430402863,53.40015877979718],[-6.260981397969594,53.40071082321423]]]}},{"id":"2100","type":"Feature","properties":{},"geometry":{"type":"Polygon","coordinates":[[[-6.28609870092393,53.31513900451064],[-6.288763612561619,53.31253960608533],[-6.290038984734859,53.31266942264531],[-6.288833960170901,53.314959768003405],[-6.28609870092393,53.31513900451064]]]}},{"id":"2101","type":"Feature","properties":{},"geometry":{"type":"Polygon","coordinates":[[[-6.218794363316693,53.37550594295452],[-6.219669461159708,53.374775933731],[-6.223655945629462,53.37581497882393],[-6.222964745411017,53.37679995206773],[-6.218794363316693,53.37550594295452]]]}},{"id":"2108","type":"Feature","properties":{},"geometry":{"type":"Polygon","coordinates":[[[-6.249074751209073,53.38541043562554],[-6.245829183430977,53.38411686191341],[-6.246953171354894,53.38338896488111],[-6.249860949078319,53.38447130729445],[-6.249702721160732,53.385242005637785],[-6.249074751209073,53.38541043562554]]]}},{"id":"2110","type":"Feature","properties":{},"geometry":{"type":"Polygon","coordinates":[[[-6.285556587256585,53.371201398982244],[-6.280124340444756,53.36909117244301],[-6.282180070139098,53.36735279500333],[-6.2895052328830285,53.37078667226292],[-6.288848544333274,53.37116237789777],[-6.286912571193249,53.37067771457076],[-6.285556587256585,53.371201398982244]]]}},{"id":"2111","type":"Feature","properties":{},"geometry":{"type":"Polygon","coordinates":[[[-6.168319645922585,53.40085062555786],[-6.166450822929465,53.40009756997849],[-6.167339840750039,53.39864175445644],[-6.16896695289024,53.39904466724988],[-6.1704018370035545,53.39867511648028],[-6.168319645922585,53.40085062555786]]]}},{"id":"2119","type":"Feature","properties":{},"geometry":{"type":"Polygon","coordinates":[[[-6.268787313844716,53.35474291456076],[-6.269909918885886,53.35357459374656],[-6.270389549870913,53.35443582925969],[-6.272067334934673,53.35510887095807],[-6.268787313844716,53.35474291456076]]]}},{"id":"2128","type":"Feature","properties":{},"geometry":{"type":"Polygon","coordinates":[[[-6.244768379364641,53.34491244015993],[-6.245081912702206,53.34394484152398],[-6.245943038552429,53.34406041922567],[-6.245862730589362,53.34505440495121],[-6.244768379364641,53.34491244015993]]]}},{"id":"2146","type":"Feature","properties":{},"geometry":{"type":"Polygon","coordinates":[[[-6.260856136396968,53.360773827809744],[-6.263151943200455,53.36100709815719],[-6.263962599746596,53.36042230127034],[-6.263795338814609,53.36123093496148],[-6.260856136396968,53.360773827809744]]]}},{"id":"2149","type":"Feature","properties":{},"geometry":{"type":"Polygon","coordinates":[[[-6.223363893529631,53.39922459164117],[-6.223891369668268,53.39782276630412],[-6.226619445904991,53.397856844694395],[-6.226192200486615,53.399055170542034],[-6.229366573427376,53.3994628717086],[-6.22896337350459,53.40069383963051],[-6.226960450746437,53.400619365463776],[-6.223363893529631,53.39922459164117]]]}},{"id":"2150","type":"Feature","properties":{},"geometry":{"type":"Polygon","coordinates":[[[-6.317785383167424,53.391732207919965],[-6.318279265192398,53.39094660740316],[-6.31236067018761,53.389730734446616],[-6.312401962812186,53.38920916130307],[-6.3185052627517715,53.390525154304385],[-6.319243033506119,53.39140715432855],[-6.318747824073492,53.39203593494416],[-6.317785383167424,53.391732207919965]]]}},{"id":"2151","type":"Feature","properties":{},"geometry":{"type":"Polygon","coordinates":[[[-6.163578465950021,53.40914651526281],[-6.163283184378535,53.40822004045367],[-6.172912118730157,53.40662983170448],[-6.170801158866948,53.407853530563415],[-6.165022093564001,53.40930028163019],[-6.163578465950021,53.40914651526281]]]}},{"id":"2153","type":"Feature","properties":{},"geometry":{"type":"Polygon","coordinates":[[[-6.311517709953596,53.390877005110646],[-6.3115597269149495,53.39016885197149],[-6.317779124468044,53.39173001653314],[-6.317286883575555,53.39240875315296],[-6.311517709953596,53.390877005110646]]]}},{"id":"2155","type":"Feature","properties":{},"geometry":{"type":"Polygon","coordinates":[[[-6.183905433918942,53.38729973794732],[-6.185152745810412,53.386854866750284],[-6.182524377076418,53.385321309139314],[-6.183584095146517,53.38499129784274],[-6.1853729583615715,53.386410865010916],[-6.1871799269912495,53.38591413370472],[-6.18753337791449,53.386221656513875],[-6.184181673517583,53.387608226067435],[-6.183905433918942,53.38729973794732]]]}},{"id":"2184","type":"Feature","properties":{},"geometry":{"type":"Polygon","coordinates":[[[-6.2380175559769375,53.35620228796152],[-6.23519834396936,53.3552567681568],[-6.235783987317468,53.35479645472466],[-6.2382230037146575,53.355831505202694],[-6.2380175559769375,53.35620228796152]]]}},{"id":"2185","type":"Feature","properties":{},"geometry":{"type":"Polygon","coordinates":[[[-6.314674217803669,53.39582126388568],[-6.316166690533312,53.394051588732935],[-6.316777886087432,53.39417159646134],[-6.31758458521795,53.39615502802493],[-6.316580504685062,53.395797011019354],[-6.31597770265653,53.396470363169996],[-6.314674217803669,53.39582126388568]]]}},{"id":"2195","type":"Feature","properties":{},"geometry":{"type":"Polygon","coordinates":[[[-6.25193652410885,53.32102701335937],[-6.251338316821381,53.318437860125364],[-6.249063266460653,53.31833480790186],[-6.253661407081206,53.317441861619066],[-6.254010781310472,53.31814657006764],[-6.252063697880974,53.31836188269275],[-6.2529683282435515,53.321104564002106],[-6.25193652410885,53.32102701335937]]]}},{"id":"2198","type":"Feature","properties":{},"geometry":{"type":"Polygon","coordinates":[[[-6.261990468766505,53.36088124232899],[-6.26064080032008,53.3606372699342],[-6.261069105006731,53.360171969918916],[-6.262413154041076,53.36041896561747],[-6.261990468766505,53.36088124232899]]]}},{"id":"2210","type":"Feature","properties":{},"geometry":{"type":"Polygon","coordinates":[[[-6.28563971615664,53.30639967700243],[-6.2889872777046545,53.30518194347549],[-6.292381668524344,53.30303592718215],[-6.293861367762079,53.303921934306786],[-6.287968280374914,53.30753313962059],[-6.28563971615664,53.30639967700243]]]}},{"id":"2211","type":"Feature","properties":{},"geometry":{"type":"Polygon","coordinates":[[[-6.288833960170901,53.314959768003405],[-6.289303905005062,53.31346536757523],[-6.292348052359005,53.31442102435087],[-6.291484545076575,53.31520033839739],[-6.288833960170901,53.314959768003405]]]}},{"id":"2224","type":"Feature","properties":{},"geometry":{"type":"Polygon","coordinates":[[[-6.212758038597231,53.3316373692383],[-6.212635115467679,53.32951894081538],[-6.214182849774806,53.32892200775343],[-6.215687405106614,53.33049995757858],[-6.215784191027453,53.33208235708869],[-6.212758038597231,53.3316373692383]]]}},{"id":"2229","type":"Feature","properties":{},"geometry":{"type":"Polygon","coordinates":[[[-6.29104260198088,53.366439321523],[-6.292024208016602,53.36667751032312],[-6.291862823447911,53.367751518524194],[-6.294362403950794,53.368529214476354],[-6.29132425283156,53.36804630106982],[-6.2922370894552,53.369012791828105],[-6.291387588605901,53.36963316567766],[-6.2904888602705515,53.3685306747661],[-6.29104260198088,53.366439321523]]]}},{"id":"2238","type":"Feature","properties":{},"geometry":{"type":"Polygon","coordinates":[[[-6.267983055196045,53.35727736216572],[-6.265488652819845,53.35637840705933],[-6.265407668731926,53.356086734639305],[-6.267944251508496,53.35674978231875],[-6.267983055196045,53.35727736216572]]]}},{"id":"2240","type":"Feature","properties":{},"geometry":{"type":"Polygon","coordinates":[[[-6.317730731276998,53.319231203205526],[-6.317519575464927,53.317748239380215],[-6.318327473298635,53.317550246459604],[-6.321272903802047,53.318423035536114],[-6.320619703540718,53.31942858471147],[-6.317730731276998,53.319231203205526]]]}},{"id":"2241","type":"Feature","properties":{},"geometry":{"type":"Polygon","coordinates":[[[-6.273173590858904,53.359440081796066],[-6.274837955971656,53.35919712015941],[-6.276123070121533,53.36005586199786],[-6.275260682011204,53.35989134005604],[-6.273958720985947,53.36058741719793],[-6.273173590858904,53.359440081796066]]]}},{"id":"2248","type":"Feature","properties":{},"geometry":{"type":"Polygon","coordinates":[[[-6.302242286300231,53.38090958285498],[-6.302678543034832,53.37829715756491],[-6.304503644057973,53.378380253422904],[-6.304983142238885,53.38034646788083],[-6.303352001932214,53.38209506203592],[-6.302242286300231,53.38090958285498]]]}},{"id":"2267","type":"Feature","properties":{},"geometry":{"type":"Polygon","coordinates":[[[-6.31264272518394,53.318702694931694],[-6.30860932066945,53.31618158217926],[-6.311706366551341,53.315636255362996],[-6.311941161851658,53.31447952208031],[-6.315802835278583,53.31589593437787],[-6.313694998071214,53.31851537147039],[-6.31264272518394,53.318702694931694]]]}},{"id":"2284","type":"Feature","properties":{},"geometry":{"type":"Polygon","coordinates":[[[-6.218430109402474,53.3657325203681],[-6.218982254329453,53.36472976675783],[-6.2208083927084585,53.36475159705505],[-6.219977157125765,53.365794202047375],[-6.218430109402474,53.3657325203681]]]}},{"id":"2293","type":"Feature","properties":{},"geometry":{"type":"Polygon","coordinates":[[[-6.175806693730018,53.36827578064608],[-6.176336762744036,53.36762906577597],[-6.1796540445129375,53.368526349087574],[-6.180765043908434,53.366919843337094],[-6.182008662848801,53.367087568601214],[-6.1823185567613415,53.36789938422921],[-6.1814321503126415,53.36982143279274],[-6.175806693730018,53.36827578064608]]]}},{"id":"2294","type":"Feature","properties":{},"geometry":{"type":"Polygon","coordinates":[[[-6.291133285575897,53.371153113981286],[-6.2860588031051075,53.3688204437757],[-6.289295532562226,53.36751753740719],[-6.290186303489493,53.36614816662686],[-6.29104260198088,53.366439321523],[-6.2904888602705515,53.3685306747661],[-6.29234500853317,53.37037188943491],[-6.291133285575897,53.371153113981286]]]}},{"id":"2305","type":"Feature","properties":{},"geometry":{"type":"Polygon","coordinates":[[[-6.349596651187368,53.351450670120165],[-6.347438273373802,53.350398798821615],[-6.345572581102024,53.34791479020527],[-6.351143972209444,53.35067095404496],[-6.349596651187368,53.351450670120165]]]}},{"id":"2319","type":"Feature","properties":{},"geometry":{"type":"Polygon","coordinates":[[[-6.286530987877967,53.33722964891905],[-6.289107780352982,53.33591899296253],[-6.290001969976443,53.336418509487864],[-6.288595922873721,53.337612889631146],[-6.28721861135615,53.33778065107075],[-6.286530987877967,53.33722964891905]]]}},{"id":"2322","type":"Feature","properties":{},"geometry":{"type":"Polygon","coordinates":[[[-6.304232976008921,53.3717210075867],[-6.30530715697012,53.371636687668946],[-6.305009320364277,53.369341114987236],[-6.303917387533267,53.36931576839196],[-6.304734245303071,53.368593799430016],[-6.306077965582557,53.36973332660331],[-6.306063896995525,53.37234695045321],[-6.304962319613921,53.372342185426035],[-6.304232976008921,53.3717210075867]]]}},{"id":"2334","type":"Feature","properties":{},"geometry":{"type":"Polygon","coordinates":[[[-6.263324490797383,53.32033709147145],[-6.264949733783381,53.31996958894526],[-6.265657821012961,53.32250380202087],[-6.264823492281398,53.322574071132344],[-6.263324490797383,53.32033709147145]]]}},{"id":"2345","type":"Feature","properties":{},"geometry":{"type":"Polygon","coordinates":[[[-6.258064494297376,53.354768460422605],[-6.259073271355039,53.35446032143537],[-6.259713071845688,53.35492064175671],[-6.25885433024829,53.35534951071961],[-6.258064494297376,53.354768460422605]]]}},{"id":"2347","type":"Feature","properties":{},"geometry":{"type":"Polygon","coordinates":[[[-6.217121764714994,53.31040347294776],[-6.217611714596955,53.30992761641275],[-6.2199816395476,53.310602352776534],[-6.222835396546578,53.313714826450834],[-6.220736033685431,53.31480708844112],[-6.218134756430095,53.31172858230363],[-6.2185641191847125,53.310892818204714],[-6.217121764714994,53.31040347294776]]]}},{"id":"2350","type":"Feature","properties":{},"geometry":{"type":"Polygon","coordinates":[[[-6.234658506454446,53.36916984611495],[-6.23082912567723,53.36851859067787],[-6.230008070351719,53.36783231518769],[-6.23089924953934,53.367312749767564],[-6.232930936056499,53.368551277615246],[-6.234780228713809,53.368428949465574],[-6.234658506454446,53.36916984611495]]]}},{"id":"2352","type":"Feature","properties":{},"geometry":{"type":"Polygon","coordinates":[[[-6.253086102063237,53.361864232741155],[-6.253441357263043,53.361500363508405],[-6.258267568339672,53.36224481440552],[-6.257756559666008,53.36280537529344],[-6.253086102063237,53.361864232741155]]]}},{"id":"2354","type":"Feature","properties":{},"geometry":{"type":"Polygon","coordinates":[[[-6.306295252410621,53.397911004839806],[-6.3072632724204425,53.39728082720784],[-6.307184837170339,53.395721486612004],[-6.308812957429873,53.39552151776141],[-6.311213686250527,53.396086685527],[-6.3102525157527065,53.397776961755284],[-6.306830090497024,53.39860423987861],[-6.306295252410621,53.397911004839806]]]}},{"id":"2369","type":"Feature","properties":{},"geometry":{"type":"Polygon","coordinates":[[[-6.28480820752291,53.33639862455498],[-6.286454676175366,53.33567332526962],[-6.287109894985315,53.33619594588194],[-6.285778989991879,53.33698043661208],[-6.28480820752291,53.33639862455498]]]}},{"id":"2376","type":"Feature","properties":{},"geometry":{"type":"Polygon","coordinates":[[[-6.245208527904049,53.33921239819451],[-6.240332391492787,53.33754437799367],[-6.2410338626522766,53.33708136171835],[-6.242750274383901,53.33722429377327],[-6.2459255786728445,53.338459553148496],[-6.245208527904049,53.33921239819451]]]}},{"id":"2386","type":"Feature","properties":{},"geometry":{"type":"Polygon","coordinates":[[[-6.242686430857785,53.395379666137266],[-6.242426475588057,53.393621430104986],[-6.244379984647913,53.39322936488773],[-6.24450824523642,53.392698941665856],[-6.245736711756172,53.39279954834416],[-6.2454554207832755,53.39532246357086],[-6.243261911165474,53.39504995152162],[-6.242686430857785,53.395379666137266]]]}},{"id":"2394","type":"Feature","properties":{},"geometry":{"type":"Polygon","coordinates":[[[-6.300156646299318,53.32555881399837],[-6.299762004897966,53.32508363381253],[-6.302038283559805,53.32485479162695],[-6.303095947055581,53.32606037713477],[-6.302219247299296,53.3262399508089],[-6.301421837436472,53.32537729206384],[-6.300156646299318,53.32555881399837]]]}},{"id":"2399","type":"Feature","properties":{},"geometry":{"type":"Polygon","coordinates":[[[-6.1666896378442315,53.38814733544095],[-6.16780061226676,53.38618674142157],[-6.169900743387211,53.38662307028916],[-6.168720375010017,53.388676167514824],[-6.1666896378442315,53.38814733544095]]]}},{"id":"2413","type":"Feature","properties":{},"geometry":{"type":"Polygon","coordinates":[[[-6.25405610357911,53.32380041606186],[-6.254455862164733,53.32282769050743],[-6.254069150873082,53.32108553694141],[-6.254725225285362,53.321125671229154],[-6.255534515547275,53.32418291205977],[-6.25405610357911,53.32380041606186]]]}},{"id":"2415","type":"Feature","properties":{},"geometry":{"type":"Polygon","coordinates":[[[-6.380059641140469,53.33539138072138],[-6.3818556127785655,53.3368121786847],[-6.380778810673235,53.33620396733723],[-6.378868648868741,53.33702312935546],[-6.378489135632562,53.3361547849546],[-6.380059641140469,53.33539138072138]]]}},{"id":"2416","type":"Feature","properties":{},"geometry":{"type":"Polygon","coordinates":[[[-6.284385533634182,53.35019154120318],[-6.2851044404265695,53.3501431929198],[-6.285862804113593,53.351309282434265],[-6.28690575439271,53.351194401509204],[-6.284632266916612,53.351915819595895],[-6.285397234081082,53.35150172378516],[-6.284385533634182,53.35019154120318]]]}},{"id":"2424","type":"Feature","properties":{},"geometry":{"type":"Polygon","coordinates":[[[-6.265029817519039,53.33060371944934],[-6.267180360394225,53.330529771839984],[-6.267257306766519,53.33123511819679],[-6.265137739680361,53.33132779076796],[-6.265029817519039,53.33060371944934]]]}},{"id":"2428","type":"Feature","properties":{},"geometry":{"type":"Polygon","coordinates":[[[-6.26906730720534,53.323741487014246],[-6.268072001730664,53.322163894995725],[-6.26980997205636,53.321958293233955],[-6.270830913721859,53.32326311970528],[-6.26906730720534,53.323741487014246]]]}},{"id":"2431","type":"Feature","properties":{},"geometry":{"type":"Polygon","coordinates":[[[-6.342565778575734,53.341898235007584],[-6.3424827506102215,53.34095871789012],[-6.344284603413662,53.3419566983075],[-6.348754260615019,53.342058909392286],[-6.345589524658391,53.34247339215166],[-6.342565778575734,53.341898235007584]]]}},{"id":"2442","type":"Feature","properties":{},"geometry":{"type":"Polygon","coordinates":[[[-6.256141974791999,53.32639716349018],[-6.2532977901447495,53.3245734585703],[-6.25405610357911,53.32380041606186],[-6.255534515547275,53.32418291205977],[-6.256141974791999,53.32639716349018]]]}},{"id":"2447","type":"Feature","properties":{},"geometry":{"type":"Polygon","coordinates":[[[-6.310542815633649,53.39578828691428],[-6.31220358823698,53.39325271008111],[-6.313419576303349,53.39351215876223],[-6.31303362007497,53.39414664901296],[-6.314592349670186,53.394511683815665],[-6.313995178776324,53.395778284978306],[-6.3135915663892535,53.3951507418149],[-6.311973411033334,53.39478038673373],[-6.311983777247576,53.39546523740357],[-6.310921737724652,53.395210325689945],[-6.310542815633649,53.39578828691428]]]}},{"id":"2449","type":"Feature","properties":{},"geometry":{"type":"Polygon","coordinates":[[[-6.258779477922518,53.36894906803362],[-6.25698895185957,53.367878172245945],[-6.255184347182433,53.36831211693762],[-6.255496238542016,53.366792808672635],[-6.256284920452801,53.36735290558228],[-6.261152292374709,53.36829622984363],[-6.260933343810575,53.369388389989915],[-6.258779477922518,53.36894906803362]]]}},{"id":"2452","type":"Feature","properties":{},"geometry":{"type":"Polygon","coordinates":[[[-6.235619806368156,53.37140595165108],[-6.2267571732913245,53.368172430453114],[-6.230008070351719,53.36783231518769],[-6.232815992397874,53.36896065624657],[-6.232046494842069,53.369644364137294],[-6.235555765757558,53.37096572873204],[-6.235619806368156,53.37140595165108]]]}},{"id":"2453","type":"Feature","properties":{},"geometry":{"type":"Polygon","coordinates":[[[-6.25876978048789,53.359248106124234],[-6.2597641665022135,53.35878607235903],[-6.261606131965774,53.35941366756696],[-6.2612824118300985,53.35975243106585],[-6.25876978048789,53.359248106124234]]]}},{"id":"2471","type":"Feature","properties":{},"geometry":{"type":"Polygon","coordinates":[[[-6.263392212090938,53.35159394654211],[-6.263947452884825,53.351308502138046],[-6.265641047332674,53.351979259480515],[-6.264310026659685,53.35222843318226],[-6.263392212090938,53.35159394654211]]]}},{"id":"2478","type":"Feature","properties":{},"geometry":{"type":"Polygon","coordinates":[[[-6.283717306422059,53.34340990584371],[-6.281504913706681,53.343248657525706],[-6.281772325575772,53.34147414344736],[-6.283665105292817,53.34146135539159],[-6.283717306422059,53.34340990584371]]]}},{"id":"2489","type":"Feature","properties":{},"geometry":{"type":"Polygon","coordinates":[[[-6.246083337526823,53.314661915033966],[-6.247027179211939,53.31314736950805],[-6.248752378863677,53.31375983035058],[-6.248313383495214,53.31514578667152],[-6.246083337526823,53.314661915033966]]]}},{"id":"2496","type":"Feature","properties":{},"geometry":{"type":"Polygon","coordinates":[[[-6.220013190649387,53.38978988290181],[-6.218956410680901,53.38855662531472],[-6.222905368144872,53.38871253771576],[-6.221995475591223,53.38926995706275],[-6.2232297837241966,53.389352394997914],[-6.222955636441108,53.390014179737314],[-6.220013190649387,53.38978988290181]]]}},{"id":"2497","type":"Feature","properties":{},"geometry":{"type":"Polygon","coordinates":[[[-6.294353927419971,53.35858614135078],[-6.295599839892788,53.35633233081948],[-6.298043395578545,53.357119958211946],[-6.297056818812304,53.357225854841346],[-6.29690993652757,53.35865169877922],[-6.294353927419971,53.35858614135078]]]}},{"id":"2502","type":"Feature","properties":{},"geometry":{"type":"Polygon","coordinates":[[[-6.224232086344752,53.37376619793747],[-6.224078621689716,53.373225372754206],[-6.221756776276308,53.37301633030156],[-6.222609219356261,53.37214499250219],[-6.225833602046281,53.37281831088571],[-6.226659980900908,53.37380143637958],[-6.226363583223529,53.37431203324277],[-6.224232086344752,53.37376619793747]]]}},{"id":"2510","type":"Feature","properties":{},"geometry":{"type":"Polygon","coordinates":[[[-6.2752325317696185,53.33729922357062],[-6.275136741820194,53.33557603182716],[-6.278350879970379,53.33569672916813],[-6.277967680408985,53.334802634262985],[-6.278724378763865,53.3347153148021],[-6.279628682073423,53.336590622186044],[-6.27857935224738,53.33740167175878],[-6.2752325317696185,53.33729922357062]]]}},{"id":"2535","type":"Feature","properties":{},"geometry":{"type":"Polygon","coordinates":[[[-6.1529237418571245,53.39820417525058],[-6.153074621592521,53.39780839566922],[-6.154178618043604,53.39784279213132],[-6.154095521621839,53.3972718803844],[-6.150840681494646,53.3970587544654],[-6.151839336455465,53.39525642018453],[-6.157400733201871,53.39611394420098],[-6.156082993683111,53.39827423908464],[-6.1529237418571245,53.39820417525058]]]}},{"id":"2540","type":"Feature","properties":{},"geometry":{"type":"Polygon","coordinates":[[[-6.239181972868855,53.381074133529026],[-6.241262538513164,53.3780055083732],[-6.246342407149883,53.37980754446789],[-6.244462328542544,53.38247811034386],[-6.239181972868855,53.381074133529026]]]}},{"id":"2541","type":"Feature","properties":{},"geometry":{"type":"Polygon","coordinates":[[[-6.209463451466859,53.38551569340346],[-6.2102043248067105,53.383131818816864],[-6.211820064272552,53.38330250758325],[-6.210737237125193,53.385013996141],[-6.2110391304104136,53.385467855968656],[-6.214045318798963,53.38604496375718],[-6.213569142172602,53.386633822290754],[-6.209463451466859,53.38551569340346]]]}},{"id":"2542","type":"Feature","properties":{},"geometry":{"type":"Polygon","coordinates":[[[-6.2202721127699645,53.36643567192761],[-6.2208083927084585,53.36475159705505],[-6.218982254329453,53.36472976675783],[-6.220219994402039,53.363080887714275],[-6.220591366219892,53.36371822083677],[-6.224284931817615,53.36454863869574],[-6.2202721127699645,53.36643567192761]]]}},{"id":"2568","type":"Feature","properties":{},"geometry":{"type":"Polygon","coordinates":[[[-6.312168065209312,53.37588166526683],[-6.311887250213265,53.376595026194344],[-6.312578271651847,53.376776522913154],[-6.311042519791983,53.3772630984961],[-6.311033195854351,53.3757385552353],[-6.312168065209312,53.37588166526683]]]}},{"id":"2580","type":"Feature","properties":{},"geometry":{"type":"Polygon","coordinates":[[[-6.283638814846654,53.359061600254634],[-6.285838393195366,53.35845958666892],[-6.287098487464786,53.358840520755024],[-6.285990030651706,53.360054287591524],[-6.284642252141734,53.36006620811951],[-6.283638814846654,53.359061600254634]]]}},{"id":"2591","type":"Feature","properties":{},"geometry":{"type":"Polygon","coordinates":[[[-6.319793966005926,53.39745130934876],[-6.318269049827143,53.39713486963425],[-6.316777886087432,53.39417159646134],[-6.3116211344120305,53.392772307733395],[-6.311517709953596,53.390877005110646],[-6.317286883575555,53.39240875315296],[-6.317779124468044,53.39173001653314],[-6.318747824073492,53.39203593494416],[-6.319243033506119,53.39140715432855],[-6.321237741239824,53.39238141337939],[-6.320551268085172,53.39441268834661],[-6.319131414854265,53.39434978923828],[-6.319793966005926,53.39745130934876]]]}},{"id":"2596","type":"Feature","properties":{},"geometry":{"type":"Polygon","coordinates":[[[-6.301722694179203,53.36275488817484],[-6.298283675680707,53.361384104892416],[-6.299591329042568,53.35957305900394],[-6.301959437206514,53.36037602205542],[-6.300942967808559,53.36146796308886],[-6.30239309822318,53.36201139071395],[-6.304393206263002,53.36098819163267],[-6.305372313064432,53.361080188165076],[-6.304729613358207,53.3615026107771],[-6.305675980445466,53.36253515051391],[-6.303691730442781,53.362807889131574],[-6.302678746954172,53.3620132609355],[-6.301722694179203,53.36275488817484]]]}},{"id":"2600","type":"Feature","properties":{},"geometry":{"type":"Polygon","coordinates":[[[-6.275178284161628,53.34189795722651],[-6.277199824899981,53.34149289718053],[-6.277716897480154,53.34278378203493],[-6.27620699327031,53.343060380517436],[-6.275178284161628,53.34189795722651]]]}},{"id":"2603","type":"Feature","properties":{},"geometry":{"type":"Polygon","coordinates":[[[-6.353344144880742,53.35119386128553],[-6.356848623844895,53.3522908992429],[-6.35572986673245,53.35375169124071],[-6.352662371250325,53.35372948687536],[-6.353344144880742,53.35119386128553]]]}},{"id":"2608","type":"Feature","properties":{},"geometry":{"type":"Polygon","coordinates":[[[-6.240544738247428,53.361128804409866],[-6.240548043639113,53.360075319460016],[-6.241851358451421,53.359869907468116],[-6.243535434571305,53.36067843669751],[-6.242517415909876,53.36167018849287],[-6.240544738247428,53.361128804409866]]]}},{"id":"2614","type":"Feature","properties":{},"geometry":{"type":"Polygon","coordinates":[[[-6.346415261150899,53.34560937478381],[-6.347443986435709,53.34661145371844],[-6.346586383648589,53.347291756095004],[-6.345133079923946,53.34628588490676],[-6.346415261150899,53.34560937478381]]]}},{"id":"2631","type":"Feature","properties":{},"geometry":{"type":"Polygon","coordinates":[[[-6.228942604404224,53.39515679827661],[-6.2302205038505365,53.393923575562276],[-6.229475521581988,53.393738806162865],[-6.229703476979006,53.39296975946481],[-6.232884071236696,53.39415458145577],[-6.2306592684139845,53.3953163578168],[-6.228942604404224,53.39515679827661]]]}},{"id":"2634","type":"Feature","properties":{},"geometry":{"type":"Polygon","coordinates":[[[-6.2659883084128225,53.347053784494534],[-6.267482233566284,53.3466000794515],[-6.267761992096794,53.347322587569344],[-6.266180673081873,53.347558601686494],[-6.2659883084128225,53.347053784494534]]]}},{"id":"2645","type":"Feature","properties":{},"geometry":{"type":"Polygon","coordinates":[[[-6.276843784017354,53.33028864714035],[-6.278266125456263,53.330427539971076],[-6.2784520268819115,53.32989379448647],[-6.281382032477463,53.33029023860757],[-6.281132896166896,53.331084594328644],[-6.276594683195105,53.332048336566906],[-6.276843784017354,53.33028864714035]]]}},{"id":"2670","type":"Feature","properties":{},"geometry":{"type":"Polygon","coordinates":[[[-6.279254272784231,53.31272080673088],[-6.282441542026482,53.312620799340905],[-6.282213862545818,53.31348878475518],[-6.279380821191772,53.31372301174156],[-6.279254272784231,53.31272080673088]]]}},{"id":"2694","type":"Feature","properties":{},"geometry":{"type":"Polygon","coordinates":[[[-6.26474474477562,53.389142755970724],[-6.265840083378402,53.38046982424428],[-6.265273722109811,53.37864470215657],[-6.269415123420669,53.37912737979517],[-6.268594552304325,53.3825290253027],[-6.266783555469077,53.38228641623207],[-6.266195544489735,53.38528464085706],[-6.266887079980495,53.38594557174944],[-6.266015338527599,53.386615804991585],[-6.266359952890315,53.38824394462288],[-6.270313801824056,53.388990661104295],[-6.27017052078231,53.3893209535443],[-6.265595026842125,53.38872810074878],[-6.26474474477562,53.389142755970724]]]}},{"id":"2711","type":"Feature","properties":{},"geometry":{"type":"Polygon","coordinates":[[[-6.263266355215756,53.33474099111558],[-6.262606031633527,53.33295817121746],[-6.26487185285606,53.332593038277004],[-6.266036616160347,53.33494622125932],[-6.26521446412623,53.335477807158114],[-6.26525994807214,53.33471528706547],[-6.263266355215756,53.33474099111558]]]}},{"id":"2724","type":"Feature","properties":{},"geometry":{"type":"Polygon","coordinates":[[[-6.1992322596227325,53.31269950139954],[-6.20102873346551,53.31180388775483],[-6.202554840769389,53.31379641085119],[-6.203426004111189,53.31257646740686],[-6.207681754266064,53.31242683973479],[-6.207168740784826,53.313928379202785],[-6.204103976688245,53.31370955184295],[-6.204272539234786,53.31506161956097],[-6.20330507337107,53.31538162639749],[-6.1992322596227325,53.31269950139954]]]}},{"id":"2729","type":"Feature","properties":{},"geometry":{"type":"Polygon","coordinates":[[[-6.298541829912312,53.3344372133664],[-6.295775390973053,53.33408253091412],[-6.296480306515306,53.3331558520951],[-6.298528520052817,53.33393000598657],[-6.298541829912312,53.3344372133664]]]}},{"id":"2730","type":"Feature","properties":{},"geometry":{"type":"Polygon","coordinates":[[[-6.261806411014882,53.39149541828893],[-6.262032450872799,53.389130600815314],[-6.26279162091437,53.38874503633765],[-6.26474474477562,53.389142755970724],[-6.2639060101073065,53.39186954179948],[-6.261806411014882,53.39149541828893]]]}},{"id":"2745","type":"Feature","properties":{},"geometry":{"type":"Polygon","coordinates":[[[-6.270754947476835,53.38961290442079],[-6.270313801824056,53.388990661104295],[-6.267467511821199,53.3886123841724],[-6.266265379777241,53.387934056232496],[-6.271530964476411,53.387817970428216],[-6.271989523258351,53.3883118695182],[-6.27232502583014,53.3866691013342],[-6.273031507525905,53.38685599404085],[-6.272570774643774,53.38784644235607],[-6.273476843280509,53.387769293753365],[-6.27260560746773,53.38874167882146],[-6.27188707402065,53.38864743783321],[-6.270754947476835,53.38961290442079]]]}},{"id":"2751","type":"Feature","properties":{},"geometry":{"type":"Polygon","coordinates":[[[-6.254010781310472,53.31814657006764],[-6.254725225285362,53.321125671229154],[-6.2529683282435515,53.321104564002106],[-6.252063697880974,53.31836188269275],[-6.254010781310472,53.31814657006764]]]}},{"id":"2766","type":"Feature","properties":{},"geometry":{"type":"Polygon","coordinates":[[[-6.272518860260961,53.32539194063974],[-6.271231671965396,53.32393662991835],[-6.272861532000724,53.323391453843364],[-6.272518860260961,53.32539194063974]]]}},{"id":"2776","type":"Feature","properties":{},"geometry":{"type":"Polygon","coordinates":[[[-6.3495330234395215,53.33181844815923],[-6.3772904396872505,53.32854066924872],[-6.380334169283816,53.33155423779666],[-6.3740017574828,53.331907000002055],[-6.379020161510556,53.33394468722317],[-6.354155893286364,53.33593996040967],[-6.356124826691031,53.33198046994216],[-6.3495330234395215,53.33181844815923]]]}},{"id":"2777","type":"Feature","properties":{},"geometry":{"type":"Polygon","coordinates":[[[-6.284884603804493,53.34955056807202],[-6.281737944351041,53.35004545083236],[-6.282335687638706,53.34737010865626],[-6.283640181477782,53.34757247211633],[-6.283043811561043,53.348253843630104],[-6.285021104386464,53.348259568315754],[-6.284884603804493,53.34955056807202]]]}},{"id":"2779","type":"Feature","properties":{},"geometry":{"type":"Polygon","coordinates":[[[-6.16246139456515,53.402037336389746],[-6.165607426814493,53.40228895202465],[-6.165603074198189,53.402669518885915],[-6.16260608089945,53.40263745685281],[-6.16246139456515,53.402037336389746]]]}},{"id":"2780","type":"Feature","properties":{},"geometry":{"type":"Polygon","coordinates":[[[-6.284462685473758,53.395483731320134],[-6.2858416631570355,53.39363921141366],[-6.289705163879967,53.39530779624866],[-6.286581695258791,53.3961501389455],[-6.284462685473758,53.395483731320134]]]}},{"id":"2798","type":"Feature","properties":{},"geometry":{"type":"Polygon","coordinates":[[[-6.256759080571142,53.39836653966662],[-6.255599430468953,53.397823933564375],[-6.256482192433542,53.39640764020956],[-6.25722578150798,53.39717980420763],[-6.2585696423325885,53.397158466522086],[-6.256905901525782,53.39808836438665],[-6.259051839315694,53.398484360626284],[-6.256759080571142,53.39836653966662]]]}},{"id":"2805","type":"Feature","properties":{},"geometry":{"type":"Polygon","coordinates":[[[-6.265273722109811,53.37864470215657],[-6.264690928535853,53.376132155003724],[-6.265879486588188,53.372584789945506],[-6.2682587020688265,53.37346155531877],[-6.267903840517692,53.374130034153],[-6.266905441305391,53.373891368479],[-6.266285303679374,53.37442783821195],[-6.265846790541095,53.37591158079728],[-6.26647438286955,53.37646592324545],[-6.2681954848560375,53.376637514059816],[-6.267737512105525,53.37758855470252],[-6.265928705264719,53.377667591729555],[-6.2662581492178715,53.378279674294646],[-6.265273722109811,53.37864470215657]]]}},{"id":"2809","type":"Feature","properties":{},"geometry":{"type":"Polygon","coordinates":[[[-6.168581629485731,53.407388494829576],[-6.168514649754997,53.40612424064763],[-6.167851302136365,53.40623831353304],[-6.166367709494152,53.40448207168325],[-6.1687323464832975,53.404065983376086],[-6.169397021555296,53.404747218558214],[-6.170392468315462,53.40475836050586],[-6.1704057610047895,53.405404907316225],[-6.170248822181081,53.407059940959286],[-6.168581629485731,53.407388494829576]]]}},{"id":"2810","type":"Feature","properties":{},"geometry":{"type":"Polygon","coordinates":[[[-6.2735726934041205,53.330908359240176],[-6.273567932723039,53.329620167175754],[-6.275501908997826,53.32971214567968],[-6.275240596020764,53.330947837894946],[-6.2735726934041205,53.330908359240176]]]}},{"id":"2824","type":"Feature","properties":{},"geometry":{"type":"Polygon","coordinates":[[[-6.230496639851953,53.349923046951666],[-6.230635508609696,53.34921085403555],[-6.231888866957516,53.34929611749994],[-6.231812976927065,53.349782132540255],[-6.230496639851953,53.349923046951666]]]}},{"id":"2848","type":"Feature","properties":{},"geometry":{"type":"Polygon","coordinates":[[[-6.159083432008741,53.39646777807029],[-6.1600887582140125,53.39453478271512],[-6.158326404346326,53.39432328391332],[-6.157443562981504,53.396122245288005],[-6.1568362089082,53.395995806461784],[-6.157768170553109,53.393882472444645],[-6.164532965481571,53.39401638240142],[-6.164850735473079,53.39462214716792],[-6.162461209174763,53.39621442218706],[-6.160020553490978,53.39606299975366],[-6.1599036444569695,53.39662213241221],[-6.159083432008741,53.39646777807029]]]}},{"id":"2880","type":"Feature","properties":{},"geometry":{"type":"Polygon","coordinates":[[[-6.324001920227653,53.3382952518201],[-6.324988134782266,53.33768405623635],[-6.329119781996523,53.3378046133262],[-6.324470346273516,53.33871351964798],[-6.324001920227653,53.3382952518201]]]}},{"id":"2888","type":"Feature","properties":{},"geometry":{"type":"Polygon","coordinates":[[[-6.245619347499168,53.364580542580825],[-6.243734111300176,53.36377369499914],[-6.244219889853247,53.3632267353594],[-6.247730004420073,53.364645376341215],[-6.246251097921459,53.364210476590735],[-6.245619347499168,53.364580542580825]]]}},{"id":"2900","type":"Feature","properties":{},"geometry":{"type":"Polygon","coordinates":[[[-6.250805960733794,53.32368654868295],[-6.247826466598437,53.32224628088419],[-6.24868402019665,53.32099775474751],[-6.252372420013566,53.321129081572764],[-6.250805960733794,53.32368654868295]]]}},{"id":"2912","type":"Feature","properties":{},"geometry":{"type":"Polygon","coordinates":[[[-6.367870119854794,53.340464848271516],[-6.366049238441314,53.339997895483],[-6.366459893036593,53.33939402580357],[-6.3689854587913715,53.339956704077],[-6.368671969711851,53.34059871660977],[-6.37091932490974,53.340966329665285],[-6.368679973504381,53.342230188894035],[-6.366637793795818,53.34172545417349],[-6.367870119854794,53.340464848271516]]]}},{"id":"2923","type":"Feature","properties":{},"geometry":{"type":"Polygon","coordinates":[[[-6.168744961965036,53.39114194046548],[-6.161086405646834,53.390804840214706],[-6.161113308813012,53.39013094243828],[-6.167615638540037,53.3903583214547],[-6.168712864965146,53.38973539068922],[-6.169379750033992,53.39013439533172],[-6.168744961965036,53.39114194046548]]]}},{"id":"2935","type":"Feature","properties":{},"geometry":{"type":"Polygon","coordinates":[[[-6.311421078147211,53.37814875782421],[-6.305486407955341,53.37700696500108],[-6.304391053646664,53.376071997530325],[-6.299736548837766,53.37625181750883],[-6.299933057926708,53.37284447160117],[-6.303164840352019,53.37338388885255],[-6.304232976008921,53.3717210075867],[-6.304962319613921,53.372342185426035],[-6.306063896995525,53.37234695045321],[-6.306932899843245,53.37371525750852],[-6.309533315390532,53.375424123340984],[-6.309867159458728,53.37715949200776],[-6.311421078147211,53.37814875782421]]]}},{"id":"2938","type":"Feature","properties":{},"geometry":{"type":"Polygon","coordinates":[[[-6.221776581350464,53.328627809626305],[-6.223438323101437,53.328022417099525],[-6.225487826446324,53.32897497673473],[-6.224416747308482,53.33057451214236],[-6.221776581350464,53.328627809626305]]]}},{"id":"2940","type":"Feature","properties":{},"geometry":{"type":"Polygon","coordinates":[[[-6.24041003002598,53.36161246423251],[-6.240544738247428,53.361128804409866],[-6.242517415909876,53.36167018849287],[-6.242375179449095,53.36194045146357],[-6.24041003002598,53.36161246423251]]]}},{"id":"2942","type":"Feature","properties":{},"geometry":{"type":"Polygon","coordinates":[[[-6.3597032720497335,53.35312221415542],[-6.352776940664386,53.35103240067976],[-6.352865828334333,53.3479307500934],[-6.351510473469788,53.345761502000435],[-6.352694197734691,53.34525546001991],[-6.354178961119677,53.34626986936817],[-6.356461916921321,53.34593097987168],[-6.356189601710354,53.346681554186375],[-6.357448102084591,53.346860912533174],[-6.356581016145441,53.34814751161312],[-6.355904940350472,53.3471352193804],[-6.354272207668971,53.34804902454662],[-6.3559507359170615,53.348926436703465],[-6.360480595809331,53.34934682100986],[-6.3597032720497335,53.35312221415542]]]}},{"id":"2948","type":"Feature","properties":{},"geometry":{"type":"Polygon","coordinates":[[[-6.15241669860134,53.38836766632065],[-6.149970630932403,53.38744035808452],[-6.151638571679318,53.38580281392663],[-6.152927180723336,53.385973926466086],[-6.153726123582664,53.38539249962382],[-6.154307972730251,53.38567454438131],[-6.153562694449095,53.3862486062385],[-6.155290589510863,53.38654994108561],[-6.153981402099429,53.387474621079804],[-6.152044571718622,53.38715282938392],[-6.152833720164287,53.387949751524104],[-6.15241669860134,53.38836766632065]]]}},{"id":"2955","type":"Feature","properties":{},"geometry":{"type":"Polygon","coordinates":[[[-6.224034254094209,53.3142194586915],[-6.225389783253214,53.31316176085521],[-6.226161803606786,53.313572834240645],[-6.22841210113138,53.31246235265012],[-6.230049957829242,53.314489529123996],[-6.227585540341204,53.3147504769284],[-6.226898338819999,53.315463408505515],[-6.224034254094209,53.3142194586915]]]}},{"id":"2956","type":"Feature","properties":{},"geometry":{"type":"Polygon","coordinates":[[[-6.218290699819123,53.39576300944257],[-6.220486643556533,53.392935697247154],[-6.22269265315822,53.393472454850425],[-6.2204741341800025,53.3963751319133],[-6.218290699819123,53.39576300944257]]]}},{"id":"2958","type":"Feature","properties":{},"geometry":{"type":"Polygon","coordinates":[[[-6.16885812595612,53.37937592564273],[-6.170171381942535,53.3778303777421],[-6.1745710261719156,53.37932999391436],[-6.1737798903069825,53.37993685352531],[-6.16885812595612,53.37937592564273]]]}},{"id":"2965","type":"Feature","properties":{},"geometry":{"type":"Polygon","coordinates":[[[-6.367973067747973,53.33902537271434],[-6.368248931747403,53.338137460067514],[-6.367219640272713,53.337996494330966],[-6.36869350962693,53.33783953933958],[-6.368341419384129,53.33650392764323],[-6.3744559672059795,53.3377407081172],[-6.372355699077887,53.339771811454035],[-6.367973067747973,53.33902537271434]]]}},{"id":"2971","type":"Feature","properties":{},"geometry":{"type":"Polygon","coordinates":[[[-6.165138861732848,53.380981458643475],[-6.164873236344425,53.38003047660816],[-6.168981019899328,53.37986265244922],[-6.172363329004444,53.38030685685778],[-6.171812208939978,53.3812130094489],[-6.165138861732848,53.380981458643475]]]}},{"id":"2976","type":"Feature","properties":{},"geometry":{"type":"Polygon","coordinates":[[[-6.280562607752485,53.40579483251212],[-6.281799207608791,53.40430066866215],[-6.282971443169906,53.40534451664149],[-6.2839359955363125,53.404943802845814],[-6.284314717684808,53.40537905225471],[-6.284103646154289,53.406048647414295],[-6.280562607752485,53.40579483251212]]]}},{"id":"2988","type":"Feature","properties":{},"geometry":{"type":"Polygon","coordinates":[[[-6.336292514227242,53.320230870260104],[-6.332360376671364,53.318835670425756],[-6.332982231640055,53.31711584748385],[-6.337131938983752,53.319766074186646],[-6.336292514227242,53.320230870260104]]]}},{"id":"3003","type":"Feature","properties":{},"geometry":{"type":"Polygon","coordinates":[[[-6.285297446905412,53.35332521889045],[-6.283858567590111,53.35232778063525],[-6.284780467258491,53.352083932847826],[-6.285418083475557,53.35258442995132],[-6.286314088916287,53.35196146790608],[-6.287505327028059,53.352942020020514],[-6.285297446905412,53.35332521889045]]]}},{"id":"3006","type":"Feature","properties":{},"geometry":{"type":"Polygon","coordinates":[[[-6.263270383085963,53.3365114119251],[-6.265464631856822,53.336438401084386],[-6.265802808923763,53.337612087668035],[-6.2625554569713655,53.33758607695311],[-6.263270383085963,53.3365114119251]]]}},{"id":"3010","type":"Feature","properties":{},"geometry":{"type":"Polygon","coordinates":[[[-6.295325751243056,53.38053694481597],[-6.292345975697493,53.38096421591919],[-6.29244807676646,53.3799288632337],[-6.293408635420892,53.379707088611276],[-6.29480511173868,53.38023772056911],[-6.29721707284064,53.37982378832153],[-6.297779593774343,53.38132755301862],[-6.295325751243056,53.38053694481597]]]}},{"id":"3014","type":"Feature","properties":{},"geometry":{"type":"Polygon","coordinates":[[[-6.3003253886704,53.37114060036372],[-6.301231450837438,53.36861716991874],[-6.302483209740545,53.36876055355257],[-6.303122792394384,53.36928113993784],[-6.302057339099933,53.37129721634243],[-6.3003253886704,53.37114060036372]]]}},{"id":"3030","type":"Feature","properties":{},"geometry":{"type":"Polygon","coordinates":[[[-6.2519689051181295,53.330687092580916],[-6.2540617312546996,53.33024042642424],[-6.254895083097502,53.331603951015985],[-6.2527637582405635,53.33205654955637],[-6.2519689051181295,53.330687092580916]]]}},{"id":"3043","type":"Feature","properties":{},"geometry":{"type":"Polygon","coordinates":[[[-6.270594351897626,53.34148055833558],[-6.270592565472104,53.34059623749941],[-6.272233466051742,53.340621981022544],[-6.272276528688931,53.34147133343889],[-6.270594351897626,53.34148055833558]]]}},{"id":"3053","type":"Feature","properties":{},"geometry":{"type":"Polygon","coordinates":[[[-6.239845252195721,53.36279570787724],[-6.242375179449095,53.36194045146357],[-6.243865377269163,53.362991619799104],[-6.243265396151408,53.36369637384008],[-6.240925434482421,53.363325136230316],[-6.239884519632932,53.36407718386789],[-6.239845252195721,53.36279570787724]]]}},{"id":"3057","type":"Feature","properties":{},"geometry":{"type":"Polygon","coordinates":[[[-6.278491109108807,53.3247334634323],[-6.279059511406127,53.323129043900636],[-6.280136796652137,53.32350763876154],[-6.279803090130822,53.32400597264135],[-6.281719220520538,53.323566963166456],[-6.280771575905845,53.32503395677502],[-6.278491109108807,53.3247334634323]]]}},{"id":"3058","type":"Feature","properties":{},"geometry":{"type":"Polygon","coordinates":[[[-6.19072183020362,53.40275893673092],[-6.19046585440351,53.40043379889335],[-6.19261125456023,53.40034976025641],[-6.1924755220928525,53.402986800752075],[-6.19072183020362,53.40275893673092]]]}},{"id":"3088","type":"Feature","properties":{},"geometry":{"type":"Polygon","coordinates":[[[-6.27089172834942,53.36678209650938],[-6.263144373723222,53.36521731356414],[-6.263584554138746,53.364396572995666],[-6.26648466534666,53.36468635905183],[-6.266459928139514,53.36572157927452],[-6.271390582815465,53.36593409960427],[-6.27089172834942,53.36678209650938]]]}},{"id":"3097","type":"Feature","properties":{},"geometry":{"type":"Polygon","coordinates":[[[-6.226339249794319,53.385450948047506],[-6.222373439273329,53.384732312297665],[-6.223037662168542,53.38311396120089],[-6.224094980868766,53.38321830280759],[-6.22394306744814,53.38404793717024],[-6.2280147141282844,53.383925915784076],[-6.226339249794319,53.385450948047506]]]}},{"id":"3099","type":"Feature","properties":{},"geometry":{"type":"Polygon","coordinates":[[[-6.328177806652437,53.34331323166911],[-6.328111538677476,53.342170257238415],[-6.330407808712028,53.34234073920073],[-6.33021804918084,53.34336465085522],[-6.328177806652437,53.34331323166911]]]}},{"id":"3113","type":"Feature","properties":{},"geometry":{"type":"Polygon","coordinates":[[[-6.282387918632079,53.31460028275332],[-6.283884963569854,53.312371178199946],[-6.286641905900662,53.312887428578165],[-6.285281928777579,53.314414902151384],[-6.284277258781133,53.314802969266374],[-6.282387918632079,53.31460028275332]]]}},{"id":"3118","type":"Feature","properties":{},"geometry":{"type":"Polygon","coordinates":[[[-6.342041992300553,53.349087564902305],[-6.3427167276136815,53.34831990991067],[-6.344574411157848,53.34810686941713],[-6.345234551510099,53.34893615446307],[-6.344643313017589,53.34945698681464],[-6.34654640205969,53.35071163762655],[-6.345505472713599,53.35118703614473],[-6.342041992300553,53.349087564902305]]]}},{"id":"3120","type":"Feature","properties":{},"geometry":{"type":"Polygon","coordinates":[[[-6.280377402020028,53.345304193107616],[-6.279140728393044,53.34507240980783],[-6.278860760619076,53.344499443159364],[-6.280999583067406,53.34463607744261],[-6.280377402020028,53.345304193107616]]]}},{"id":"3134","type":"Feature","properties":{},"geometry":{"type":"Polygon","coordinates":[[[-6.258424710525132,53.35554999423762],[-6.259713071845688,53.35492064175671],[-6.260981814245688,53.35581674674355],[-6.259597423398551,53.35649269075794],[-6.258424710525132,53.35554999423762]]]}},{"id":"3139","type":"Feature","properties":{},"geometry":{"type":"Polygon","coordinates":[[[-6.258336747600439,53.38760569081699],[-6.250379213178488,53.38466120072276],[-6.251206169306046,53.38146789336971],[-6.252033619927904,53.382531098098376],[-6.254975326551025,53.38386842557779],[-6.257946862157072,53.38278197922721],[-6.258874291556342,53.383444468204445],[-6.258730626171377,53.38485401077845],[-6.2620619726281905,53.38482551828159],[-6.260642142026474,53.38744517728899],[-6.259061762572348,53.38691509385313],[-6.258336747600439,53.38760569081699]]]}},{"id":"3144","type":"Feature","properties":{},"geometry":{"type":"Polygon","coordinates":[[[-6.165879880704966,53.384741150588034],[-6.168809745498583,53.38487948122833],[-6.169441302652785,53.384304083010846],[-6.169315170982842,53.38496064117052],[-6.171398261194576,53.38534663647291],[-6.171553305704899,53.384833808957914],[-6.172636936039436,53.384784719024196],[-6.172845258924471,53.38424412317982],[-6.168758115925007,53.38355633656082],[-6.169762881050334,53.383198901330225],[-6.1755868516961705,53.38422121225048],[-6.174476708439027,53.38676507830969],[-6.172763427189538,53.38639204398384],[-6.172800399781203,53.38595460687779],[-6.165879880704966,53.384741150588034]]]}},{"id":"3169","type":"Feature","properties":{},"geometry":{"type":"Polygon","coordinates":[[[-6.358955923223998,53.347067037711604],[-6.360200126871952,53.34361088174655],[-6.361491288435062,53.34371519273816],[-6.36063467326773,53.34606082075856],[-6.36267076298439,53.34634622191389],[-6.3625856657632545,53.346771012362126],[-6.3609532563840645,53.34683757975632],[-6.36080809883432,53.34730670853763],[-6.358955923223998,53.347067037711604]]]}},{"id":"3180","type":"Feature","properties":{},"geometry":{"type":"Polygon","coordinates":[[[-6.27335745135332,53.30782052641669],[-6.278035483663544,53.30749710593774],[-6.2783494437671905,53.307614619617674],[-6.277882818475696,53.308663441047166],[-6.273682253849412,53.3090775021223],[-6.27335745135332,53.30782052641669]]]}},{"id":"3181","type":"Feature","properties":{},"geometry":{"type":"Polygon","coordinates":[[[-6.244488037870118,53.35832111989981],[-6.246125482208438,53.357492199642614],[-6.247440271381066,53.358209049591586],[-6.246030900880575,53.359077742386305],[-6.244488037870118,53.35832111989981]]]}},{"id":"3188","type":"Feature","properties":{},"geometry":{"type":"Polygon","coordinates":[[[-6.206505191333673,53.39676677134296],[-6.202565790818803,53.395748884667306],[-6.2056127407343915,53.39344934680329],[-6.205370254374064,53.3930170576327],[-6.2087594597815485,53.394250514039236],[-6.208003756093996,53.394361221225715],[-6.206505191333673,53.39676677134296]]]}},{"id":"3197","type":"Feature","properties":{},"geometry":{"type":"Polygon","coordinates":[[[-6.260302325266178,53.332154692006796],[-6.26458217678523,53.33134971222362],[-6.26487185285606,53.332593038277004],[-6.26063587211827,53.33277748097605],[-6.260302325266178,53.332154692006796]]]}},{"id":"3202","type":"Feature","properties":{},"geometry":{"type":"Polygon","coordinates":[[[-6.227453978599969,53.34557741911695],[-6.2281810180966755,53.3431915424582],[-6.229366762715618,53.34307451270652],[-6.230031036481108,53.34611745050667],[-6.227453978599969,53.34557741911695]]]}},{"id":"3204","type":"Feature","properties":{},"geometry":{"type":"Polygon","coordinates":[[[-6.304060663143535,53.38533056838071],[-6.303448456357248,53.38309793061238],[-6.30558496565778,53.3830029421019],[-6.305825269681111,53.38446116904414],[-6.304060663143535,53.38533056838071]]]}},{"id":"3207","type":"Feature","properties":{},"geometry":{"type":"Polygon","coordinates":[[[-6.242455710636995,53.355202658489524],[-6.24434439583264,53.35431843825854],[-6.246177385628343,53.355161129699056],[-6.244268433230383,53.35653179643513],[-6.242455710636995,53.355202658489524]]]}},{"id":"3208","type":"Feature","properties":{},"geometry":{"type":"Polygon","coordinates":[[[-6.27232502583014,53.3866691013342],[-6.273502822619289,53.38477395544997],[-6.274881214633067,53.385027475807185],[-6.275159740691868,53.387673579976855],[-6.272570774643774,53.38784644235607],[-6.273031507525905,53.38685599404085],[-6.27232502583014,53.3866691013342]]]}},{"id":"3229","type":"Feature","properties":{},"geometry":{"type":"Polygon","coordinates":[[[-6.2177156236741,53.31869566481024],[-6.21506088075669,53.317887742908724],[-6.219328608948901,53.31557142006976],[-6.226590969183557,53.318815347332425],[-6.22357957011408,53.31846515132525],[-6.222199757504812,53.31882571060678],[-6.220158602221624,53.31793652678713],[-6.2177156236741,53.31869566481024]]]}},{"id":"3233","type":"Feature","properties":{},"geometry":{"type":"Polygon","coordinates":[[[-6.287576467528734,53.39219012139766],[-6.287814265835606,53.39035875516141],[-6.290071047898289,53.39012969759325],[-6.290518458388461,53.391377413279976],[-6.289430690831659,53.39157360581377],[-6.28930822793956,53.39243576952807],[-6.287576467528734,53.39219012139766]]]}},{"id":"3240","type":"Feature","properties":{},"geometry":{"type":"Polygon","coordinates":[[[-6.1634412234716605,53.39404281405812],[-6.16370341264542,53.39306625474367],[-6.160944659839335,53.392655572139596],[-6.161074761843877,53.3921152291277],[-6.164163303368989,53.392640556629345],[-6.164545953917066,53.39225059254842],[-6.167208283543739,53.392929293877664],[-6.164850735473079,53.39462214716792],[-6.164532965481571,53.39401638240142],[-6.1634412234716605,53.39404281405812]]]}},{"id":"3241","type":"Feature","properties":{},"geometry":{"type":"Polygon","coordinates":[[[-6.223891369668268,53.39782276630412],[-6.226601411496438,53.393324744313496],[-6.228078943231722,53.393547947676325],[-6.2276667529985925,53.39518395296708],[-6.2306592684139845,53.3953163578168],[-6.229895912432019,53.39640401422433],[-6.225821614034583,53.395439659188625],[-6.22472514609776,53.39784086728147],[-6.223891369668268,53.39782276630412]]]}},{"id":"3246","type":"Feature","properties":{},"geometry":{"type":"Polygon","coordinates":[[[-6.255106825092821,53.34682684021018],[-6.255132130185169,53.34590419317193],[-6.2530254330543205,53.34583399653542],[-6.251495733650599,53.34459031728384],[-6.257495311561313,53.34559325449561],[-6.257168425240351,53.34685390807759],[-6.255106825092821,53.34682684021018]]]}},{"id":"3252","type":"Feature","properties":{},"geometry":{"type":"Polygon","coordinates":[[[-6.216168261718651,53.3666017159866],[-6.215940056617271,53.365995118853576],[-6.217859146582842,53.366502179483625],[-6.218430109402474,53.3657325203681],[-6.219379000477933,53.36692287147495],[-6.216168261718651,53.3666017159866]]]}},{"id":"3267","type":"Feature","properties":{},"geometry":{"type":"Polygon","coordinates":[[[-6.179257311958575,53.391556169776685],[-6.1844688197383455,53.391174710272175],[-6.184133565119592,53.392811989702466],[-6.180292840052873,53.39285787956525],[-6.180401859344046,53.39211199599869],[-6.179268298801528,53.39211632703404],[-6.179257311958575,53.391556169776685]]]}},{"id":"3275","type":"Feature","properties":{},"geometry":{"type":"Polygon","coordinates":[[[-6.246551439056042,53.3883282237018],[-6.244778288212153,53.387486485563],[-6.245588999887499,53.38719424789063],[-6.247021419419874,53.38790546093059],[-6.246093092887586,53.38650702157602],[-6.2494561647132745,53.38669372985216],[-6.248733867920054,53.38737877538983],[-6.2495651038042865,53.38789075013773],[-6.250582143772651,53.387057995694526],[-6.251997493103697,53.38765457007385],[-6.250795103688326,53.38833768339102],[-6.246551439056042,53.3883282237018]]]}},{"id":"3278","type":"Feature","properties":{},"geometry":{"type":"Polygon","coordinates":[[[-6.264439573683905,53.36592567838923],[-6.259551931309554,53.3647955443203],[-6.259822817030739,53.364466971471295],[-6.261006619200694,53.36380043270162],[-6.263584554138746,53.364396572995666],[-6.263144373723222,53.36521731356414],[-6.264642522082409,53.36554722059425],[-6.264439573683905,53.36592567838923]]]}},{"id":"3291","type":"Feature","properties":{},"geometry":{"type":"Polygon","coordinates":[[[-6.168319645922585,53.40085062555786],[-6.1704018370035545,53.39867511648028],[-6.172525253404672,53.39906094071669],[-6.172245104740996,53.40034167153338],[-6.170675831597335,53.400054720988095],[-6.171176614171242,53.399350756033286],[-6.170036591754425,53.399382666140106],[-6.169555830814122,53.40129083554275],[-6.168319645922585,53.40085062555786]]]}},{"id":"3308","type":"Feature","properties":{},"geometry":{"type":"Polygon","coordinates":[[[-6.261795440666355,53.345672329840404],[-6.267499318016948,53.34495940515654],[-6.267730492117752,53.345696380008434],[-6.261825001348958,53.34662664279092],[-6.261795440666355,53.345672329840404]]]}},{"id":"3324","type":"Feature","properties":{},"geometry":{"type":"Polygon","coordinates":[[[-6.217458018656424,53.377996078350044],[-6.218587604852438,53.37726785613361],[-6.221730490924404,53.37868902862839],[-6.2216548519170916,53.37912692646096],[-6.220735440563481,53.37936455828744],[-6.217458018656424,53.377996078350044]]]}},{"id":"3325","type":"Feature","properties":{},"geometry":{"type":"Polygon","coordinates":[[[-6.25791212040797,53.33270394033924],[-6.262940527872108,53.3327294319284],[-6.263033354531103,53.3340891593773],[-6.256229921292621,53.33405441263897],[-6.254226308689272,53.33213298768869],[-6.25791212040797,53.33270394033924]]]}},{"id":"3333","type":"Feature","properties":{},"geometry":{"type":"Polygon","coordinates":[[[-6.289572249594488,53.31889576427495],[-6.289953731643516,53.31681199215998],[-6.291058552713332,53.316592266574226],[-6.292822747874285,53.31750000055801],[-6.290555990295251,53.31946701312325],[-6.289572249594488,53.31889576427495]]]}},{"id":"3335","type":"Feature","properties":{},"geometry":{"type":"Polygon","coordinates":[[[-6.311488381607516,53.36991502400908],[-6.312553387779176,53.36852534217815],[-6.314920372250614,53.36920248175565],[-6.314954884087795,53.369814099701465],[-6.31303953478135,53.37039934869789],[-6.311488381607516,53.36991502400908]]]}},{"id":"3343","type":"Feature","properties":{},"geometry":{"type":"Polygon","coordinates":[[[-6.26923834715794,53.3576493835089],[-6.27185587165355,53.35767256273915],[-6.27105930047854,53.358929529661594],[-6.269786891691999,53.35894085518235],[-6.26923834715794,53.3576493835089]]]}},{"id":"3356","type":"Feature","properties":{},"geometry":{"type":"Polygon","coordinates":[[[-6.328994597981499,53.3377325016651],[-6.329754089577463,53.336387175356585],[-6.3306354292214175,53.33623681880442],[-6.330472388850986,53.33733380070863],[-6.328994597981499,53.3377325016651]]]}},{"id":"3361","type":"Feature","properties":{},"geometry":{"type":"Polygon","coordinates":[[[-6.1978346509814335,53.40290288256978],[-6.198392372433121,53.402309770602116],[-6.199704080128493,53.402676815292054],[-6.200189931808363,53.40237966863899],[-6.200810268278904,53.402966254596556],[-6.203620133674488,53.40297150275344],[-6.203620247859105,53.403928289282774],[-6.1978346509814335,53.40290288256978]]]}},{"id":"3369","type":"Feature","properties":{},"geometry":{"type":"Polygon","coordinates":[[[-6.232226294094313,53.3193784146048],[-6.233533973493033,53.3182543202571],[-6.236281430047529,53.31654663211585],[-6.235802331914567,53.31873704231081],[-6.232647453583785,53.3196869996934],[-6.232226294094313,53.3193784146048]]]}},{"id":"3373","type":"Feature","properties":{},"geometry":{"type":"Polygon","coordinates":[[[-6.280999583067406,53.34463607744261],[-6.277816762601966,53.34416312543679],[-6.281067703677185,53.34385038543],[-6.280999583067406,53.34463607744261]]]}},{"id":"3394","type":"Feature","properties":{},"geometry":{"type":"Polygon","coordinates":[[[-6.30865547227065,53.326540418615004],[-6.308899216397961,53.325294045435854],[-6.312387332237686,53.32515490339633],[-6.312446934206317,53.325576289557596],[-6.314073665875838,53.3253836413269],[-6.314374630428037,53.32589102882699],[-6.30865547227065,53.326540418615004]]]}},{"id":"3397","type":"Feature","properties":{},"geometry":{"type":"Polygon","coordinates":[[[-6.270042232709321,53.31498225510911],[-6.270001696066681,53.313767611443744],[-6.273189219020479,53.31333561677755],[-6.271725439725697,53.3154101978702],[-6.270042232709321,53.31498225510911]]]}},{"id":"3403","type":"Feature","properties":{},"geometry":{"type":"Polygon","coordinates":[[[-6.282261516705911,53.363133507824905],[-6.283198233057027,53.361234930650305],[-6.28560161540274,53.36162747848325],[-6.28494622429283,53.36239142930785],[-6.283518169822078,53.36207093784702],[-6.283145157923019,53.36331546043512],[-6.282261516705911,53.363133507824905]]]}},{"id":"3406","type":"Feature","properties":{},"geometry":{"type":"Polygon","coordinates":[[[-6.237897141133035,53.34664629086459],[-6.238162589423946,53.345264462879534],[-6.24056609812425,53.345543034093076],[-6.240277912130403,53.34680811800626],[-6.237897141133035,53.34664629086459]]]}},{"id":"3435","type":"Feature","properties":{},"geometry":{"type":"Polygon","coordinates":[[[-6.186031073041169,53.35920807933966],[-6.191775628745614,53.35774714459079],[-6.193740936139586,53.35771132438089],[-6.196183626158325,53.35842115898312],[-6.195988126067974,53.35967845497266],[-6.189945634842027,53.35872774804981],[-6.189208597037893,53.359614504023874],[-6.186694597937927,53.36026448972052],[-6.186031073041169,53.35920807933966]]]}},{"id":"3445","type":"Feature","properties":{},"geometry":{"type":"Polygon","coordinates":[[[-6.258043740367092,53.35365658934234],[-6.257767428258227,53.35319222016209],[-6.258752681258809,53.35299264045394],[-6.25762220373505,53.35269402787498],[-6.261174005861024,53.35191777638422],[-6.2614649149155435,53.35259297749394],[-6.258043740367092,53.35365658934234]]]}},{"id":"3460","type":"Feature","properties":{},"geometry":{"type":"Polygon","coordinates":[[[-6.214214752155183,53.38685163927051],[-6.214045318798963,53.38604496375718],[-6.211562574264682,53.38544001749675],[-6.212375008955327,53.384214990388905],[-6.211653429587835,53.38396835032864],[-6.211820064272552,53.38330250758325],[-6.2133383545906655,53.38323737718101],[-6.216372560420855,53.38431249218694],[-6.215183797442858,53.38695499024791],[-6.214214752155183,53.38685163927051]]]}},{"id":"3463","type":"Feature","properties":{},"geometry":{"type":"Polygon","coordinates":[[[-6.2854774522803245,53.406250328764145],[-6.28584029477595,53.40467865683242],[-6.2850488923370325,53.40461111601194],[-6.285045264994843,53.40380945109412],[-6.286658926854432,53.403920936667156],[-6.286928785421742,53.405331179195535],[-6.286774464231902,53.406083936636875],[-6.2854774522803245,53.406250328764145]]]}},{"id":"3475","type":"Feature","properties":{},"geometry":{"type":"Polygon","coordinates":[[[-6.279030615628807,53.37021815641845],[-6.280124340444756,53.36909117244301],[-6.281878123247973,53.369406146386275],[-6.281303614590129,53.370740949593305],[-6.2845188632646005,53.37132240398192],[-6.283386405157113,53.37261130952383],[-6.279030615628807,53.37021815641845]]]}},{"id":"3480","type":"Feature","properties":{},"geometry":{"type":"Polygon","coordinates":[[[-6.242316899206523,53.336245075842484],[-6.245462459394196,53.33424457285462],[-6.249093415275856,53.336813207840315],[-6.247710025728695,53.338219098648224],[-6.242316899206523,53.336245075842484]]]}},{"id":"3485","type":"Feature","properties":{},"geometry":{"type":"Polygon","coordinates":[[[-6.321551835075946,53.33203897500307],[-6.324233003005342,53.33021498276593],[-6.325119059941466,53.33066232221045],[-6.324204523007673,53.332156046286315],[-6.321551835075946,53.33203897500307]]]}},{"id":"3487","type":"Feature","properties":{},"geometry":{"type":"Polygon","coordinates":[[[-6.2933434717739205,53.342572429249735],[-6.2955287445846775,53.341963385021856],[-6.296191399589202,53.34259166099362],[-6.2936545672377555,53.34317868357958],[-6.2933434717739205,53.342572429249735]]]}},{"id":"3489","type":"Feature","properties":{},"geometry":{"type":"Polygon","coordinates":[[[-6.259045184606597,53.329129945663944],[-6.258684020362579,53.3284905068447],[-6.261122435019031,53.32830907654426],[-6.261837215795956,53.329075791693676],[-6.260521238066798,53.32949996694946],[-6.260007171096337,53.32888577931537],[-6.259045184606597,53.329129945663944]]]}},{"id":"3492","type":"Feature","properties":{},"geometry":{"type":"Polygon","coordinates":[[[-6.2752220048202565,53.340126782907866],[-6.275894374138655,53.33966275672363],[-6.276951797370299,53.339795256331264],[-6.277128080521614,53.34054383246267],[-6.275610102504548,53.340792011862376],[-6.2752220048202565,53.340126782907866]]]}},{"id":"3495","type":"Feature","properties":{},"geometry":{"type":"Polygon","coordinates":[[[-6.291225019573499,53.35364784527087],[-6.289744158353759,53.35275764468904],[-6.292395045239997,53.352402186218605],[-6.292258127004872,53.35308659102263],[-6.291225019573499,53.35364784527087]]]}},{"id":"3499","type":"Feature","properties":{},"geometry":{"type":"Polygon","coordinates":[[[-6.239936121226625,53.342583599203756],[-6.241154639869471,53.342741083493635],[-6.240966916094017,53.343669667400846],[-6.239807868828861,53.34355905116588],[-6.239936121226625,53.342583599203756]]]}},{"id":"3501","type":"Feature","properties":{},"geometry":{"type":"Polygon","coordinates":[[[-6.240721587097329,53.331598933420004],[-6.241705864514194,53.32855243694677],[-6.243414058244423,53.32875775339299],[-6.242307666752865,53.33177490617425],[-6.240721587097329,53.331598933420004]]]}},{"id":"3512","type":"Feature","properties":{},"geometry":{"type":"Polygon","coordinates":[[[-6.150902357396984,53.3837582849472],[-6.155931056986702,53.38252193015704],[-6.156065989057387,53.382876469625245],[-6.157278613906508,53.38270706586409],[-6.157436884695431,53.38226490759029],[-6.158886483766208,53.38240892444923],[-6.158656783096825,53.38338488871992],[-6.157439938461599,53.383236058843714],[-6.157442718525797,53.38392636019648],[-6.152628433312161,53.38486197301624],[-6.150902357396984,53.3837582849472]]]}},{"id":"3524","type":"Feature","properties":{},"geometry":{"type":"Polygon","coordinates":[[[-6.209532502287739,53.40223444262289],[-6.209636558162037,53.40148061564575],[-6.213481218258721,53.40055810626075],[-6.216094026197029,53.40056091248787],[-6.212598691578383,53.401108009393155],[-6.212980494150335,53.40218995199256],[-6.211306129472147,53.402396850046905],[-6.211131616409017,53.40152986693563],[-6.209532502287739,53.40223444262289]]]}},{"id":"3525","type":"Feature","properties":{},"geometry":{"type":"Polygon","coordinates":[[[-6.230747563653639,53.33316531221805],[-6.229954263793632,53.33182959472694],[-6.228852020081617,53.33180775155451],[-6.231330056037338,53.32921675318768],[-6.23536903154136,53.33228346413267],[-6.231869696433634,53.33384482723655],[-6.231645178809704,53.333153859236674],[-6.230747563653639,53.33316531221805]]]}},{"id":"3534","type":"Feature","properties":{},"geometry":{"type":"Polygon","coordinates":[[[-6.300968398953481,53.32781597139477],[-6.301797062005829,53.32754686667451],[-6.302521894038699,53.32800351354094],[-6.304177238243711,53.327314455688054],[-6.304914705338803,53.32852420967979],[-6.298965587140341,53.329842194635006],[-6.301526250087799,53.32844711339006],[-6.300968398953481,53.32781597139477]]]}},{"id":"3538","type":"Feature","properties":{},"geometry":{"type":"Polygon","coordinates":[[[-6.174424972570349,53.39956411596942],[-6.172389427275094,53.399475579578045],[-6.172547504800694,53.39888352241549],[-6.174864934305393,53.3970548400842],[-6.175451235154587,53.397602456457534],[-6.174424972570349,53.39956411596942]]]}},{"id":"3558","type":"Feature","properties":{},"geometry":{"type":"Polygon","coordinates":[[[-6.251016688524576,53.37074145863737],[-6.25044946315787,53.36978446892145],[-6.247473382875525,53.36847187931543],[-6.247758240430415,53.3679870016973],[-6.253810934739296,53.37061115376334],[-6.253498077191125,53.37112302224689],[-6.251016688524576,53.37074145863737]]]}},{"id":"3570","type":"Feature","properties":{},"geometry":{"type":"Polygon","coordinates":[[[-6.180765372231445,53.37731955279274],[-6.183692415166929,53.37701096258716],[-6.1834741590324525,53.37507741992796],[-6.184737898094896,53.37520161270172],[-6.18403894167469,53.37588056140069],[-6.185222016738748,53.37753428892961],[-6.181389537820838,53.37850429726616],[-6.180765372231445,53.37731955279274]]]}},{"id":"3571","type":"Feature","properties":{},"geometry":{"type":"Polygon","coordinates":[[[-6.269286385079267,53.318864287671445],[-6.270035775439547,53.31780925570048],[-6.271294127539096,53.31811580386024],[-6.270573015105047,53.31910837253103],[-6.269286385079267,53.318864287671445]]]}},{"id":"3588","type":"Feature","properties":{},"geometry":{"type":"Polygon","coordinates":[[[-6.261678521109014,53.327712109045294],[-6.260569859117564,53.32519453004926],[-6.262622501203808,53.325019254550014],[-6.263879042805037,53.326134066556854],[-6.263788655663245,53.32716022979842],[-6.263385099185571,53.32797191613889],[-6.261678521109014,53.327712109045294]]]}},{"id":"3591","type":"Feature","properties":{},"geometry":{"type":"Polygon","coordinates":[[[-6.182585400973867,53.363862247715055],[-6.182441289313533,53.36303931329255],[-6.180803956536652,53.3624169707583],[-6.180214848760115,53.363132769812324],[-6.179465711810932,53.362763369628006],[-6.180454754038232,53.36160780438955],[-6.1850581152747255,53.362404534195996],[-6.184296940147564,53.364046099570395],[-6.182585400973867,53.363862247715055]]]}},{"id":"3593","type":"Feature","properties":{},"geometry":{"type":"Polygon","coordinates":[[[-6.242902177218771,53.34995769466968],[-6.243024553242663,53.349218910574464],[-6.243750205491177,53.34926455803603],[-6.243661656330586,53.349854242269316],[-6.2457338681753365,53.349996180827034],[-6.242902177218771,53.34995769466968]]]}},{"id":"3601","type":"Feature","properties":{},"geometry":{"type":"Polygon","coordinates":[[[-6.2430806270242485,53.39009423441693],[-6.243352988969379,53.387581354388516],[-6.244416838177619,53.387710563594],[-6.245577314594806,53.390349897462904],[-6.2430806270242485,53.39009423441693]]]}},{"id":"3612","type":"Feature","properties":{},"geometry":{"type":"Polygon","coordinates":[[[-6.247142072705251,53.345183501230515],[-6.248444767199862,53.3454502472465],[-6.248160165068793,53.34605304618322],[-6.247325224665352,53.345936943723835],[-6.247142072705251,53.345183501230515]]]}},{"id":"3621","type":"Feature","properties":{},"geometry":{"type":"Polygon","coordinates":[[[-6.206075937029907,53.36623140202741],[-6.208559628371485,53.363909087760156],[-6.210718667410948,53.364101218437554],[-6.208090531495164,53.366912350189736],[-6.206075937029907,53.36623140202741]]]}},{"id":"3627","type":"Feature","properties":{},"geometry":{"type":"Polygon","coordinates":[[[-6.208196851299612,53.32812858138135],[-6.210014005765993,53.32798799072615],[-6.211425464661769,53.328539314177945],[-6.208844912477244,53.329442413629394],[-6.208196851299612,53.32812858138135]]]}},{"id":"3634","type":"Feature","properties":{},"geometry":{"type":"Polygon","coordinates":[[[-6.292024208016602,53.36667751032312],[-6.294746850396029,53.367082299124334],[-6.294362403950794,53.368529214476354],[-6.291862823447911,53.367751518524194],[-6.292024208016602,53.36667751032312]]]}},{"id":"3635","type":"Feature","properties":{},"geometry":{"type":"Polygon","coordinates":[[[-6.362351376480606,53.34162832511924],[-6.362429430132938,53.34128215464946],[-6.369003889082893,53.342646859869056],[-6.3717596921813895,53.34181773660489],[-6.3693671696443825,53.34300934912726],[-6.362351376480606,53.34162832511924]]]}},{"id":"3642","type":"Feature","properties":{},"geometry":{"type":"Polygon","coordinates":[[[-6.2400706955074465,53.33901423316114],[-6.241221947658088,53.33834502870595],[-6.242097199553589,53.33848878749622],[-6.241190312690448,53.33946217591971],[-6.2400706955074465,53.33901423316114]]]}},{"id":"3661","type":"Feature","properties":{},"geometry":{"type":"Polygon","coordinates":[[[-6.301322800302212,53.31468626841912],[-6.298149248123925,53.31425035999494],[-6.297164808701828,53.31385546500623],[-6.297686981187267,53.313447479610375],[-6.302273324909468,53.3135199519394],[-6.301322800302212,53.31468626841912]]]}},{"id":"3686","type":"Feature","properties":{},"geometry":{"type":"Polygon","coordinates":[[[-6.265031051788146,53.31571286193724],[-6.263962217253042,53.31366010867224],[-6.265645204536532,53.313533601888196],[-6.2664542878259875,53.315263593127256],[-6.265031051788146,53.31571286193724]]]}},{"id":"3689","type":"Feature","properties":{},"geometry":{"type":"Polygon","coordinates":[[[-6.245399898649293,53.32726582369634],[-6.2434932969495405,53.32534220463201],[-6.244180284099035,53.324738786788174],[-6.247694482852781,53.32356730080925],[-6.250024770625092,53.32509201777136],[-6.249402597470126,53.326053995835416],[-6.245399898649293,53.32726582369634]]]}},{"id":"3707","type":"Feature","properties":{},"geometry":{"type":"Polygon","coordinates":[[[-6.242924946083927,53.344705659584214],[-6.243189159145451,53.343500447802306],[-6.244391503290909,53.343657283070755],[-6.2439263076559675,53.344796289657154],[-6.242924946083927,53.344705659584214]]]}},{"id":"3724","type":"Feature","properties":{},"geometry":{"type":"Polygon","coordinates":[[[-6.234298886078726,53.340890378475656],[-6.234388504692708,53.33991430557375],[-6.236308109390912,53.34075918374881],[-6.236231412478098,53.341129215719995],[-6.234298886078726,53.340890378475656]]]}},{"id":"3729","type":"Feature","properties":{},"geometry":{"type":"Polygon","coordinates":[[[-6.295775390973053,53.33408253091412],[-6.292069146197878,53.33295488402037],[-6.293189710053373,53.33218715154115],[-6.296480306515306,53.3331558520951],[-6.295775390973053,53.33408253091412]]]}},{"id":"3730","type":"Feature","properties":{},"geometry":{"type":"Polygon","coordinates":[[[-6.261077614398836,53.34710275408372],[-6.262919506408964,53.346973731162606],[-6.263071031447436,53.34734832351895],[-6.261282295810305,53.34775304288309],[-6.261077614398836,53.34710275408372]]]}},{"id":"3738","type":"Feature","properties":{},"geometry":{"type":"Polygon","coordinates":[[[-6.326641294885196,53.32287825354449],[-6.3278705473362375,53.32211971464092],[-6.328630341378058,53.32038493644208],[-6.330831102384604,53.31908396630295],[-6.3321241670028625,53.31922350992813],[-6.328077916384119,53.32400633810225],[-6.327337297884129,53.32413380488021],[-6.326641294885196,53.32287825354449]]]}},{"id":"3749","type":"Feature","properties":{},"geometry":{"type":"Polygon","coordinates":[[[-6.296604104140537,53.348184446210944],[-6.296145597951352,53.347076142536245],[-6.301946782304424,53.34765977748783],[-6.302076105616071,53.348282288102766],[-6.296604104140537,53.348184446210944]]]}},{"id":"3763","type":"Feature","properties":{},"geometry":{"type":"Polygon","coordinates":[[[-6.275712652273335,53.40245906951761],[-6.2723703370699715,53.400731066411566],[-6.272848063343349,53.39953345812541],[-6.2749773994637374,53.40021504190984],[-6.274550043120765,53.40077908379616],[-6.276506212500536,53.402083918213485],[-6.275712652273335,53.40245906951761]]]}},{"id":"3765","type":"Feature","properties":{},"geometry":{"type":"Polygon","coordinates":[[[-6.157443562981504,53.396122245288005],[-6.158326404346326,53.39432328391332],[-6.1600887582140125,53.39453478271512],[-6.159083432008741,53.39646777807029],[-6.157443562981504,53.396122245288005]]]}},{"id":"3768","type":"Feature","properties":{},"geometry":{"type":"Polygon","coordinates":[[[-6.312590045341578,53.387849322593254],[-6.312721381686471,53.38638177811285],[-6.315734903226052,53.386691910733546],[-6.315563719617989,53.3881903714198],[-6.312590045341578,53.387849322593254]]]}},{"id":"3782","type":"Feature","properties":{},"geometry":{"type":"Polygon","coordinates":[[[-6.232482484813242,53.355628090229004],[-6.232401350061182,53.35508489449559],[-6.231687749911117,53.35541839611836],[-6.2297823672812465,53.35452744317182],[-6.230592559532874,53.353869133669846],[-6.233428858433999,53.355136064138755],[-6.232482484813242,53.355628090229004]]]}},{"id":"3786","type":"Feature","properties":{},"geometry":{"type":"Polygon","coordinates":[[[-6.246790051566245,53.356911761242976],[-6.248340777376581,53.35596399923263],[-6.249768106610538,53.35702819461744],[-6.24839078365002,53.35769129647323],[-6.246790051566245,53.356911761242976]]]}},{"id":"3796","type":"Feature","properties":{},"geometry":{"type":"Polygon","coordinates":[[[-6.190751160838098,53.38801788124519],[-6.189215401997986,53.38589693605924],[-6.192684193742135,53.38438523982943],[-6.195118906231119,53.38460873029442],[-6.190751160838098,53.38801788124519]]]}},{"id":"3801","type":"Feature","properties":{},"geometry":{"type":"Polygon","coordinates":[[[-6.326641294885196,53.32287825354449],[-6.324916986955814,53.32068701201071],[-6.327296007719279,53.3196385226813],[-6.328630341378058,53.32038493644208],[-6.3278705473362375,53.32211971464092],[-6.326641294885196,53.32287825354449]]]}},{"id":"3810","type":"Feature","properties":{},"geometry":{"type":"Polygon","coordinates":[[[-6.262350819300638,53.39187842486767],[-6.250372127374817,53.3910198871708],[-6.249340665895479,53.39059552812583],[-6.249130739227079,53.38961310005789],[-6.24990426789502,53.389554948178],[-6.249337370970115,53.39002298476836],[-6.250026360642208,53.389984678136635],[-6.250070298508719,53.3907274580428],[-6.261806411014882,53.39149541828893],[-6.262350819300638,53.39187842486767]]]}},{"id":"3813","type":"Feature","properties":{},"geometry":{"type":"Polygon","coordinates":[[[-6.303095947055581,53.32606037713477],[-6.302038283559805,53.32485479162695],[-6.303634183779092,53.32494677808358],[-6.3035079061658275,53.325797187455315],[-6.305658107597595,53.32594121401494],[-6.306342986029701,53.32511957858339],[-6.306061798224927,53.326245908906174],[-6.303095947055581,53.32606037713477]]]}},{"id":"3817","type":"Feature","properties":{},"geometry":{"type":"Polygon","coordinates":[[[-6.1616512600088384,53.39848006020887],[-6.162096530477676,53.39709503374331],[-6.168057342052199,53.3969557197308],[-6.168103975743337,53.397294561527715],[-6.164894740242731,53.397434766048384],[-6.164848935431177,53.39832754069017],[-6.1616512600088384,53.39848006020887]]]}},{"id":"3824","type":"Feature","properties":{},"geometry":{"type":"Polygon","coordinates":[[[-6.2416723269403676,53.377192146520045],[-6.24207006689975,53.37639580002379],[-6.244128353690163,53.37670898229146],[-6.243740528293765,53.377635664827416],[-6.2416723269403676,53.377192146520045]]]}},{"id":"3827","type":"Feature","properties":{},"geometry":{"type":"Polygon","coordinates":[[[-6.255106825092821,53.34682684021018],[-6.257168425240351,53.34685390807759],[-6.2574676929002395,53.34760575802741],[-6.254943092706413,53.34785347741619],[-6.255106825092821,53.34682684021018]]]}},{"id":"3828","type":"Feature","properties":{},"geometry":{"type":"Polygon","coordinates":[[[-6.221060701258581,53.36725985927624],[-6.218650406371927,53.36627916040992],[-6.2191238537901405,53.36546528573996],[-6.2202721127699645,53.36643567192761],[-6.222276603558112,53.36534786574416],[-6.223272654957365,53.366183712583044],[-6.221022607315313,53.366864604195214],[-6.221060701258581,53.36725985927624]]]}},{"id":"3833","type":"Feature","properties":{},"geometry":{"type":"Polygon","coordinates":[[[-6.272411686341438,53.32026168062647],[-6.274585002102016,53.31970749006256],[-6.279148571928164,53.31860277725713],[-6.278851222934484,53.31933784117633],[-6.272908514176028,53.320973814769815],[-6.272411686341438,53.32026168062647]]]}},{"id":"3834","type":"Feature","properties":{},"geometry":{"type":"Polygon","coordinates":[[[-6.279968352850122,53.3883661995567],[-6.279320219457913,53.38686294851329],[-6.280961049995154,53.38610860496554],[-6.28225370539417,53.386503840221415],[-6.282066176390645,53.38717122581479],[-6.283359270718562,53.387332424851714],[-6.2825508030265675,53.388431706021514],[-6.281420163420815,53.388265530290255],[-6.2809913926588905,53.387604668135204],[-6.279968352850122,53.3883661995567]]]}},{"id":"3835","type":"Feature","properties":{},"geometry":{"type":"Polygon","coordinates":[[[-6.261606131965774,53.35941366756696],[-6.260241683163001,53.35861317467879],[-6.260755634508726,53.35843204278],[-6.2619485430971285,53.359038584920626],[-6.261606131965774,53.35941366756696]]]}},{"id":"3861","type":"Feature","properties":{},"geometry":{"type":"Polygon","coordinates":[[[-6.274536263976546,53.343455569049034],[-6.273175429782032,53.34250711283717],[-6.27373602528177,53.34211129131726],[-6.275576300524097,53.343366496849434],[-6.274536263976546,53.343455569049034]]]}},{"id":"3873","type":"Feature","properties":{},"geometry":{"type":"Polygon","coordinates":[[[-6.271062196081027,53.38937946870166],[-6.27188707402065,53.38864743783321],[-6.27260560746773,53.38874167882146],[-6.272840467393238,53.387852690953075],[-6.275159740691868,53.387673579976855],[-6.274776021100672,53.38885115666217],[-6.278523063992924,53.389138135440795],[-6.278359526302002,53.38991228864502],[-6.271062196081027,53.38937946870166]]]}},{"id":"3900","type":"Feature","properties":{},"geometry":{"type":"Polygon","coordinates":[[[-6.151890705197029,53.406784043974355],[-6.151465694284487,53.40561517263335],[-6.156244187453958,53.40616020001318],[-6.155852400217439,53.40695478672955],[-6.154445199289621,53.406708322725855],[-6.154183671758859,53.40721377445305],[-6.151890705197029,53.406784043974355]]]}},{"id":"3901","type":"Feature","properties":{},"geometry":{"type":"Polygon","coordinates":[[[-6.299336208612333,53.33769211227443],[-6.29906371789193,53.33596120489388],[-6.300608560414798,53.335950603320775],[-6.301886761117366,53.33683795085109],[-6.30320256964241,53.336717330842426],[-6.303408399887178,53.33725982095521],[-6.299336208612333,53.33769211227443]]]}},{"id":"3908","type":"Feature","properties":{},"geometry":{"type":"Polygon","coordinates":[[[-6.208482680911934,53.362393139483494],[-6.209948838957289,53.359881585941835],[-6.215124929285973,53.360913332626446],[-6.214760092046195,53.36217643625941],[-6.213653684643204,53.36225132386502],[-6.213807787987239,53.36192518547796],[-6.212000587776733,53.36161190110453],[-6.212179094764989,53.36114850367372],[-6.210670344148279,53.36084478427771],[-6.210321137283609,53.36178704346785],[-6.208482680911934,53.362393139483494]]]}},{"id":"3909","type":"Feature","properties":{},"geometry":{"type":"Polygon","coordinates":[[[-6.237917230506424,53.33129011719018],[-6.238717583123332,53.3288064175085],[-6.240299321585566,53.32835819747605],[-6.239324754079032,53.331450603089316],[-6.237917230506424,53.33129011719018]]]}},{"id":"3910","type":"Feature","properties":{},"geometry":{"type":"Polygon","coordinates":[[[-6.260549550586849,53.32500181573615],[-6.260308490027207,53.323476598357765],[-6.261224436118778,53.32324089228961],[-6.262001386110352,53.32462895627471],[-6.260549550586849,53.32500181573615]]]}},{"id":"3921","type":"Feature","properties":{},"geometry":{"type":"Polygon","coordinates":[[[-6.287911477653027,53.38942580026791],[-6.288243703518554,53.38833859279642],[-6.287386754181897,53.387864127544645],[-6.291475549760749,53.38838211849486],[-6.291337053699787,53.389177786281465],[-6.287911477653027,53.38942580026791]]]}},{"id":"3922","type":"Feature","properties":{},"geometry":{"type":"Polygon","coordinates":[[[-6.26965973925073,53.34549223975965],[-6.272124060211436,53.34528166250925],[-6.275737718600616,53.345544614100284],[-6.2750178609958684,53.34706301141028],[-6.27026208795698,53.34708193606413],[-6.26965973925073,53.34549223975965]]]}},{"id":"3926","type":"Feature","properties":{},"geometry":{"type":"Polygon","coordinates":[[[-6.221510797853924,53.39227966722982],[-6.225890668037672,53.392738603164126],[-6.226762026374505,53.39295274024022],[-6.226599352564967,53.3934288677821],[-6.225294513102331,53.393891875330866],[-6.221978815445794,53.393218210597055],[-6.221510797853924,53.39227966722982]]]}},{"id":"3937","type":"Feature","properties":{},"geometry":{"type":"Polygon","coordinates":[[[-6.197669193557305,53.37284683392273],[-6.200660032635645,53.372865558154636],[-6.201302768830712,53.373493920170176],[-6.199296582954256,53.37524110205018],[-6.19870676539062,53.374462598905055],[-6.199968740533875,53.37383517540736],[-6.199502580944279,53.37349267826912],[-6.198125955124493,53.373939034036596],[-6.197669193557305,53.37284683392273]]]}},{"id":"3947","type":"Feature","properties":{},"geometry":{"type":"Polygon","coordinates":[[[-6.180562681390516,53.379426645331804],[-6.183418152813248,53.37951850763732],[-6.184614838385258,53.37922381987196],[-6.1844148164881405,53.37884037064832],[-6.190686649224005,53.3776065362933],[-6.191254786262192,53.37807738250089],[-6.182005087433374,53.38016091194337],[-6.180562681390516,53.379426645331804]]]}},{"id":"3952","type":"Feature","properties":{},"geometry":{"type":"Polygon","coordinates":[[[-6.271355469953277,53.32174588627037],[-6.268072001730664,53.322163894995725],[-6.267609582727391,53.32124397599793],[-6.27121881025813,53.31988994116049],[-6.2734161717938655,53.32253200326392],[-6.2725655299827805,53.322786428791225],[-6.271355469953277,53.32174588627037]]]}},{"id":"3965","type":"Feature","properties":{},"geometry":{"type":"Polygon","coordinates":[[[-6.27311845056372,53.397564768008614],[-6.274305083955703,53.39614965916951],[-6.2754148027553835,53.396886383182924],[-6.275176253993092,53.3981369366782],[-6.27311845056372,53.397564768008614]]]}},{"id":"3974","type":"Feature","properties":{},"geometry":{"type":"Polygon","coordinates":[[[-6.203475111751095,53.36862662084113],[-6.204628047018524,53.36584578620378],[-6.209853459790639,53.367547846699125],[-6.208326844829444,53.369369871839524],[-6.203475111751095,53.36862662084113]]]}},{"id":"3996","type":"Feature","properties":{},"geometry":{"type":"Polygon","coordinates":[[[-6.291256315919829,53.35366575726413],[-6.293395863903606,53.35203809868212],[-6.2928445301198135,53.35074357047334],[-6.294383710562498,53.350630537179974],[-6.294527502739442,53.35271926967173],[-6.295629841349811,53.35300431190218],[-6.292778204604711,53.35448722763145],[-6.291256315919829,53.35366575726413]]]}},{"id":"3997","type":"Feature","properties":{},"geometry":{"type":"Polygon","coordinates":[[[-6.250272109643858,53.35514515215316],[-6.2513344872336365,53.35490728840172],[-6.2516958890867755,53.35533392010032],[-6.250633220608106,53.35576133319288],[-6.250272109643858,53.35514515215316]]]}},{"id":"3998","type":"Feature","properties":{},"geometry":{"type":"Polygon","coordinates":[[[-6.237639568249264,53.362686448169114],[-6.239979976952149,53.36254009553508],[-6.240358318616927,53.36217782742678],[-6.238609126852388,53.361851484868914],[-6.239232912567974,53.3614476956508],[-6.242375179449095,53.36194045146357],[-6.239845252195721,53.36279570787724],[-6.237639568249264,53.362686448169114]]]}},{"id":"4012","type":"Feature","properties":{},"geometry":{"type":"Polygon","coordinates":[[[-6.235409501857006,53.35880397511634],[-6.23262813956032,53.356978513474644],[-6.233519428238915,53.356256733814426],[-6.234747716659722,53.357481415910605],[-6.235065349089407,53.357213953838986],[-6.236721227260012,53.35820464197358],[-6.235409501857006,53.35880397511634]]]}},{"id":"4016","type":"Feature","properties":{},"geometry":{"type":"Polygon","coordinates":[[[-6.183985691171957,53.389931803368626],[-6.1899155519320725,53.38953657793059],[-6.190061696283338,53.39031009441593],[-6.184100213405365,53.390730768572034],[-6.183985691171957,53.389931803368626]]]}},{"id":"4017","type":"Feature","properties":{},"geometry":{"type":"Polygon","coordinates":[[[-6.275219783911815,53.3322425264839],[-6.275501908997826,53.32971214567968],[-6.277080237677814,53.32977135410973],[-6.276594683195105,53.332048336566906],[-6.275219783911815,53.3322425264839]]]}},{"id":"4025","type":"Feature","properties":{},"geometry":{"type":"Polygon","coordinates":[[[-6.224563258670829,53.34048766035117],[-6.226324934964797,53.340115607874445],[-6.226766490596789,53.34083256067973],[-6.225830946694625,53.341233824058904],[-6.224563258670829,53.34048766035117]]]}},{"id":"4026","type":"Feature","properties":{},"geometry":{"type":"Polygon","coordinates":[[[-6.250899281280971,53.325343030523946],[-6.251944410285877,53.324088774253816],[-6.2539222822070535,53.32484051671381],[-6.2531225565718,53.32520607622259],[-6.252301379011045,53.32485103242844],[-6.251601458898004,53.32560388761748],[-6.250899281280971,53.325343030523946]]]}},{"id":"4042","type":"Feature","properties":{},"geometry":{"type":"Polygon","coordinates":[[[-6.269871442940442,53.36325604527769],[-6.264901961318252,53.36272996720404],[-6.266420941415146,53.36073039811492],[-6.264126464675273,53.36013688651799],[-6.264053520416236,53.357578093096905],[-6.2698108604556415,53.35927967597288],[-6.269650287624105,53.36044485461565],[-6.27053090390539,53.360635404348606],[-6.269579918719911,53.36200264604725],[-6.270312829023739,53.362252705273036],[-6.269871442940442,53.36325604527769]]]}},{"id":"4072","type":"Feature","properties":{},"geometry":{"type":"Polygon","coordinates":[[[-6.235591783304278,53.34278895676392],[-6.23553796072908,53.34204833505841],[-6.236411808541711,53.34215945320532],[-6.235591783304278,53.34278895676392]]]}},{"id":"4076","type":"Feature","properties":{},"geometry":{"type":"Polygon","coordinates":[[[-6.294700077675697,53.35145608261777],[-6.296320470101856,53.351054176177485],[-6.2971141177122405,53.35188396718401],[-6.295629841349811,53.35300431190218],[-6.294527502739442,53.35271926967173],[-6.294700077675697,53.35145608261777]]]}},{"id":"4077","type":"Feature","properties":{},"geometry":{"type":"Polygon","coordinates":[[[-6.27310211796235,53.32503278965681],[-6.272216326523407,53.32413621382716],[-6.274332454587412,53.323004655149205],[-6.276176341429276,53.3243025431973],[-6.27310211796235,53.32503278965681]]]}},{"id":"4083","type":"Feature","properties":{},"geometry":{"type":"Polygon","coordinates":[[[-6.258198915457535,53.388789333119384],[-6.257144065177404,53.389021143207685],[-6.257524793251618,53.38787357855916],[-6.262032450872799,53.389130600815314],[-6.261943430811151,53.38985010149079],[-6.258333561783329,53.38920192628259],[-6.258198915457535,53.388789333119384]]]}},{"id":"4084","type":"Feature","properties":{},"geometry":{"type":"Polygon","coordinates":[[[-6.270801258125981,53.34220092512838],[-6.271547375189289,53.342124866954],[-6.271659184175442,53.34294740623291],[-6.271113585022277,53.34302789009465],[-6.270801258125981,53.34220092512838]]]}},{"id":"4088","type":"Feature","properties":{},"geometry":{"type":"Polygon","coordinates":[[[-6.206340291224186,53.38325867139158],[-6.208666688789724,53.38317072417707],[-6.209901909186191,53.38218077004824],[-6.211553785206119,53.38253532662242],[-6.211705984993319,53.38322953148954],[-6.2102043248067105,53.383131818816864],[-6.210233748909427,53.383683960624175],[-6.207883100530499,53.38436871017659],[-6.206340291224186,53.38325867139158]]]}},{"id":"4089","type":"Feature","properties":{},"geometry":{"type":"Polygon","coordinates":[[[-6.209532502287739,53.40223444262289],[-6.211131616409017,53.40152986693563],[-6.211306129472147,53.402396850046905],[-6.216292419199738,53.40240453193033],[-6.209393510685545,53.40326672729252],[-6.209532502287739,53.40223444262289]]]}},{"id":"4091","type":"Feature","properties":{},"geometry":{"type":"Polygon","coordinates":[[[-6.250171329561987,53.352425505679186],[-6.251783327035226,53.35238400746621],[-6.25142935451452,53.3519823277186],[-6.2533072157323915,53.35136240083581],[-6.253703932534253,53.352012610774864],[-6.251996907398382,53.3525999572635],[-6.250356478780175,53.35294661058313],[-6.250171329561987,53.352425505679186]]]}},{"id":"4098","type":"Feature","properties":{},"geometry":{"type":"Polygon","coordinates":[[[-6.305744144365703,53.33922611409817],[-6.303869270853744,53.339036879526354],[-6.304008586331967,53.33851921509772],[-6.305685124452019,53.3385477467323],[-6.305744144365703,53.33922611409817]]]}},{"id":"4106","type":"Feature","properties":{},"geometry":{"type":"Polygon","coordinates":[[[-6.225549444014645,53.33435322611177],[-6.227978316154827,53.33304569674415],[-6.229456160935033,53.33327699288075],[-6.229094922198677,53.33240926027385],[-6.230457841856242,53.33234122155261],[-6.230747563653639,53.33316531221805],[-6.231645178809704,53.333153859236674],[-6.231869696433634,53.33384482723655],[-6.225549444014645,53.33435322611177]]]}},{"id":"4119","type":"Feature","properties":{},"geometry":{"type":"Polygon","coordinates":[[[-6.269603467069138,53.33741556355237],[-6.270817984304841,53.33744633221654],[-6.270758538037161,53.33810645628271],[-6.269630988312263,53.33785556237266],[-6.269603467069138,53.33741556355237]]]}},{"id":"4121","type":"Feature","properties":{},"geometry":{"type":"Polygon","coordinates":[[[-6.2598185114489775,53.35381979762026],[-6.25941183576199,53.35349830246943],[-6.2614649149155435,53.35259297749394],[-6.26191529117337,53.3531756313744],[-6.2598185114489775,53.35381979762026]]]}},{"id":"4127","type":"Feature","properties":{},"geometry":{"type":"Polygon","coordinates":[[[-6.211372551334086,53.375130511127665],[-6.211908507965034,53.37429729722205],[-6.216383167380486,53.3746704191236],[-6.216018484905917,53.37529231323828],[-6.211372551334086,53.375130511127665]]]}},{"id":"4128","type":"Feature","properties":{},"geometry":{"type":"Polygon","coordinates":[[[-6.236308109390912,53.34075918374881],[-6.232717275224169,53.33918197611721],[-6.234624464450554,53.33724594106885],[-6.2369043809780695,53.33808354969663],[-6.236669496296803,53.339117230574594],[-6.234420521352786,53.337906402046016],[-6.233086778763196,53.33894885856679],[-6.236308109390912,53.34075918374881]]]}},{"id":"4134","type":"Feature","properties":{},"geometry":{"type":"Polygon","coordinates":[[[-6.263779549166694,53.401395573211005],[-6.263754180487743,53.40039578877496],[-6.264363692447071,53.40109485209509],[-6.265919417404807,53.400922069609926],[-6.273738900192029,53.40290480701105],[-6.274508738367634,53.40340930658356],[-6.273588604573415,53.404273566896414],[-6.275310150981622,53.40461012718645],[-6.275577428237584,53.40548898011514],[-6.269946499752703,53.4050753697011],[-6.268533631251412,53.40221989330398],[-6.263779549166694,53.401395573211005]]]}},{"id":"4145","type":"Feature","properties":{},"geometry":{"type":"Polygon","coordinates":[[[-6.336874544706845,53.33968042010333],[-6.341626241307065,53.33874956936573],[-6.341922529895645,53.33929067652555],[-6.337163607113535,53.34021867029642],[-6.336874544706845,53.33968042010333]]]}},{"id":"4146","type":"Feature","properties":{},"geometry":{"type":"Polygon","coordinates":[[[-6.266887079980495,53.38594557174944],[-6.266195544489735,53.38528464085706],[-6.266481302648953,53.38345727783815],[-6.271293356771377,53.38468587218075],[-6.271245892635545,53.385759669628776],[-6.26762597206818,53.38559594033285],[-6.266887079980495,53.38594557174944]]]}},{"id":"4153","type":"Feature","properties":{},"geometry":{"type":"Polygon","coordinates":[[[-6.266957642268562,53.34107269248344],[-6.269094653955067,53.34058083306972],[-6.270069199149535,53.3416269558861],[-6.26904060988852,53.3416848044384],[-6.269351977428436,53.34217965883505],[-6.268518336059025,53.342430069714396],[-6.266957642268562,53.34107269248344]]]}},{"id":"4168","type":"Feature","properties":{},"geometry":{"type":"Polygon","coordinates":[[[-6.208211772776192,53.400233765568494],[-6.205378678686511,53.40068036657547],[-6.206466597533969,53.39747981579997],[-6.207808417463924,53.397749290113126],[-6.209028792416229,53.39731725639455],[-6.21086523523066,53.40046396593612],[-6.210336901114239,53.40136638003851],[-6.208642465375525,53.400943187746066],[-6.208354871606364,53.40024102219162],[-6.209671558143912,53.39953099029321],[-6.209391475612819,53.39898590279475],[-6.206814639707888,53.39805415418622],[-6.206087774821815,53.3986368894234],[-6.206269540182698,53.40000875364119],[-6.208211772776192,53.400233765568494]]]}},{"id":"4169","type":"Feature","properties":{},"geometry":{"type":"Polygon","coordinates":[[[-6.2827585235050565,53.31800351699712],[-6.282622880017257,53.31733810569004],[-6.285426478213881,53.31636527265226],[-6.2844547925998215,53.317653095114935],[-6.287123294580175,53.31782121720663],[-6.2850616444453005,53.319030919293425],[-6.2827585235050565,53.31800351699712]]]}},{"id":"4171","type":"Feature","properties":{},"geometry":{"type":"Polygon","coordinates":[[[-6.232176278406598,53.35256837654917],[-6.233523015351157,53.35145374028887],[-6.234662363723121,53.35151513034591],[-6.234569230425353,53.35225362922048],[-6.235329700879997,53.35235530859943],[-6.234517574354841,53.35305527218154],[-6.232864442873979,53.35229106686055],[-6.232176278406598,53.35256837654917]]]}},{"id":"4193","type":"Feature","properties":{},"geometry":{"type":"Polygon","coordinates":[[[-6.193899746668491,53.388733915725254],[-6.193851400628563,53.38742522863667],[-6.19838195973874,53.38876188151909],[-6.197238686204913,53.389722305748755],[-6.193899746668491,53.388733915725254]]]}},{"id":"4197","type":"Feature","properties":{},"geometry":{"type":"Polygon","coordinates":[[[-6.185713837224579,53.36791315842882],[-6.186228300286481,53.36722974231304],[-6.188611217110916,53.36728522575353],[-6.188340127970457,53.36816890951607],[-6.185713837224579,53.36791315842882]]]}},{"id":"4205","type":"Feature","properties":{},"geometry":{"type":"Polygon","coordinates":[[[-6.2936778360366,53.35497551925609],[-6.292778204604711,53.35448722763145],[-6.29460369790437,53.35361355600618],[-6.293928776715356,53.35404586851186],[-6.294577501349245,53.354409999810215],[-6.2936778360366,53.35497551925609]]]}},{"id":"4212","type":"Feature","properties":{},"geometry":{"type":"Polygon","coordinates":[[[-6.200660032635645,53.372865558154636],[-6.202679411805169,53.371129014761664],[-6.206271113815097,53.37097762093989],[-6.207539514313734,53.37162070851918],[-6.200542861279698,53.3746462343033],[-6.201302768830712,53.373493920170176],[-6.200660032635645,53.372865558154636]]]}},{"id":"4213","type":"Feature","properties":{},"geometry":{"type":"Polygon","coordinates":[[[-6.304488779820994,53.345421369578155],[-6.307743453498238,53.345371733045994],[-6.3069601899209236,53.345471512826286],[-6.306989121471857,53.346322483374756],[-6.304478266276541,53.346330216336696],[-6.304488779820994,53.345421369578155]]]}},{"id":"4215","type":"Feature","properties":{},"geometry":{"type":"Polygon","coordinates":[[[-6.32644067922633,53.3358482585886],[-6.327764122062788,53.334859320609276],[-6.329989710467052,53.334921010988225],[-6.329842182615415,53.335893572390304],[-6.327904285958433,53.33642329845036],[-6.32644067922633,53.3358482585886]]]}},{"id":"4217","type":"Feature","properties":{},"geometry":{"type":"Polygon","coordinates":[[[-6.296355425228802,53.336730264395136],[-6.296946658371178,53.33582838444423],[-6.298142126638624,53.33610863340482],[-6.297630620816936,53.33791612689565],[-6.296344249431442,53.3380744785397],[-6.296884879121736,53.33685534318434],[-6.296355425228802,53.336730264395136]]]}},{"id":"4218","type":"Feature","properties":{},"geometry":{"type":"Polygon","coordinates":[[[-6.173727907059374,53.4048286583033],[-6.173773470340497,53.403446554403004],[-6.178865289823387,53.40388915948183],[-6.178260663145649,53.404995058100454],[-6.173727907059374,53.4048286583033]]]}},{"id":"4239","type":"Feature","properties":{},"geometry":{"type":"Polygon","coordinates":[[[-6.238297044374244,53.358902709629575],[-6.23923803367903,53.35806040771248],[-6.240447368738429,53.358611125735834],[-6.241124524332046,53.35802325508297],[-6.241612784404686,53.35825843498162],[-6.240022129605727,53.359705234518984],[-6.238297044374244,53.358902709629575]]]}},{"id":"4241","type":"Feature","properties":{},"geometry":{"type":"Polygon","coordinates":[[[-6.307838716606557,53.341987303246974],[-6.307716141515359,53.340997777208365],[-6.30924258032554,53.34097704058735],[-6.311819023030827,53.3418771872925],[-6.314537483798457,53.34142144258188],[-6.315006898498183,53.34206909980674],[-6.313623949305237,53.34237083784472],[-6.307838716606557,53.341987303246974]]]}},{"id":"4242","type":"Feature","properties":{},"geometry":{"type":"Polygon","coordinates":[[[-6.207883863387566,53.38089535490717],[-6.210600447870243,53.3791819720941],[-6.209204510247212,53.37887123901063],[-6.212121415911769,53.37753904877409],[-6.213164471681397,53.37842491902686],[-6.208658574320121,53.38114724698953],[-6.207883863387566,53.38089535490717]]]}},{"id":"4255","type":"Feature","properties":{},"geometry":{"type":"Polygon","coordinates":[[[-6.304034048679133,53.33718203588483],[-6.303095546185335,53.336191624354875],[-6.300776665894536,53.335329683893214],[-6.298917337873873,53.33534059425442],[-6.298528520052817,53.33393000598657],[-6.303661337171166,53.335912627835754],[-6.304034048679133,53.33718203588483]]]}},{"id":"4258","type":"Feature","properties":{},"geometry":{"type":"Polygon","coordinates":[[[-6.170676085808772,53.38650797104326],[-6.16955971763269,53.38550008785459],[-6.16955646756901,53.38619322500952],[-6.167712862185414,53.3854995055693],[-6.164801068352366,53.38527466398534],[-6.165879880704966,53.384741150588034],[-6.172800399781203,53.38595460687779],[-6.172763427189538,53.38639204398384],[-6.174476708439027,53.38676507830969],[-6.173554453915077,53.38749932595347],[-6.172182148703629,53.38665293302909],[-6.170676085808772,53.38650797104326]]]}},{"id":"4260","type":"Feature","properties":{},"geometry":{"type":"Polygon","coordinates":[[[-6.279519114187611,53.40190967860291],[-6.276795236616557,53.40014379385458],[-6.279635543313673,53.398700478599366],[-6.281669014935524,53.39974140278906],[-6.279519114187611,53.40190967860291]]]}},{"id":"4262","type":"Feature","properties":{},"geometry":{"type":"Polygon","coordinates":[[[-6.197669193557305,53.37284683392273],[-6.196860041126549,53.37239172808936],[-6.19769561994673,53.371552928156],[-6.201277394117967,53.3721284789137],[-6.201241584081954,53.37276994549356],[-6.197669193557305,53.37284683392273]]]}},{"id":"4272","type":"Feature","properties":{},"geometry":{"type":"Polygon","coordinates":[[[-6.248733867920054,53.38737877538983],[-6.249876435555124,53.384476791497484],[-6.2512491746764525,53.384978385041244],[-6.2506290679291645,53.386304152776525],[-6.251147950933485,53.38655691518484],[-6.2495651038042865,53.38789075013773],[-6.248733867920054,53.38737877538983]]]}},{"id":"4277","type":"Feature","properties":{},"geometry":{"type":"Polygon","coordinates":[[[-6.272468205303299,53.356352864970994],[-6.273066862474532,53.354437487483786],[-6.273257339301295,53.35439097143517],[-6.274775465388217,53.35607951947576],[-6.273808599315165,53.356572931318006],[-6.272468205303299,53.356352864970994]]]}},{"id":"4279","type":"Feature","properties":{},"geometry":{"type":"Polygon","coordinates":[[[-6.297636860292977,53.36292016623171],[-6.296668507556155,53.362108182868155],[-6.293493315403722,53.36202016060703],[-6.292785830955079,53.36141127518807],[-6.293679349666062,53.35978766391884],[-6.2981390132822614,53.36155337189277],[-6.298346160619578,53.3625971591081],[-6.297636860292977,53.36292016623171]]]}},{"id":"4289","type":"Feature","properties":{},"geometry":{"type":"Polygon","coordinates":[[[-6.278345208083931,53.329882436947656],[-6.275501908997826,53.32971214567968],[-6.27711469837626,53.32763281515611],[-6.278731954397895,53.328045231099736],[-6.278345208083931,53.329882436947656]]]}},{"id":"4291","type":"Feature","properties":{},"geometry":{"type":"Polygon","coordinates":[[[-6.256755969567211,53.32863678802517],[-6.256319618404298,53.32649818868922],[-6.2581368545486225,53.32708999428827],[-6.258561795890765,53.328230969661014],[-6.256755969567211,53.32863678802517]]]}},{"id":"4324","type":"Feature","properties":{},"geometry":{"type":"Polygon","coordinates":[[[-6.291666202566942,53.3875433812935],[-6.293315898223161,53.38652844161396],[-6.295362368872553,53.38774400381286],[-6.294639607761355,53.38856295854826],[-6.295180391436216,53.3889990339963],[-6.2935111423077865,53.389418407156384],[-6.291666202566942,53.3875433812935]]]}},{"id":"4327","type":"Feature","properties":{},"geometry":{"type":"Polygon","coordinates":[[[-6.266916085534157,53.33533101045051],[-6.266940992225928,53.33251765863462],[-6.26831180230847,53.33247118835453],[-6.268758308686962,53.335174114071386],[-6.266916085534157,53.33533101045051]]]}},{"id":"4332","type":"Feature","properties":{},"geometry":{"type":"Polygon","coordinates":[[[-6.296762579187461,53.325758668431305],[-6.299762004897966,53.32508363381253],[-6.300156646299318,53.32555881399837],[-6.2990308769129095,53.32594234969581],[-6.299479622422807,53.32686034672396],[-6.297735198148075,53.32725056285172],[-6.296762579187461,53.325758668431305]]]}},{"id":"4336","type":"Feature","properties":{},"geometry":{"type":"Polygon","coordinates":[[[-6.184181673517583,53.387608226067435],[-6.187220495991513,53.386610963877445],[-6.1878937689424935,53.38705537856698],[-6.18560591193153,53.38787223251421],[-6.18580738666978,53.38848185204884],[-6.183001857876964,53.38890288515053],[-6.184181673517583,53.387608226067435]]]}},{"id":"4338","type":"Feature","properties":{},"geometry":{"type":"Polygon","coordinates":[[[-6.287862968188024,53.35111406275933],[-6.28955088528274,53.35051081455217],[-6.290565322653033,53.351350951517155],[-6.289070023573727,53.35210093815067],[-6.287862968188024,53.35111406275933]]]}},{"id":"4351","type":"Feature","properties":{},"geometry":{"type":"Polygon","coordinates":[[[-6.236831353748623,53.346573207154066],[-6.237021200309032,53.34531615486471],[-6.2376681987593035,53.34537888754468],[-6.237261436710887,53.34419095495325],[-6.2383749759314915,53.34429198969269],[-6.237897141133035,53.34664629086459],[-6.236831353748623,53.346573207154066]]]}},{"id":"4368","type":"Feature","properties":{},"geometry":{"type":"Polygon","coordinates":[[[-6.288734549977666,53.337997141566596],[-6.290001969976443,53.336418509487864],[-6.289107780352982,53.33591899296253],[-6.290543105380204,53.33551960944559],[-6.291383537969813,53.33638478953979],[-6.290134718058668,53.337710768853015],[-6.288734549977666,53.337997141566596]]]}},{"id":"4378","type":"Feature","properties":{},"geometry":{"type":"Polygon","coordinates":[[[-6.290051716478857,53.377517185542814],[-6.290922626607826,53.37607354514748],[-6.288761818890451,53.37551937118526],[-6.286466909790679,53.37594935501462],[-6.285606827338426,53.3742087290612],[-6.283386405157113,53.37261130952383],[-6.2845188632646005,53.37132240398192],[-6.288995531584169,53.37230123872338],[-6.2895052328830285,53.37078667226292],[-6.299932436602882,53.37291859597085],[-6.299736548837766,53.37625181750883],[-6.294104372857047,53.37738862421791],[-6.290051716478857,53.377517185542814]]]}},{"id":"4403","type":"Feature","properties":{},"geometry":{"type":"Polygon","coordinates":[[[-6.242834914228725,53.36525791316649],[-6.241099384279422,53.36478904218339],[-6.2413296790045125,53.36416053594894],[-6.242673033479066,53.3645032602864],[-6.243865377269163,53.362991619799104],[-6.244179670509325,53.363874456138],[-6.242834914228725,53.36525791316649]]]}},{"id":"4408","type":"Feature","properties":{},"geometry":{"type":"Polygon","coordinates":[[[-6.298785827244351,53.32121399411821],[-6.301927486075112,53.32097373894987],[-6.303224559344159,53.321312218134274],[-6.3000163576136,53.32261836508081],[-6.298785827244351,53.32121399411821]]]}},{"id":"4413","type":"Feature","properties":{},"geometry":{"type":"Polygon","coordinates":[[[-6.281031487071798,53.38058874594713],[-6.281764418309244,53.37813343099593],[-6.283910518823437,53.37798350470466],[-6.284989533731535,53.379585187102364],[-6.2823267891283185,53.379571262253755],[-6.282107117214063,53.379933437417016],[-6.283840292681166,53.38010689836386],[-6.283348310580097,53.380995211328106],[-6.281031487071798,53.38058874594713]]]}},{"id":"4415","type":"Feature","properties":{},"geometry":{"type":"Polygon","coordinates":[[[-6.2596779352824115,53.32995601170596],[-6.262452601776698,53.32862595763288],[-6.263349918382557,53.330115685941216],[-6.260173093673565,53.33046612084503],[-6.2596779352824115,53.32995601170596]]]}},{"id":"4428","type":"Feature","properties":{},"geometry":{"type":"Polygon","coordinates":[[[-6.187159506737662,53.40038906299124],[-6.189102033637305,53.400421180129165],[-6.1885002616392235,53.402953419086586],[-6.186296168955898,53.40197293532431],[-6.187159506737662,53.40038906299124]]]}},{"id":"4434","type":"Feature","properties":{},"geometry":{"type":"Polygon","coordinates":[[[-6.2716917173051066,53.365826838408935],[-6.271844882262084,53.3642462570002],[-6.275445585221318,53.365313783351134],[-6.274321897611621,53.36726844255461],[-6.27297713038272,53.367654054087275],[-6.2716917173051066,53.365826838408935]]]}},{"id":"4438","type":"Feature","properties":{},"geometry":{"type":"Polygon","coordinates":[[[-6.299172752076862,53.34134804466198],[-6.297582550402045,53.34150839608549],[-6.296853955761848,53.34052910102753],[-6.295069189655959,53.34069769735161],[-6.297770232773601,53.340171500947825],[-6.299172752076862,53.34134804466198]]]}},{"id":"4439","type":"Feature","properties":{},"geometry":{"type":"Polygon","coordinates":[[[-6.272848063343349,53.39953345812541],[-6.273342323805704,53.3984319263389],[-6.276068957046786,53.39954843867547],[-6.2749773994637374,53.40021504190984],[-6.272848063343349,53.39953345812541]]]}},{"id":"4442","type":"Feature","properties":{},"geometry":{"type":"Polygon","coordinates":[[[-6.25475359960729,53.32694273323097],[-6.255616428888868,53.32710079129296],[-6.255788351929717,53.327745005024845],[-6.2547829589323705,53.32775607782644],[-6.25475359960729,53.32694273323097]]]}},{"id":"4443","type":"Feature","properties":{},"geometry":{"type":"Polygon","coordinates":[[[-6.318229728494048,53.377812692247474],[-6.319303520775604,53.37555022746062],[-6.320664446935366,53.3755522444332],[-6.320702272304376,53.37703075298535],[-6.319486628495888,53.37682334859881],[-6.318229728494048,53.377812692247474]]]}},{"id":"4447","type":"Feature","properties":{},"geometry":{"type":"Polygon","coordinates":[[[-6.306962743621199,53.39374134893319],[-6.306834973127661,53.392262729589135],[-6.307734372408454,53.392079230782244],[-6.310974142522833,53.39311589722663],[-6.3113025991191405,53.393666123624904],[-6.311040533194912,53.394004300789604],[-6.3081682533983034,53.39333125058977],[-6.306962743621199,53.39374134893319]]]}},{"id":"4449","type":"Feature","properties":{},"geometry":{"type":"Polygon","coordinates":[[[-6.307202491317342,53.33452685973663],[-6.308271352821619,53.33411719196679],[-6.308006729664166,53.33341893112472],[-6.311462273137411,53.33348265922504],[-6.3121634015924935,53.33536571992984],[-6.310940911088429,53.33538181739624],[-6.30978108095361,53.3342211920435],[-6.307202491317342,53.33452685973663]]]}},{"id":"4458","type":"Feature","properties":{},"geometry":{"type":"Polygon","coordinates":[[[-6.277910905116925,53.35887014753242],[-6.276790096023324,53.35812230174168],[-6.274639456357201,53.35848489314824],[-6.274986425222212,53.35754350090394],[-6.273775420067012,53.35693997397108],[-6.274775465388217,53.35607951947576],[-6.272988606220943,53.35395789206954],[-6.273651744210442,53.35161566552008],[-6.277474108290579,53.352097195344406],[-6.27715784216514,53.35310934307009],[-6.275507395168437,53.35295799591201],[-6.275337712914403,53.35398833714077],[-6.276641174086929,53.35485345210915],[-6.277481164671945,53.357394691273036],[-6.27807303247784,53.35722840673685],[-6.279130512761297,53.3585318327577],[-6.277910905116925,53.35887014753242]]]}},{"id":"4470","type":"Feature","properties":{},"geometry":{"type":"Polygon","coordinates":[[[-6.2185456612977585,53.32610380341402],[-6.2163854439863435,53.32446028618669],[-6.219222043919891,53.323127464708854],[-6.220986712326388,53.32416873588542],[-6.218467690266672,53.325264910785585],[-6.219065168301483,53.325814104647655],[-6.2185456612977585,53.32610380341402]]]}},{"id":"4489","type":"Feature","properties":{},"geometry":{"type":"Polygon","coordinates":[[[-6.307730393220693,53.33941977513782],[-6.308106318298994,53.3383949943555],[-6.311168350369501,53.337927840115874],[-6.311440944039971,53.33953844843562],[-6.307730393220693,53.33941977513782]]]}},{"id":"4515","type":"Feature","properties":{},"geometry":{"type":"Polygon","coordinates":[[[-6.274924718410544,53.33389684531645],[-6.27528158268107,53.333021484933646],[-6.2760847824166115,53.333021410172805],[-6.275977880640543,53.33405767744732],[-6.274924718410544,53.33389684531645]]]}},{"id":"4516","type":"Feature","properties":{},"geometry":{"type":"Polygon","coordinates":[[[-6.227089400778022,53.375622338306215],[-6.225833602046281,53.37281831088571],[-6.222609219356261,53.37214499250219],[-6.2267571732913245,53.368172430453114],[-6.2333757260074965,53.37058224181252],[-6.232294378195362,53.37159065909893],[-6.233594767854998,53.372525032474435],[-6.234753314857442,53.37210723279586],[-6.235962749562112,53.37235262414074],[-6.236561814526285,53.37174250598815],[-6.237265880058691,53.371999691396496],[-6.235214966127377,53.37454563405877],[-6.233628723055236,53.37456984010895],[-6.233311408073137,53.37534654270705],[-6.229817993249105,53.37511441330413],[-6.2294196008794405,53.37467862878147],[-6.227542679296939,53.37483861984831],[-6.227089400778022,53.375622338306215]]]}},{"id":"4530","type":"Feature","properties":{},"geometry":{"type":"Polygon","coordinates":[[[-6.301264150239167,53.318937658074866],[-6.297916138173194,53.31583628359085],[-6.299001179262319,53.315572915811856],[-6.299628106291831,53.314441444390035],[-6.301322800302212,53.31468626841912],[-6.301185124739276,53.31553730539606],[-6.303304133593446,53.318369399177236],[-6.301264150239167,53.318937658074866]]]}},{"id":"4531","type":"Feature","properties":{},"geometry":{"type":"Polygon","coordinates":[[[-6.231216994936466,53.38900508732384],[-6.231589692394731,53.38776236979651],[-6.23566825650236,53.38857848132747],[-6.2355756248680665,53.389873634954476],[-6.231216994936466,53.38900508732384]]]}},{"id":"4539","type":"Feature","properties":{},"geometry":{"type":"Polygon","coordinates":[[[-6.201767341742214,53.3824160986161],[-6.201764183378046,53.381237992593114],[-6.19971246587431,53.37974666732825],[-6.200314647743809,53.37907650558579],[-6.2030467722681655,53.37962650975439],[-6.203563128026192,53.38045958364978],[-6.201767341742214,53.3824160986161]]]}},{"id":"4542","type":"Feature","properties":{},"geometry":{"type":"Polygon","coordinates":[[[-6.264363692447071,53.40109485209509],[-6.263773477298605,53.39983604292548],[-6.265087698258751,53.400600284645115],[-6.267290064733928,53.40010367597628],[-6.269166505310298,53.40090415475399],[-6.2690604133415775,53.40166930416023],[-6.265919417404807,53.400922069609926],[-6.264363692447071,53.40109485209509]]]}},{"id":"4549","type":"Feature","properties":{},"geometry":{"type":"Polygon","coordinates":[[[-6.29906371789193,53.33596120489388],[-6.298917337873873,53.33534059425442],[-6.300776665894536,53.335329683893214],[-6.303095546185335,53.336191624354875],[-6.30320256964241,53.336717330842426],[-6.301886761117366,53.33683795085109],[-6.300608560414798,53.335950603320775],[-6.29906371789193,53.33596120489388]]]}},{"id":"4555","type":"Feature","properties":{},"geometry":{"type":"Polygon","coordinates":[[[-6.287854709719239,53.36447262051774],[-6.284660087747955,53.36360786785077],[-6.28494622429283,53.36239142930785],[-6.286463827833942,53.36223628316443],[-6.287579928640393,53.36277753960303],[-6.289191320683729,53.36203599378586],[-6.288971016499909,53.363791994719506],[-6.287854709719239,53.36447262051774]]]}},{"id":"4562","type":"Feature","properties":{},"geometry":{"type":"Polygon","coordinates":[[[-6.218652884870592,53.376839692260376],[-6.216517108191685,53.377673767223655],[-6.2187673940554395,53.37600086736103],[-6.222923574060623,53.37723315171766],[-6.2241369054014255,53.378245882441135],[-6.223673302731997,53.378590913156096],[-6.218652884870592,53.376839692260376]]]}},{"id":"4576","type":"Feature","properties":{},"geometry":{"type":"Polygon","coordinates":[[[-6.257069913094486,53.39190821105153],[-6.256919073521121,53.39261090572512],[-6.254578997018459,53.392571067113664],[-6.2537890089536425,53.393207830813594],[-6.252833088410413,53.39261476932598],[-6.253837089815022,53.391411982819214],[-6.257069913094486,53.39190821105153]]]}},{"id":"4583","type":"Feature","properties":{},"geometry":{"type":"Polygon","coordinates":[[[-6.311462273137411,53.33348265922504],[-6.305793085308876,53.333283512954495],[-6.305863269842716,53.33219687214702],[-6.302715576061211,53.331999781024635],[-6.303420683701183,53.33073442100349],[-6.31010101510281,53.33029214216597],[-6.310768672306432,53.33067960061205],[-6.311462273137411,53.33348265922504]]]}},{"id":"4600","type":"Feature","properties":{},"geometry":{"type":"Polygon","coordinates":[[[-6.29824572265742,53.32060720600576],[-6.296234453979822,53.318373110415855],[-6.297207605046665,53.31811403848562],[-6.298290718697157,53.319237630205286],[-6.300625513321255,53.31956423509287],[-6.29824572265742,53.32060720600576]]]}},{"id":"4609","type":"Feature","properties":{},"geometry":{"type":"Polygon","coordinates":[[[-6.1492953385698215,53.40169127648116],[-6.14966739318801,53.400370907592524],[-6.150336754471872,53.400379007070285],[-6.1507868509082,53.4013970893182],[-6.15024064640755,53.40197207753792],[-6.1492953385698215,53.40169127648116]]]}},{"id":"4616","type":"Feature","properties":{},"geometry":{"type":"Polygon","coordinates":[[[-6.3047343982651896,53.33958934963653],[-6.305876822980906,53.33966631007701],[-6.305765315677472,53.34027850334976],[-6.3045791591249865,53.34028820356424],[-6.3047343982651896,53.33958934963653]]]}},{"id":"4628","type":"Feature","properties":{},"geometry":{"type":"Polygon","coordinates":[[[-6.1913694041997385,53.36129210572425],[-6.192202820789621,53.35920380852331],[-6.194415189277234,53.35912418106819],[-6.195988126067974,53.35967845497266],[-6.195833334375267,53.360690287484445],[-6.192424526081347,53.360312633769055],[-6.192182698722019,53.361551191875286],[-6.1913694041997385,53.36129210572425]]]}},{"id":"4629","type":"Feature","properties":{},"geometry":{"type":"Polygon","coordinates":[[[-6.269167988699583,53.35205977517721],[-6.2662144784774245,53.35043598675424],[-6.269211273173982,53.34963013882791],[-6.2700697606721345,53.351015925102],[-6.269167988699583,53.35205977517721]]]}},{"id":"4657","type":"Feature","properties":{},"geometry":{"type":"Polygon","coordinates":[[[-6.278059078689687,53.384808630064],[-6.279491011904615,53.383927500760784],[-6.2784207926119295,53.38324067161229],[-6.278894660393582,53.38295599659537],[-6.280638610218422,53.384049961511444],[-6.2784359042969005,53.38534335323208],[-6.278059078689687,53.384808630064]]]}},{"id":"4687","type":"Feature","properties":{},"geometry":{"type":"Polygon","coordinates":[[[-6.172709256482263,53.38380873863276],[-6.17328335678699,53.38279458129128],[-6.174401288140384,53.38286061799892],[-6.174332209293983,53.381952141129624],[-6.175899174681891,53.38165397261696],[-6.1755868516961705,53.38422121225048],[-6.172709256482263,53.38380873863276]]]}},{"id":"4692","type":"Feature","properties":{},"geometry":{"type":"Polygon","coordinates":[[[-6.273142136910918,53.340992998470895],[-6.272233466051742,53.340621981022544],[-6.27232309519681,53.339640150966474],[-6.273142136910918,53.340992998470895]]]}},{"id":"4693","type":"Feature","properties":{},"geometry":{"type":"Polygon","coordinates":[[[-6.256054029426266,53.35302489874615],[-6.2551310372118,53.35173422087638],[-6.255688726698476,53.35158703361598],[-6.25663669247808,53.352901774549245],[-6.256054029426266,53.35302489874615]]]}},{"id":"4697","type":"Feature","properties":{},"geometry":{"type":"Polygon","coordinates":[[[-6.238081136258096,53.37229012809535],[-6.232046494842069,53.369644364137294],[-6.232503784143273,53.3691632177298],[-6.237669581647656,53.371004719635536],[-6.238081136258096,53.37229012809535]]]}},{"id":"4731","type":"Feature","properties":{},"geometry":{"type":"Polygon","coordinates":[[[-6.292135030181292,53.34207607117896],[-6.29038038885607,53.33878566934465],[-6.299336208612333,53.33769211227443],[-6.30083116188767,53.33949351019176],[-6.299435859627479,53.3398297008164],[-6.300334305846178,53.341166283768146],[-6.298408512147023,53.341094135763136],[-6.297770232773601,53.340171500947825],[-6.295069189655959,53.34069769735161],[-6.296853955761848,53.34052910102753],[-6.297582550402045,53.34150839608549],[-6.2933434717739205,53.342572429249735],[-6.29313755517174,53.341987315948195],[-6.292135030181292,53.34207607117896]]]}},{"id":"4735","type":"Feature","properties":{},"geometry":{"type":"Polygon","coordinates":[[[-6.242870355706542,53.3158302835004],[-6.242928108924134,53.31493592952918],[-6.2459749205809505,53.31483559010838],[-6.244842647309589,53.31657986978092],[-6.242870355706542,53.3158302835004]]]}},{"id":"4736","type":"Feature","properties":{},"geometry":{"type":"Polygon","coordinates":[[[-6.248793954733909,53.314368329012005],[-6.248752378863677,53.31375983035058],[-6.252538001281543,53.31376986649647],[-6.252855352934166,53.31486375592486],[-6.2513169732419,53.315102982180605],[-6.248793954733909,53.314368329012005]]]}},{"id":"4737","type":"Feature","properties":{},"geometry":{"type":"Polygon","coordinates":[[[-6.2623583118748485,53.34424479472908],[-6.262020885685914,53.34305924592307],[-6.264421770712563,53.343033221203505],[-6.26539169190824,53.341470686221335],[-6.266957642268562,53.34107269248344],[-6.268518336059025,53.342430069714396],[-6.27000391216422,53.34209479290362],[-6.269934965853765,53.343184859306845],[-6.267583925972906,53.34405733800834],[-6.2623583118748485,53.34424479472908]]]}},{"id":"4744","type":"Feature","properties":{},"geometry":{"type":"Polygon","coordinates":[[[-6.262693001107157,53.370596536164335],[-6.2605689875094255,53.369471781424664],[-6.26221787282948,53.36546481122011],[-6.263106606759726,53.36566622199864],[-6.262160449433298,53.36762342591045],[-6.263908295737999,53.3681798998349],[-6.263194974379617,53.36918319605686],[-6.263954004959256,53.36983035344834],[-6.262693001107157,53.370596536164335]]]}},{"id":"4747","type":"Feature","properties":{},"geometry":{"type":"Polygon","coordinates":[[[-6.282583274201251,53.35863609875043],[-6.286289018309684,53.35773762168369],[-6.286620147538738,53.358251361781555],[-6.28324907771425,53.35918204237345],[-6.282583274201251,53.35863609875043]]]}},{"id":"4748","type":"Feature","properties":{},"geometry":{"type":"Polygon","coordinates":[[[-6.2470557054679325,53.326594178898176],[-6.249402597470126,53.326053995835416],[-6.250024770625092,53.32509201777136],[-6.251601458898004,53.32560388761748],[-6.252301379011045,53.32485103242844],[-6.2531225565718,53.32520607622259],[-6.249000404714469,53.327172007664885],[-6.2470557054679325,53.326594178898176]]]}},{"id":"4755","type":"Feature","properties":{},"geometry":{"type":"Polygon","coordinates":[[[-6.262833608154345,53.33067949796383],[-6.263693442809744,53.33149568993522],[-6.262748531858794,53.33163909027485],[-6.262833608154345,53.33067949796383]]]}},{"id":"4763","type":"Feature","properties":{},"geometry":{"type":"Polygon","coordinates":[[[-6.269132869225927,53.33739073353136],[-6.268972706696884,53.3364718196634],[-6.269808372810475,53.33647149385618],[-6.269850462955172,53.33741447208844],[-6.269132869225927,53.33739073353136]]]}},{"id":"4770","type":"Feature","properties":{},"geometry":{"type":"Polygon","coordinates":[[[-6.256495227134239,53.37477284743543],[-6.253026147412499,53.373648230030966],[-6.254163968582814,53.372469374935015],[-6.257067821195509,53.37333203587323],[-6.256495227134239,53.37477284743543]]]}},{"id":"4771","type":"Feature","properties":{},"geometry":{"type":"Polygon","coordinates":[[[-6.319850385047152,53.339365701737506],[-6.319323352457872,53.33866299915991],[-6.320372108384063,53.33830412695158],[-6.320924777774081,53.33872501504736],[-6.319850385047152,53.339365701737506]]]}},{"id":"4777","type":"Feature","properties":{},"geometry":{"type":"Polygon","coordinates":[[[-6.316492017497842,53.373457446458836],[-6.3180335240648775,53.373534843799604],[-6.317475014274469,53.37553994137078],[-6.3165257822769485,53.37552746354918],[-6.316492017497842,53.373457446458836]]]}},{"id":"4780","type":"Feature","properties":{},"geometry":{"type":"Polygon","coordinates":[[[-6.232279705962415,53.33995136035696],[-6.232717275224169,53.33918197611721],[-6.234388504692708,53.33991430557375],[-6.234228620143671,53.34036074493705],[-6.232279705962415,53.33995136035696]]]}},{"id":"4783","type":"Feature","properties":{},"geometry":{"type":"Polygon","coordinates":[[[-6.2384692816745835,53.37099428081754],[-6.239740073891135,53.367900017616016],[-6.242408179585637,53.36862056127562],[-6.244414068400609,53.36838305046898],[-6.243488285047004,53.370197410443915],[-6.239755236431581,53.36951341854879],[-6.239060764278517,53.37108402882356],[-6.2384692816745835,53.37099428081754]]]}},{"id":"4787","type":"Feature","properties":{},"geometry":{"type":"Polygon","coordinates":[[[-6.268952054991024,53.33118398007242],[-6.2688406058195225,53.32983540246696],[-6.271550252167971,53.32967397303306],[-6.27165431717532,53.3302205735461],[-6.269983851696677,53.330271526741505],[-6.270060964051154,53.331170917990065],[-6.268952054991024,53.33118398007242]]]}},{"id":"4803","type":"Feature","properties":{},"geometry":{"type":"Polygon","coordinates":[[[-6.21174088953486,53.38111554240775],[-6.213032002011324,53.380460473790905],[-6.216381201992954,53.381567674999054],[-6.2152243043250515,53.38252822589164],[-6.212795794202403,53.38262335532501],[-6.21174088953486,53.38111554240775]]]}},{"id":"4826","type":"Feature","properties":{},"geometry":{"type":"Polygon","coordinates":[[[-6.198418757452092,53.395487235637965],[-6.200300071882437,53.394456812742845],[-6.202565790818803,53.395748884667306],[-6.200576522810372,53.39733441349975],[-6.198418757452092,53.395487235637965]]]}},{"id":"4843","type":"Feature","properties":{},"geometry":{"type":"Polygon","coordinates":[[[-6.254126710156739,53.39466549215804],[-6.2537874070235615,53.39283047968369],[-6.255802031159626,53.39256522481305],[-6.257038447568331,53.394242731248696],[-6.255434680181305,53.3946525006021],[-6.254126710156739,53.39466549215804]]]}},{"id":"4848","type":"Feature","properties":{},"geometry":{"type":"Polygon","coordinates":[[[-6.304313238632834,53.38803587020249],[-6.307312292121154,53.38818165333922],[-6.307673421899067,53.389468722140016],[-6.304144162112312,53.3889518059494],[-6.304313238632834,53.38803587020249]]]}},{"id":"4849","type":"Feature","properties":{},"geometry":{"type":"Polygon","coordinates":[[[-6.264842856390762,53.326907165448866],[-6.265193501178034,53.325076061353634],[-6.266814078011957,53.325341418181324],[-6.266512943127481,53.326873599681676],[-6.264842856390762,53.326907165448866]]]}},{"id":"4852","type":"Feature","properties":{},"geometry":{"type":"Polygon","coordinates":[[[-6.286914121383695,53.38017680749809],[-6.282107117214063,53.379933437417016],[-6.2823267891283185,53.379571262253755],[-6.284989533731535,53.379585187102364],[-6.283910518823437,53.37798350470466],[-6.2854834341839885,53.378259132789225],[-6.286855026160941,53.37954757003409],[-6.286914121383695,53.38017680749809]]]}},{"id":"4863","type":"Feature","properties":{},"geometry":{"type":"Polygon","coordinates":[[[-6.170755277399513,53.396369027461965],[-6.170075377284324,53.39574372563697],[-6.170688922183207,53.394413424543224],[-6.174210104533943,53.393955764573015],[-6.1741666991548225,53.39677917401693],[-6.170755277399513,53.396369027461965]]]}},{"id":"4867","type":"Feature","properties":{},"geometry":{"type":"Polygon","coordinates":[[[-6.2878221165921335,53.384829312165415],[-6.28883826360266,53.384416135203416],[-6.293315898223161,53.38652844161396],[-6.2925166031806175,53.387033515534135],[-6.2878221165921335,53.384829312165415]]]}},{"id":"4882","type":"Feature","properties":{},"geometry":{"type":"Polygon","coordinates":[[[-6.370152646791718,53.34319902428015],[-6.3693671696443825,53.34300934912726],[-6.3717596921813895,53.34181773660489],[-6.371986252502798,53.34114925596789],[-6.368671969711851,53.34059871660977],[-6.3689854587913715,53.339956704077],[-6.3720699052039,53.3406571823597],[-6.372715987719154,53.340341952921435],[-6.372490403206918,53.342021325503154],[-6.370152646791718,53.34319902428015]]]}},{"id":"4884","type":"Feature","properties":{},"geometry":{"type":"Polygon","coordinates":[[[-6.274195440278226,53.340397749942746],[-6.2752220048202565,53.340126782907866],[-6.275610102504548,53.340792011862376],[-6.274594291351195,53.340998657173536],[-6.274195440278226,53.340397749942746]]]}},{"id":"4891","type":"Feature","properties":{},"geometry":{"type":"Polygon","coordinates":[[[-6.271844882262084,53.3642462570002],[-6.27271769024205,53.36389097589056],[-6.275826583452426,53.36505112974957],[-6.275445585221318,53.365313783351134],[-6.271844882262084,53.3642462570002]]]}},{"id":"4894","type":"Feature","properties":{},"geometry":{"type":"Polygon","coordinates":[[[-6.344574411157848,53.34810686941713],[-6.345118221900147,53.34741440088802],[-6.346126399252032,53.348528151328345],[-6.345234551510099,53.34893615446307],[-6.344574411157848,53.34810686941713]]]}},{"id":"4899","type":"Feature","properties":{},"geometry":{"type":"Polygon","coordinates":[[[-6.26381848092484,53.357506894251664],[-6.265239730836384,53.356033258800565],[-6.266916232957751,53.354210289072576],[-6.26738366556651,53.35438656595109],[-6.26660432264594,53.354659135714776],[-6.267441397620325,53.354993947717105],[-6.266713312540633,53.35577232139941],[-6.266043102858884,53.35561371415329],[-6.264732354541441,53.35730317026299],[-6.26381848092484,53.357506894251664]]]}},{"id":"4913","type":"Feature","properties":{},"geometry":{"type":"Polygon","coordinates":[[[-6.25909150825362,53.33146728588554],[-6.260519282819419,53.33132839487917],[-6.2611284485112755,53.331854282508615],[-6.260302325266178,53.332154692006796],[-6.25909150825362,53.33146728588554]]]}},{"id":"4915","type":"Feature","properties":{},"geometry":{"type":"Polygon","coordinates":[[[-6.215138849404608,53.390763042263366],[-6.214734835904871,53.388299783675244],[-6.21863606055982,53.38865024666381],[-6.21555970273526,53.388585662657206],[-6.21563320431879,53.38926580477302],[-6.220013190649387,53.38978988290181],[-6.218802554659365,53.391366278182254],[-6.215138849404608,53.390763042263366]]]}},{"id":"4921","type":"Feature","properties":{},"geometry":{"type":"Polygon","coordinates":[[[-6.234517574354841,53.35305527218154],[-6.235329700879997,53.35235530859943],[-6.2346526258456585,53.35198374483428],[-6.237363718475815,53.35308185584896],[-6.236304879800474,53.3533408687464],[-6.236306296659982,53.35386500594043],[-6.234517574354841,53.35305527218154]]]}},{"id":"4923","type":"Feature","properties":{},"geometry":{"type":"Polygon","coordinates":[[[-6.305752489773305,53.31721775560008],[-6.306594263559232,53.31676276928594],[-6.309619541577533,53.31978774983931],[-6.308113011781808,53.32013972738737],[-6.307853032650039,53.319718903275664],[-6.30884033855251,53.319455371570776],[-6.305752489773305,53.31721775560008]]]}},{"id":"4936","type":"Feature","properties":{},"geometry":{"type":"Polygon","coordinates":[[[-6.23934231904326,53.35684430779872],[-6.240264256456685,53.356351156375375],[-6.242725657744019,53.35753481929474],[-6.240846897657361,53.35848088238537],[-6.23934231904326,53.35684430779872]]]}},{"id":"4938","type":"Feature","properties":{},"geometry":{"type":"Polygon","coordinates":[[[-6.290105901467036,53.38134322161323],[-6.290634705839419,53.38060773813602],[-6.291667929716352,53.38080070986151],[-6.2909551409620965,53.38181365725822],[-6.290105901467036,53.38134322161323]]]}},{"id":"4946","type":"Feature","properties":{},"geometry":{"type":"Polygon","coordinates":[[[-6.250204986418003,53.331721491607865],[-6.247647966726454,53.33165011658724],[-6.246645454464176,53.33100512737312],[-6.248209119308279,53.32922341403872],[-6.250255200637482,53.33027757196894],[-6.250204986418003,53.331721491607865]]]}},{"id":"4950","type":"Feature","properties":{},"geometry":{"type":"Polygon","coordinates":[[[-6.2776139081321825,53.36105293744806],[-6.278944348795387,53.36125694618654],[-6.278872388517273,53.361493400022134],[-6.277449254388423,53.36173475958272],[-6.2776139081321825,53.36105293744806]]]}},{"id":"4959","type":"Feature","properties":{},"geometry":{"type":"Polygon","coordinates":[[[-6.2605010793684235,53.39186426277265],[-6.263912205074751,53.39214327296784],[-6.262333682910123,53.39219460864037],[-6.262005751053662,53.39280848175858],[-6.261021669520594,53.39262919189295],[-6.259753149852641,53.393778576423266],[-6.257849045711969,53.3935619360288],[-6.257997029417127,53.392916731211194],[-6.259384204071075,53.392943078746285],[-6.2605010793684235,53.39186426277265]]]}},{"id":"4960","type":"Feature","properties":{},"geometry":{"type":"Polygon","coordinates":[[[-6.179305892488012,53.38932964296878],[-6.180423574856849,53.38875118451988],[-6.181075730390025,53.389241110574005],[-6.183001857876964,53.38890288515053],[-6.184100213405365,53.390730768572034],[-6.179739189378521,53.39104281686033],[-6.179305892488012,53.38932964296878]]]}},{"id":"4978","type":"Feature","properties":{},"geometry":{"type":"Polygon","coordinates":[[[-6.308812957429873,53.39552151776141],[-6.308736123923749,53.39389764910089],[-6.306962743621199,53.39374134893319],[-6.3081682533983034,53.39333125058977],[-6.311846850090931,53.393797478275964],[-6.310635275919266,53.395950710325685],[-6.308812957429873,53.39552151776141]]]}},{"id":"4984","type":"Feature","properties":{},"geometry":{"type":"Polygon","coordinates":[[[-6.267499318016948,53.34495940515654],[-6.2698241027206905,53.344572318225886],[-6.270103450054545,53.34544661499818],[-6.267730492117752,53.345696380008434],[-6.267499318016948,53.34495940515654]]]}},{"id":"4989","type":"Feature","properties":{},"geometry":{"type":"Polygon","coordinates":[[[-6.278359526302002,53.38991228864502],[-6.278523063992924,53.389138135440795],[-6.274776021100672,53.38885115666217],[-6.274907436970533,53.38607845782195],[-6.275553277393817,53.3867167641887],[-6.276922775333823,53.38668535498594],[-6.277405314082506,53.38770659257001],[-6.279655258934601,53.38783855713747],[-6.279509907316225,53.389997660727225],[-6.278359526302002,53.38991228864502]]]}},{"id":"5011","type":"Feature","properties":{},"geometry":{"type":"Polygon","coordinates":[[[-6.294626110014516,53.39170085648272],[-6.293564871959248,53.38976692136035],[-6.298348259111881,53.3901347861292],[-6.296822651242881,53.39211820718086],[-6.294626110014516,53.39170085648272]]]}},{"id":"5015","type":"Feature","properties":{},"geometry":{"type":"Polygon","coordinates":[[[-6.328518677248215,53.3320094331731],[-6.325837356792651,53.33102011663324],[-6.327823241785844,53.32962525231963],[-6.32958160008536,53.32872189681392],[-6.331458368042964,53.328873376605806],[-6.328518677248215,53.3320094331731]]]}},{"id":"5023","type":"Feature","properties":{},"geometry":{"type":"Polygon","coordinates":[[[-6.2324278872943495,53.3833659790826],[-6.232421214435498,53.38264382107448],[-6.235195504689622,53.38148159284844],[-6.236694542154058,53.38287792106645],[-6.2339268073704925,53.38352973923169],[-6.2324278872943495,53.3833659790826]]]}},{"id":"5030","type":"Feature","properties":{},"geometry":{"type":"Polygon","coordinates":[[[-6.252281295302899,53.36261489088109],[-6.252728638245216,53.361822201823195],[-6.257756559666008,53.36280537529344],[-6.25722982479718,53.36329072387411],[-6.252281295302899,53.36261489088109]]]}},{"id":"5031","type":"Feature","properties":{},"geometry":{"type":"Polygon","coordinates":[[[-6.278311809099392,53.351418120318144],[-6.2769426009527045,53.35063959922509],[-6.278552106540361,53.350499778671576],[-6.278311809099392,53.351418120318144]]]}},{"id":"5032","type":"Feature","properties":{},"geometry":{"type":"Polygon","coordinates":[[[-6.273755240932478,53.33514879793351],[-6.274511822129549,53.33439783030921],[-6.27566303759057,53.33485409338081],[-6.275136741820194,53.33557603182716],[-6.273755240932478,53.33514879793351]]]}},{"id":"5045","type":"Feature","properties":{},"geometry":{"type":"Polygon","coordinates":[[[-6.270948685527617,53.308438118026906],[-6.268462069048993,53.30871972413848],[-6.268365410878768,53.30773417164022],[-6.2702035810291,53.307489800313874],[-6.270948685527617,53.308438118026906]]]}},{"id":"5049","type":"Feature","properties":{},"geometry":{"type":"Polygon","coordinates":[[[-6.195770345491846,53.40325285197538],[-6.195082527558234,53.40125732762495],[-6.196418726374419,53.400869407925946],[-6.19803898140626,53.40164431299865],[-6.198239393036474,53.40365062891988],[-6.195770345491846,53.40325285197538]]]}},{"id":"5059","type":"Feature","properties":{},"geometry":{"type":"Polygon","coordinates":[[[-6.2071955526152385,53.38743083436658],[-6.208947068885192,53.38567930448761],[-6.211705350377482,53.38690583727055],[-6.21021306010644,53.38835910442225],[-6.2071955526152385,53.38743083436658]]]}},{"id":"5064","type":"Feature","properties":{},"geometry":{"type":"Polygon","coordinates":[[[-6.3098166339210655,53.40238995315659],[-6.307379250830096,53.399307616109176],[-6.308306177145753,53.3990381910189],[-6.310213394674225,53.399812804333976],[-6.311050942306973,53.39868596145792],[-6.314196299516339,53.399303969456966],[-6.311016367009786,53.40241367355623],[-6.3098166339210655,53.40238995315659]]]}},{"id":"5077","type":"Feature","properties":{},"geometry":{"type":"Polygon","coordinates":[[[-6.284144455713934,53.35022336173275],[-6.285397234081082,53.35150172378516],[-6.2845598670241785,53.35215320533793],[-6.283283965853632,53.350958468503826],[-6.284144455713934,53.35022336173275]]]}},{"id":"5079","type":"Feature","properties":{},"geometry":{"type":"Polygon","coordinates":[[[-6.284447574831757,53.378075587307265],[-6.28540819545572,53.377777093127534],[-6.284664529373655,53.37656828377494],[-6.281771291908392,53.37694503218984],[-6.281518818301754,53.37635271625578],[-6.283212314511729,53.374884785967424],[-6.286466909790679,53.37594935501462],[-6.287581182065906,53.37764220964232],[-6.2854834341839885,53.378259132789225],[-6.284447574831757,53.378075587307265]]]}},{"id":"5095","type":"Feature","properties":{},"geometry":{"type":"Polygon","coordinates":[[[-6.303843614671173,53.36345912779443],[-6.307263968437263,53.363009820609285],[-6.309162381138786,53.36375124653669],[-6.307684762379778,53.36471628559709],[-6.303843614671173,53.36345912779443]]]}},{"id":"5098","type":"Feature","properties":{},"geometry":{"type":"Polygon","coordinates":[[[-6.181570863178014,53.40030656277674],[-6.183451173412078,53.39945847589245],[-6.180109083136346,53.39851907426439],[-6.180307533912157,53.39763519335328],[-6.178193179729306,53.39753786013983],[-6.178491932820705,53.396494615584],[-6.186675818902923,53.397432921982556],[-6.182438632734881,53.40097492269916],[-6.181570863178014,53.40030656277674]]]}},{"id":"5103","type":"Feature","properties":{},"geometry":{"type":"Polygon","coordinates":[[[-6.273087516099494,53.36259617661122],[-6.272690224224733,53.360794652928924],[-6.276848873095751,53.361547049073195],[-6.276484922501549,53.36307050189489],[-6.273087516099494,53.36259617661122]]]}},{"id":"5126","type":"Feature","properties":{},"geometry":{"type":"Polygon","coordinates":[[[-6.266637317431278,53.34879079150867],[-6.268046500063134,53.34857025766927],[-6.2678658399280085,53.34997815551618],[-6.2671291480955515,53.35014713051276],[-6.266637317431278,53.34879079150867]]]}},{"id":"5127","type":"Feature","properties":{},"geometry":{"type":"Polygon","coordinates":[[[-6.26648466534666,53.36468635905183],[-6.267369482341759,53.36329854189532],[-6.271811853493198,53.364337978338085],[-6.27173751272221,53.36495133538072],[-6.26648466534666,53.36468635905183]]]}},{"id":"5131","type":"Feature","properties":{},"geometry":{"type":"Polygon","coordinates":[[[-6.278357950554266,53.39575389819971],[-6.279310861509113,53.393442885841225],[-6.281079317195406,53.393434812298175],[-6.28007033590593,53.394302129526814],[-6.280881481696128,53.39488821132667],[-6.2803759116799,53.39586852391237],[-6.28166684943164,53.39635646948008],[-6.278357950554266,53.39575389819971]]]}},{"id":"5133","type":"Feature","properties":{},"geometry":{"type":"Polygon","coordinates":[[[-6.306194106461161,53.34632493423121],[-6.308245416823054,53.34631925427111],[-6.308291351632518,53.34721547476719],[-6.306206727776475,53.347264401644274],[-6.306194106461161,53.34632493423121]]]}},{"id":"5142","type":"Feature","properties":{},"geometry":{"type":"Polygon","coordinates":[[[-6.1897174195379705,53.38278578532456],[-6.186516403948123,53.381419067050516],[-6.189915948655323,53.37980841089224],[-6.190326338353833,53.38076213970893],[-6.188387902823438,53.38157067180458],[-6.1897174195379705,53.38278578532456]]]}},{"id":"5147","type":"Feature","properties":{},"geometry":{"type":"Polygon","coordinates":[[[-6.297551999841006,53.31983826158693],[-6.29824572265742,53.32060720600576],[-6.295470134317165,53.321774434477696],[-6.293847641198598,53.32111336018237],[-6.296449963704723,53.31971173981397],[-6.297551999841006,53.31983826158693]]]}},{"id":"5156","type":"Feature","properties":{},"geometry":{"type":"Polygon","coordinates":[[[-6.151358637204778,53.40738538201648],[-6.151890705197029,53.406784043974355],[-6.154183671758859,53.40721377445305],[-6.154445199289621,53.406708322725855],[-6.155852400217439,53.40695478672955],[-6.1553378574704976,53.407981084496846],[-6.151358637204778,53.40738538201648]]]}},{"id":"5158","type":"Feature","properties":{},"geometry":{"type":"Polygon","coordinates":[[[-6.32924330547186,53.375582380913954],[-6.329092235084012,53.376624372749724],[-6.32568207335024,53.37650632272007],[-6.324527316221288,53.37555790150816],[-6.32924330547186,53.375582380913954]]]}},{"id":"5173","type":"Feature","properties":{},"geometry":{"type":"Polygon","coordinates":[[[-6.162984896850049,53.406760637809874],[-6.163322768519691,53.40542818473586],[-6.164959109410373,53.404377492009814],[-6.165407794617458,53.40479907706263],[-6.166367709494152,53.40448207168325],[-6.167086833129807,53.40507724783827],[-6.166080542984936,53.405478452432],[-6.166812439481867,53.406253846615684],[-6.164636716324816,53.40692051515457],[-6.162984896850049,53.406760637809874]]]}},{"id":"5192","type":"Feature","properties":{},"geometry":{"type":"Polygon","coordinates":[[[-6.230031036481108,53.34611745050667],[-6.2296816132566475,53.3443440438929],[-6.2316459529214665,53.34450805453095],[-6.23143981782474,53.34621013744152],[-6.230031036481108,53.34611745050667]]]}},{"id":"5195","type":"Feature","properties":{},"geometry":{"type":"Polygon","coordinates":[[[-6.291407335312283,53.32802696031589],[-6.290217659417019,53.326951214153944],[-6.296762579187461,53.325758668431305],[-6.298331347952769,53.32841936788466],[-6.298179148291955,53.33012016937887],[-6.296996315765233,53.330602568244224],[-6.2965557015173195,53.32986749613234],[-6.295558804860744,53.330264524439876],[-6.293311313771568,53.3277166953918],[-6.291407335312283,53.32802696031589]]]}},{"id":"5260","type":"Feature","properties":{},"geometry":{"type":"Polygon","coordinates":[[[-6.265847155674711,53.33959280552901],[-6.265802808923763,53.337612087668035],[-6.269184270618293,53.33765959473052],[-6.269239477099676,53.33923617361565],[-6.265847155674711,53.33959280552901]]]}},{"id":"5262","type":"Feature","properties":{},"geometry":{"type":"Polygon","coordinates":[[[-6.2957139828834805,53.37212017964424],[-6.296730291250443,53.371152512749845],[-6.295074340909132,53.37049792537905],[-6.295328583276619,53.37009508241022],[-6.296221061265687,53.37005869866632],[-6.296679278351125,53.36941489247722],[-6.297644207774037,53.36960042210866],[-6.2975915496918144,53.3709999611614],[-6.299474875366782,53.37137482817445],[-6.299932436602882,53.37291859597085],[-6.2957139828834805,53.37212017964424]]]}},{"id":"5269","type":"Feature","properties":{},"geometry":{"type":"Polygon","coordinates":[[[-6.175781460022886,53.390057828144165],[-6.175738253188531,53.38899422638937],[-6.177012020808024,53.38792189407806],[-6.178060851642792,53.38798416160592],[-6.17829130826453,53.387226812383574],[-6.176237665227205,53.387038903723834],[-6.175566547800268,53.385793896305344],[-6.1799605734558565,53.38455335452436],[-6.18050267996674,53.386404518775485],[-6.182198453404794,53.3881380013394],[-6.1776532612281025,53.38998480924902],[-6.175781460022886,53.390057828144165]]]}},{"id":"5283","type":"Feature","properties":{},"geometry":{"type":"Polygon","coordinates":[[[-6.251729764527674,53.31052014044328],[-6.257516886854442,53.31046061712099],[-6.259228858850145,53.30977414098939],[-6.258503760895135,53.30869758553294],[-6.25948241280849,53.30854632798322],[-6.262534477566996,53.31100249844735],[-6.251932160850911,53.311367941607294],[-6.251729764527674,53.31052014044328]]]}},{"id":"5289","type":"Feature","properties":{},"geometry":{"type":"Polygon","coordinates":[[[-6.145975234584101,53.36747631088583],[-6.151871803871456,53.37161652038264],[-6.1616944916853535,53.37304764612965],[-6.166350097182315,53.374927230551585],[-6.164304577515091,53.376259394373925],[-6.163528251596921,53.375835781689005],[-6.1628310353624975,53.37629054116777],[-6.161551524418808,53.37561685516798],[-6.162488718839779,53.37432669470164],[-6.16182504348465,53.3742710386965],[-6.161490198509872,53.37327224243959],[-6.1577604216640625,53.3726759071982],[-6.155944212285772,53.37316986548221],[-6.154975578485203,53.37238205030905],[-6.152999152925558,53.37229520208006],[-6.152336948440417,53.373516482576306],[-6.150351545585192,53.37411288102572],[-6.149603502086812,53.375912727936516],[-6.147676343026851,53.37679896637254],[-6.147294365186907,53.376456454749615],[-6.148941876693487,53.37549217283745],[-6.147003045622118,53.37495941763306],[-6.1423557530268065,53.37767910497566],[-6.137311875983768,53.37944297030471],[-6.129734021489764,53.38097078291539],[-6.126778998371993,53.38072861174617],[-6.121922301703633,53.38133125771373],[-6.114589618973177,53.38317677713482],[-6.113112398623104,53.38285051798303],[-6.116835145665829,53.37969240457078],[-6.134091091677861,53.37352213457534],[-6.145975234584101,53.36747631088583]]]}},{"id":"5319","type":"Feature","properties":{},"geometry":{"type":"Polygon","coordinates":[[[-6.249876435555124,53.384476791497484],[-6.244462328542544,53.38247811034386],[-6.249039577118506,53.376892516860906],[-6.251032430313354,53.377366387044184],[-6.249737241416259,53.37958737435802],[-6.250410012915101,53.37987707346394],[-6.248657283136521,53.380632036067205],[-6.247768567207052,53.38023056294523],[-6.245687424763189,53.38151755470559],[-6.245821711940535,53.3825003532116],[-6.247044476022547,53.382583769349544],[-6.250641258499648,53.38428951090709],[-6.249876435555124,53.384476791497484]]]}},{"id":"5320","type":"Feature","properties":{},"geometry":{"type":"Polygon","coordinates":[[[-6.230453016649689,53.3846038860084],[-6.22986311452758,53.38383576088825],[-6.230518564572697,53.38340839740617],[-6.232018692713239,53.38401558252848],[-6.2324278872943495,53.3833659790826],[-6.2339268073704925,53.38352973923169],[-6.235400941927322,53.3828878254279],[-6.236991907881315,53.38388131369764],[-6.233361763882323,53.385351389973664],[-6.230453016649689,53.3846038860084]]]}},{"id":"5336","type":"Feature","properties":{},"geometry":{"type":"Polygon","coordinates":[[[-6.291688482586077,53.40661433293678],[-6.288867507677812,53.40636530679494],[-6.289113527492957,53.40548885244813],[-6.291846635754675,53.40594993875741],[-6.291688482586077,53.40661433293678]]]}},{"id":"5348","type":"Feature","properties":{},"geometry":{"type":"Polygon","coordinates":[[[-6.199159583184151,53.312742428464915],[-6.209298070531935,53.31931881511264],[-6.2060673579983945,53.32003179557053],[-6.206208699159442,53.32090428705033],[-6.203615139050883,53.31576099936094],[-6.199159583184151,53.312742428464915]]]}},{"id":"5365","type":"Feature","properties":{},"geometry":{"type":"Polygon","coordinates":[[[-6.258316128143903,53.36295362322616],[-6.259628589683684,53.361493781269935],[-6.261777823488375,53.3620235055214],[-6.261726786369338,53.36325541655429],[-6.260604524209551,53.36355689133796],[-6.258316128143903,53.36295362322616]]]}},{"id":"5389","type":"Feature","properties":{},"geometry":{"type":"Polygon","coordinates":[[[-6.264585287877206,53.35605456257844],[-6.264458725848125,53.35535705219589],[-6.265239730836384,53.356033258800565],[-6.263949672301832,53.357378952045025],[-6.264585287877206,53.35605456257844]]]}},{"id":"5391","type":"Feature","properties":{},"geometry":{"type":"Polygon","coordinates":[[[-6.2755639155877,53.337773903269515],[-6.2752325317696185,53.33729922357062],[-6.27857935224738,53.33740167175878],[-6.2789396722331405,53.33795041683582],[-6.2755639155877,53.337773903269515]]]}},{"id":"5393","type":"Feature","properties":{},"geometry":{"type":"Polygon","coordinates":[[[-6.180214848760115,53.363132769812324],[-6.180803956536652,53.3624169707583],[-6.182441289313533,53.36303931329255],[-6.182124948628262,53.363462755240434],[-6.180214848760115,53.363132769812324]]]}},{"id":"5396","type":"Feature","properties":{},"geometry":{"type":"Polygon","coordinates":[[[-6.255290428675555,53.3581180282629],[-6.25350569833689,53.358164255601636],[-6.252450785283246,53.357944492065684],[-6.2543620444584045,53.357070062925246],[-6.255290428675555,53.3581180282629]]]}},{"id":"5398","type":"Feature","properties":{},"geometry":{"type":"Polygon","coordinates":[[[-6.311744780008795,53.334252341581546],[-6.316709310043469,53.332684224101754],[-6.317091675842363,53.333031479531414],[-6.316577101256274,53.333759046800324],[-6.315650794217123,53.33347794793173],[-6.311744780008795,53.334252341581546]]]}},{"id":"5401","type":"Feature","properties":{},"geometry":{"type":"Polygon","coordinates":[[[-6.310865714861859,53.34750815072346],[-6.310922559893517,53.34651330659101],[-6.314916654504951,53.346252936971446],[-6.3142727761231905,53.347278311077105],[-6.310865714861859,53.34750815072346]]]}},{"id":"5404","type":"Feature","properties":{},"geometry":{"type":"Polygon","coordinates":[[[-6.169762881050334,53.383198901330225],[-6.1707352859035,53.382887564629264],[-6.174332209293983,53.381952141129624],[-6.174401288140384,53.38286061799892],[-6.17328335678699,53.38279458129128],[-6.172709256482263,53.38380873863276],[-6.169762881050334,53.383198901330225]]]}},{"id":"5405","type":"Feature","properties":{},"geometry":{"type":"Polygon","coordinates":[[[-6.294318777792355,53.32224992971965],[-6.295470134317165,53.321774434477696],[-6.29824572265742,53.32060720600576],[-6.298575622679297,53.320991506573364],[-6.297254842356781,53.32160357895165],[-6.295652581692772,53.324015823213166],[-6.294318777792355,53.32224992971965]]]}},{"id":"5407","type":"Feature","properties":{},"geometry":{"type":"Polygon","coordinates":[[[-6.272332684106767,53.32285404381175],[-6.274870256278187,53.32211296562651],[-6.275423957769247,53.32286547695316],[-6.272861532000724,53.323391453843364],[-6.272332684106767,53.32285404381175]]]}},{"id":"5409","type":"Feature","properties":{},"geometry":{"type":"Polygon","coordinates":[[[-6.272534789667331,53.338945262969375],[-6.272422036361465,53.33785017292997],[-6.274596553101074,53.33773264650252],[-6.273233505604536,53.33908901343956],[-6.272534789667331,53.338945262969375]]]}},{"id":"5410","type":"Feature","properties":{},"geometry":{"type":"Polygon","coordinates":[[[-6.278823968799643,53.33157946192369],[-6.279597836976392,53.33136810641003],[-6.279526451235486,53.33255756972484],[-6.28084644760231,53.33308984748247],[-6.279605046895631,53.3336926606611],[-6.278481720788518,53.333701280561776],[-6.278823968799643,53.33157946192369]]]}},{"id":"5428","type":"Feature","properties":{},"geometry":{"type":"Polygon","coordinates":[[[-6.2972587467151815,53.36521988732809],[-6.297722584431553,53.36450893304707],[-6.294316429926687,53.3641993598948],[-6.29627375220803,53.363278749720756],[-6.297716971270856,53.36335902660927],[-6.299183471812372,53.36423859143024],[-6.2972587467151815,53.36521988732809]]]}},{"id":"5431","type":"Feature","properties":{},"geometry":{"type":"Polygon","coordinates":[[[-6.2728139806124155,53.33971619753057],[-6.272534789667331,53.338945262969375],[-6.273233505604536,53.33908901343956],[-6.2728139806124155,53.33971619753057]]]}},{"id":"5448","type":"Feature","properties":{},"geometry":{"type":"Polygon","coordinates":[[[-6.292024208016602,53.36667751032312],[-6.291807643910912,53.36625671824424],[-6.2934719513762944,53.36393823669594],[-6.294316429926687,53.3641993598948],[-6.294485481187115,53.365540618680654],[-6.292024208016602,53.36667751032312]]]}},{"id":"5462","type":"Feature","properties":{},"geometry":{"type":"Polygon","coordinates":[[[-6.362243659551893,53.335662623375974],[-6.3661488186020625,53.335770843436684],[-6.363848922503463,53.33797760274322],[-6.363209061688359,53.337710034654826],[-6.362243659551893,53.335662623375974]]]}},{"id":"5468","type":"Feature","properties":{},"geometry":{"type":"Polygon","coordinates":[[[-6.223463419226716,53.32164352774056],[-6.2245813079082275,53.31983593681286],[-6.231396137528419,53.319623297794955],[-6.2301075664539205,53.32234704527736],[-6.227081635524928,53.3230069070755],[-6.223463419226716,53.32164352774056]]]}},{"id":"5472","type":"Feature","properties":{},"geometry":{"type":"Polygon","coordinates":[[[-6.239740073891135,53.367900017616016],[-6.23981221754998,53.36617503133681],[-6.24199597413913,53.36641329245563],[-6.240911375888742,53.36815625600858],[-6.239740073891135,53.367900017616016]]]}},{"id":"5488","type":"Feature","properties":{},"geometry":{"type":"Polygon","coordinates":[[[-6.189945634842027,53.35872774804981],[-6.191724450629444,53.35870564294033],[-6.191719114959735,53.36029843142993],[-6.189952406992986,53.36004396511106],[-6.189945634842027,53.35872774804981]]]}},{"id":"5492","type":"Feature","properties":{},"geometry":{"type":"Polygon","coordinates":[[[-6.2251103442181055,53.365394262571414],[-6.22660529274618,53.36473885488958],[-6.227035190004833,53.365073858042514],[-6.2268135335842345,53.36593817118782],[-6.225766810103602,53.36617153056646],[-6.2251103442181055,53.365394262571414]]]}},{"id":"5498","type":"Feature","properties":{},"geometry":{"type":"Polygon","coordinates":[[[-6.294746850396029,53.367082299124334],[-6.297277997261556,53.36722432338939],[-6.296890705709722,53.36842087639805],[-6.294362403950794,53.368529214476354],[-6.294746850396029,53.367082299124334]]]}},{"id":"5504","type":"Feature","properties":{},"geometry":{"type":"Polygon","coordinates":[[[-6.27550528396681,53.35850209203267],[-6.276790096023324,53.35812230174168],[-6.278338761852622,53.359813912189274],[-6.27677437783328,53.36024652286939],[-6.27550528396681,53.35850209203267]]]}},{"id":"5523","type":"Feature","properties":{},"geometry":{"type":"Polygon","coordinates":[[[-6.265188830188141,53.331807762767305],[-6.265137739680361,53.33132779076796],[-6.26684738562278,53.331270445699595],[-6.266890291980211,53.33198830349499],[-6.265188830188141,53.331807762767305]]]}},{"id":"5526","type":"Feature","properties":{},"geometry":{"type":"Polygon","coordinates":[[[-6.232226294094313,53.3193784146048],[-6.22691208476206,53.31967018014206],[-6.226590969183557,53.318815347332425],[-6.219328608948901,53.31557142006976],[-6.222835396546578,53.313714826450834],[-6.226898338819999,53.315463408505515],[-6.232226294094313,53.3193784146048]]]}},{"id":"5546","type":"Feature","properties":{},"geometry":{"type":"Polygon","coordinates":[[[-6.24868182529481,53.36212314806227],[-6.2491012933997805,53.361248855472624],[-6.2482333442386535,53.36074416165698],[-6.24950278592917,53.36091232592354],[-6.250953718328889,53.359476926150094],[-6.255703645473174,53.360569795025484],[-6.25564729885432,53.36141583015882],[-6.253587368190747,53.36111878942728],[-6.252281295302899,53.36261489088109],[-6.24868182529481,53.36212314806227]]]}},{"id":"5547","type":"Feature","properties":{},"geometry":{"type":"Polygon","coordinates":[[[-6.258665386233908,53.371966275719124],[-6.261113619683565,53.37225345052522],[-6.261137672649699,53.373182961383094],[-6.257930777019767,53.37282589756002],[-6.258665386233908,53.371966275719124]]]}},{"id":"5556","type":"Feature","properties":{},"geometry":{"type":"Polygon","coordinates":[[[-6.2204752061246555,53.3884248265781],[-6.220844322628193,53.387196414122016],[-6.223314087470046,53.38748426732623],[-6.222905368144872,53.38871253771576],[-6.2204752061246555,53.3884248265781]]]}},{"id":"5557","type":"Feature","properties":{},"geometry":{"type":"Polygon","coordinates":[[[-6.277042906940218,53.358441802328294],[-6.277910905116925,53.35887014753242],[-6.280194187575127,53.35866714966305],[-6.280591603216876,53.359183390158805],[-6.278338761852622,53.359813912189274],[-6.277042906940218,53.358441802328294]]]}},{"id":"5560","type":"Feature","properties":{},"geometry":{"type":"Polygon","coordinates":[[[-6.169602906590468,53.39054403849246],[-6.170952464171228,53.38973458688993],[-6.171764778272998,53.390263762179885],[-6.172924976643386,53.38971121825719],[-6.175765223846862,53.38968617071453],[-6.175247640560467,53.390542409140735],[-6.169602906590468,53.39054403849246]]]}},{"id":"5579","type":"Feature","properties":{},"geometry":{"type":"Polygon","coordinates":[[[-6.155510322766866,53.40283521112315],[-6.155209751755998,53.40198034715381],[-6.154647867461145,53.4021275897221],[-6.155200816464572,53.39930076723667],[-6.161732294555734,53.39938374847681],[-6.16260608089945,53.40263745685281],[-6.155510322766866,53.40283521112315]]]}},{"id":"5582","type":"Feature","properties":{},"geometry":{"type":"Polygon","coordinates":[[[-6.290105901467036,53.38134322161323],[-6.288731930071341,53.37996933978659],[-6.290293305220942,53.38007860356086],[-6.290105901467036,53.38134322161323]]]}},{"id":"5583","type":"Feature","properties":{},"geometry":{"type":"Polygon","coordinates":[[[-6.284265420678478,53.36716413339938],[-6.285357812556599,53.366754420500136],[-6.286067053817835,53.3674804172021],[-6.287954437537398,53.367015961681865],[-6.289295532562226,53.36751753740719],[-6.286324326205658,53.36876176301227],[-6.284265420678478,53.36716413339938]]]}},{"id":"5584","type":"Feature","properties":{},"geometry":{"type":"Polygon","coordinates":[[[-6.289705163879967,53.39530779624866],[-6.290062803370204,53.39432302560689],[-6.293278348165504,53.395709999296805],[-6.294971265673189,53.39311572621808],[-6.295664831096169,53.39318088899843],[-6.295170012372149,53.39479283172485],[-6.2934578012690405,53.39633010341512],[-6.292789103755185,53.396015920684256],[-6.292300222599423,53.39639445935821],[-6.289705163879967,53.39530779624866]]]}},{"id":"5591","type":"Feature","properties":{},"geometry":{"type":"Polygon","coordinates":[[[-6.16001949028218,53.3875953314823],[-6.160532568757035,53.38676471371066],[-6.159920106534041,53.38618410894593],[-6.162056769849598,53.38580872340003],[-6.1618875508688635,53.38494116509644],[-6.164801068352366,53.38527466398534],[-6.160648108112608,53.38787424481009],[-6.16001949028218,53.3875953314823]]]}},{"id":"5593","type":"Feature","properties":{},"geometry":{"type":"Polygon","coordinates":[[[-6.283464674805339,53.3152552534406],[-6.282387918632079,53.31460028275332],[-6.286387667281006,53.31460554999051],[-6.28609870092393,53.31513900451064],[-6.28330421120245,53.31565918925968],[-6.283464674805339,53.3152552534406]]]}},{"id":"5598","type":"Feature","properties":{},"geometry":{"type":"Polygon","coordinates":[[[-6.223673302731997,53.378590913156096],[-6.2241369054014255,53.378245882441135],[-6.228301123719867,53.37996901787141],[-6.22964390003432,53.37960254424903],[-6.22915079514625,53.38103295802458],[-6.223673302731997,53.378590913156096]]]}},{"id":"5601","type":"Feature","properties":{},"geometry":{"type":"Polygon","coordinates":[[[-6.201627720446918,53.37413074778206],[-6.207512998579888,53.371990864814705],[-6.205483921204014,53.37443150173297],[-6.206363123785544,53.3745793792298],[-6.206305361163074,53.37526427995935],[-6.205036664668329,53.37578399986463],[-6.204323915022662,53.37564371363618],[-6.204257428482623,53.37467796990259],[-6.201627720446918,53.37413074778206]]]}},{"id":"5602","type":"Feature","properties":{},"geometry":{"type":"Polygon","coordinates":[[[-6.263313482350003,53.34932826573824],[-6.266637317431278,53.34879079150867],[-6.2671291480955515,53.35014713051276],[-6.2647870506818935,53.35095599618789],[-6.263313482350003,53.34932826573824]]]}},{"id":"5627","type":"Feature","properties":{},"geometry":{"type":"Polygon","coordinates":[[[-6.2594610095008205,53.394418769192306],[-6.261021669520594,53.39262919189295],[-6.262005751053662,53.39280848175858],[-6.262333682910123,53.39219460864037],[-6.263912205074751,53.39214327296784],[-6.263960374499386,53.39499346212437],[-6.262540225116805,53.39527322553776],[-6.2594610095008205,53.394418769192306]]]}},{"id":"5641","type":"Feature","properties":{},"geometry":{"type":"Polygon","coordinates":[[[-6.269632125497463,53.33423079770864],[-6.270989001450101,53.33414661377023],[-6.273117038948947,53.33489696313752],[-6.2697781240945645,53.33514960441123],[-6.269632125497463,53.33423079770864]]]}},{"id":"5642","type":"Feature","properties":{},"geometry":{"type":"Polygon","coordinates":[[[-6.236089612943369,53.36458323941505],[-6.237313355526556,53.364651233026336],[-6.236882722193003,53.36278244238021],[-6.237639568249264,53.362686448169114],[-6.237836760719108,53.36575757925441],[-6.236089612943369,53.36458323941505]]]}},{"id":"5645","type":"Feature","properties":{},"geometry":{"type":"Polygon","coordinates":[[[-6.246450648332277,53.3624019544553],[-6.247039592128359,53.36189876162828],[-6.24868182529481,53.36212314806227],[-6.248130114251939,53.363624719252215],[-6.246450648332277,53.3624019544553]]]}},{"id":"5647","type":"Feature","properties":{},"geometry":{"type":"Polygon","coordinates":[[[-6.278287175498283,53.34716660713368],[-6.279163509272571,53.34763738155441],[-6.277842382078528,53.348976383690676],[-6.278287175498283,53.34716660713368]]]}},{"id":"5670","type":"Feature","properties":{},"geometry":{"type":"Polygon","coordinates":[[[-6.27809261560412,53.312082439640314],[-6.27782891265047,53.311319682779036],[-6.28076368444466,53.31057249626428],[-6.2803446593427195,53.312388144312266],[-6.2825336218215915,53.3122367682162],[-6.282441542026482,53.312620799340905],[-6.279254272784231,53.31272080673088],[-6.279012697517467,53.31191812309613],[-6.27809261560412,53.312082439640314]]]}},{"id":"5675","type":"Feature","properties":{},"geometry":{"type":"Polygon","coordinates":[[[-6.250628289215759,53.329759583043234],[-6.246971246811812,53.32864157262007],[-6.247890560120388,53.327946902437006],[-6.24985219714463,53.328934996034754],[-6.252163965045265,53.32896793847592],[-6.253092311475633,53.33045031732147],[-6.2519689051181295,53.330687092580916],[-6.250628289215759,53.329759583043234]]]}},{"id":"5680","type":"Feature","properties":{},"geometry":{"type":"Polygon","coordinates":[[[-6.271851428801424,53.34812224007784],[-6.2733101429433855,53.34806004888278],[-6.273603382903551,53.350127580753664],[-6.2724598507754825,53.35023880394163],[-6.271851428801424,53.34812224007784]]]}},{"id":"5687","type":"Feature","properties":{},"geometry":{"type":"Polygon","coordinates":[[[-6.212446476145743,53.40224987997838],[-6.212598691578383,53.401108009393155],[-6.216196648442356,53.40074394270188],[-6.216292419199738,53.40240453193033],[-6.212446476145743,53.40224987997838]]]}},{"id":"5697","type":"Feature","properties":{},"geometry":{"type":"Polygon","coordinates":[[[-6.2361227923181195,53.383691083767395],[-6.237751845917608,53.38144799912489],[-6.232706240515191,53.379491608307944],[-6.229857727329087,53.37905641641372],[-6.230098318696017,53.37845059057615],[-6.239181972868855,53.381074133529026],[-6.236991907881315,53.38388131369764],[-6.2361227923181195,53.383691083767395]]]}},{"id":"5704","type":"Feature","properties":{},"geometry":{"type":"Polygon","coordinates":[[[-6.305807369464398,53.327277749341114],[-6.307024775165001,53.327300830769346],[-6.307473108152593,53.32557046248177],[-6.308751617982272,53.32571150821994],[-6.308701134771785,53.327711034838124],[-6.306244383683585,53.32824006205874],[-6.305807369464398,53.327277749341114]]]}},{"id":"5746","type":"Feature","properties":{},"geometry":{"type":"Polygon","coordinates":[[[-6.260097396167178,53.35779111277288],[-6.259187575322912,53.35688830947982],[-6.260704904125763,53.35757899800966],[-6.260097396167178,53.35779111277288]]]}},{"id":"5747","type":"Feature","properties":{},"geometry":{"type":"Polygon","coordinates":[[[-6.238751276771216,53.38026689431564],[-6.235692134395505,53.37892169074363],[-6.236473885959552,53.37792161561069],[-6.237888571803611,53.37787869548256],[-6.237716059275702,53.37868492462746],[-6.239844195814618,53.37961339516543],[-6.238751276771216,53.38026689431564]]]}},{"id":"5749","type":"Feature","properties":{},"geometry":{"type":"Polygon","coordinates":[[[-6.288707565613729,53.32078305295483],[-6.290380849379255,53.32078269007866],[-6.290646439086145,53.32167156442435],[-6.289675046582393,53.322602730338396],[-6.288707565613729,53.32078305295483]]]}},{"id":"5751","type":"Feature","properties":{},"geometry":{"type":"Polygon","coordinates":[[[-6.252079393018226,53.397348117836955],[-6.251212379826927,53.396906581361385],[-6.251594626379918,53.393485492130345],[-6.254038313429883,53.393499131366966],[-6.254084972935401,53.39429877121633],[-6.252548484901562,53.394339591428775],[-6.252079393018226,53.397348117836955]]]}},{"id":"5764","type":"Feature","properties":{},"geometry":{"type":"Polygon","coordinates":[[[-6.329791221714427,53.34549541727659],[-6.330407808712028,53.34234073920073],[-6.33542233887063,53.34330262539703],[-6.340664692864584,53.34187004176257],[-6.345589524658391,53.34247339215166],[-6.3493894497442875,53.342272598318516],[-6.349367750053292,53.343727805854364],[-6.346415261150899,53.34560937478381],[-6.344254719583483,53.34478372159717],[-6.339840449389726,53.34450284846617],[-6.339843403857713,53.343240073991815],[-6.338522373159227,53.34308439291876],[-6.337417892874894,53.34383264668321],[-6.339410238782797,53.34451023563738],[-6.338584299637916,53.34522340459502],[-6.334334923172096,53.3460911980809],[-6.329791221714427,53.34549541727659]]]}},{"id":"5771","type":"Feature","properties":{},"geometry":{"type":"Polygon","coordinates":[[[-6.308441244502218,53.34722365791597],[-6.308269828677964,53.346802744003206],[-6.310922559893517,53.34651330659101],[-6.310865714861859,53.34750815072346],[-6.308441244502218,53.34722365791597]]]}},{"id":"5780","type":"Feature","properties":{},"geometry":{"type":"Polygon","coordinates":[[[-6.223548444059954,53.36607181753059],[-6.2251103442181055,53.365394262571414],[-6.227685028649837,53.36744753455921],[-6.226353220247777,53.36845038933411],[-6.223548444059954,53.36607181753059]]]}},{"id":"5784","type":"Feature","properties":{},"geometry":{"type":"Polygon","coordinates":[[[-6.332577756383528,53.34206294937899],[-6.333344798298764,53.34155052812618],[-6.336402214203365,53.34095929252198],[-6.334562484254371,53.34161987863189],[-6.335684609336007,53.34168894424235],[-6.336048493726181,53.342360580291],[-6.332577756383528,53.34206294937899]]]}},{"id":"5790","type":"Feature","properties":{},"geometry":{"type":"Polygon","coordinates":[[[-6.270170223437867,53.332382051779746],[-6.271377171344813,53.33231354002325],[-6.271534367993376,53.333568527649625],[-6.270334137236985,53.3336545935292],[-6.270170223437867,53.332382051779746]]]}},{"id":"5799","type":"Feature","properties":{},"geometry":{"type":"Polygon","coordinates":[[[-6.162684658923135,53.40293128707053],[-6.165377314295915,53.40297967108212],[-6.165875514273165,53.401813526302334],[-6.17004382986064,53.40208987804209],[-6.170977904977759,53.400756319011045],[-6.171606053871516,53.400793148837494],[-6.171580660780309,53.40180614838076],[-6.1761265485308625,53.40225559110035],[-6.177276693240323,53.402191563341276],[-6.179262634479419,53.400256196462195],[-6.182070596456098,53.40036026358798],[-6.181672911942458,53.40062976538274],[-6.182438632734881,53.40097492269916],[-6.178865289823387,53.40388915948183],[-6.170445819349588,53.40337436133061],[-6.170392468315462,53.40475836050586],[-6.169397021555296,53.404747218558214],[-6.1687323464832975,53.404065983376086],[-6.165407794617458,53.40479907706263],[-6.164959109410373,53.404377492009814],[-6.163322768519691,53.40542818473586],[-6.162684658923135,53.40293128707053]]]}},{"id":"5805","type":"Feature","properties":{},"geometry":{"type":"Polygon","coordinates":[[[-6.292357828246127,53.33667618373908],[-6.294449025870194,53.33699533524883],[-6.294195692479632,53.33739723745109],[-6.292763446816536,53.33757521575832],[-6.292357828246127,53.33667618373908]]]}},{"id":"5807","type":"Feature","properties":{},"geometry":{"type":"Polygon","coordinates":[[[-6.2990308769129095,53.32594234969581],[-6.301421837436472,53.32537729206384],[-6.302219247299296,53.3262399508089],[-6.299479622422807,53.32686034672396],[-6.2990308769129095,53.32594234969581]]]}},{"id":"5814","type":"Feature","properties":{},"geometry":{"type":"Polygon","coordinates":[[[-6.248752378863677,53.31375983035058],[-6.248992634827438,53.313029140817875],[-6.250050899028925,53.312957271905205],[-6.2512292364877045,53.313898728068686],[-6.248752378863677,53.31375983035058]]]}},{"id":"5821","type":"Feature","properties":{},"geometry":{"type":"Polygon","coordinates":[[[-6.202755443582094,53.40158838430785],[-6.197246814208336,53.39955672360633],[-6.1974016669984895,53.39940413456417],[-6.202859010897651,53.39992657513442],[-6.202755443582094,53.40158838430785]]]}},{"id":"5824","type":"Feature","properties":{},"geometry":{"type":"Polygon","coordinates":[[[-6.360200126871952,53.34361088174655],[-6.36042971775467,53.342786207602146],[-6.363812787030734,53.343071363101124],[-6.363790844662124,53.34393228960809],[-6.362756887745109,53.34409992347826],[-6.36267076298439,53.34634622191389],[-6.36063467326773,53.34606082075856],[-6.361491288435062,53.34371519273816],[-6.360200126871952,53.34361088174655]]]}},{"id":"5829","type":"Feature","properties":{},"geometry":{"type":"Polygon","coordinates":[[[-6.289987613197375,53.35396352126463],[-6.291225019573499,53.35364784527087],[-6.293129859904799,53.35467438354357],[-6.292221363107408,53.35497133743287],[-6.289987613197375,53.35396352126463]]]}},{"id":"5832","type":"Feature","properties":{},"geometry":{"type":"Polygon","coordinates":[[[-6.287536069080998,53.3235910230728],[-6.286472168727977,53.32398111725186],[-6.283382532167528,53.32289225680346],[-6.284751563084846,53.322287199982085],[-6.287536069080998,53.3235910230728]]]}},{"id":"5833","type":"Feature","properties":{},"geometry":{"type":"Polygon","coordinates":[[[-6.24860650737678,53.356138844898055],[-6.247943566113039,53.35565656214315],[-6.250272109643858,53.35514515215316],[-6.250633220608106,53.35576133319288],[-6.24860650737678,53.356138844898055]]]}},{"id":"5841","type":"Feature","properties":{},"geometry":{"type":"Polygon","coordinates":[[[-6.333241652902904,53.32690883030594],[-6.333324875306612,53.32616962096977],[-6.331408215237047,53.325636799006126],[-6.331176812372186,53.326822626593774],[-6.327430691429414,53.32478115783056],[-6.332360376671364,53.318835670425756],[-6.334100977177259,53.31921735827259],[-6.332945448075978,53.31948324117543],[-6.328852371537356,53.32400206367917],[-6.3437818352199535,53.32361557519969],[-6.345959286179215,53.32587373314857],[-6.336592181835475,53.328393236212776],[-6.333241652902904,53.32690883030594]]]}},{"id":"5843","type":"Feature","properties":{},"geometry":{"type":"Polygon","coordinates":[[[-6.256386933223247,53.32708139782115],[-6.252536038058887,53.32641328577996],[-6.254480195139124,53.32508970852249],[-6.256319618404298,53.32649818868922],[-6.256386933223247,53.32708139782115]]]}},{"id":"5854","type":"Feature","properties":{},"geometry":{"type":"Polygon","coordinates":[[[-6.3169979129062215,53.32940826568421],[-6.31887570495096,53.3275231800323],[-6.320477192609453,53.328327017884256],[-6.318386355245732,53.329793741233],[-6.3169979129062215,53.32940826568421]]]}},{"id":"5860","type":"Feature","properties":{},"geometry":{"type":"Polygon","coordinates":[[[-6.263349918382557,53.330115685941216],[-6.261678521109014,53.327712109045294],[-6.263385099185571,53.32797191613889],[-6.2639882344361055,53.330103134978884],[-6.263349918382557,53.330115685941216]]]}},{"id":"5876","type":"Feature","properties":{},"geometry":{"type":"Polygon","coordinates":[[[-6.323509308943022,53.3726192822632],[-6.324745519236684,53.371831020710914],[-6.326710965441073,53.371751825416936],[-6.327253073666125,53.37340996103224],[-6.323901605315657,53.37356483741299],[-6.323509308943022,53.3726192822632]]]}},{"id":"5879","type":"Feature","properties":{},"geometry":{"type":"Polygon","coordinates":[[[-6.25467999224437,53.31782801793252],[-6.253344599516737,53.31627295878194],[-6.258508010511052,53.31613873218261],[-6.258918837624955,53.317421362821044],[-6.25467999224437,53.31782801793252]]]}},{"id":"5886","type":"Feature","properties":{},"geometry":{"type":"Polygon","coordinates":[[[-6.26462117140092,53.3626635157842],[-6.2655689642088745,53.36056498650394],[-6.26608736435245,53.360420468869684],[-6.266420941415146,53.36073039811492],[-6.26462117140092,53.3626635157842]]]}},{"id":"5895","type":"Feature","properties":{},"geometry":{"type":"Polygon","coordinates":[[[-6.2387423165912,53.338603078294994],[-6.23561924114486,53.33768241820654],[-6.2380284514682325,53.336979333773655],[-6.239902198202722,53.33782995801959],[-6.2387423165912,53.338603078294994]]]}},{"id":"5901","type":"Feature","properties":{},"geometry":{"type":"Polygon","coordinates":[[[-6.269329768532878,53.33243031568598],[-6.270170223437867,53.332382051779746],[-6.270334137236985,53.3336545935292],[-6.2726947372957635,53.33349077079018],[-6.272791396243337,53.33404990977696],[-6.269632125497463,53.33423079770864],[-6.269329768532878,53.33243031568598]]]}},{"id":"5908","type":"Feature","properties":{},"geometry":{"type":"Polygon","coordinates":[[[-6.211950973459049,53.39522951400813],[-6.204433063033515,53.39266401231664],[-6.205270837441549,53.39193850660279],[-6.212568411121792,53.39453154933],[-6.211950973459049,53.39522951400813]]]}},{"id":"5916","type":"Feature","properties":{},"geometry":{"type":"Polygon","coordinates":[[[-6.305807369464398,53.327277749341114],[-6.306342986029701,53.32511957858339],[-6.308899216397961,53.325294045435854],[-6.308751617982272,53.32571150821994],[-6.307473108152593,53.32557046248177],[-6.307024775165001,53.327300830769346],[-6.305807369464398,53.327277749341114]]]}},{"id":"5921","type":"Feature","properties":{},"geometry":{"type":"Polygon","coordinates":[[[-6.219669461159708,53.374775933731],[-6.221756776276308,53.37301633030156],[-6.224078621689716,53.373225372754206],[-6.224232086344752,53.37376619793747],[-6.2226548510807325,53.373666247929],[-6.221498531567553,53.3752527733635],[-6.219669461159708,53.374775933731]]]}},{"id":"5941","type":"Feature","properties":{},"geometry":{"type":"Polygon","coordinates":[[[-6.245135022843791,53.36361081075804],[-6.242375179449095,53.36194045146357],[-6.24294594864307,53.36135962314803],[-6.247039592128359,53.36189876162828],[-6.245872414031422,53.36232042746389],[-6.245135022843791,53.36361081075804]]]}},{"id":"5944","type":"Feature","properties":{},"geometry":{"type":"Polygon","coordinates":[[[-6.250050899028925,53.312957271905205],[-6.248946683503806,53.31265727250052],[-6.248946280566306,53.311664360690244],[-6.249796749930353,53.31176216000553],[-6.250050899028925,53.312957271905205]]]}},{"id":"5946","type":"Feature","properties":{},"geometry":{"type":"Polygon","coordinates":[[[-6.3272011974063425,53.37722619713625],[-6.330040857656813,53.37724771768321],[-6.3300732138705,53.37758856308926],[-6.327192073596753,53.3780579338644],[-6.3272011974063425,53.37722619713625]]]}},{"id":"5955","type":"Feature","properties":{},"geometry":{"type":"Polygon","coordinates":[[[-6.190751160838098,53.38801788124519],[-6.191948005871481,53.386933889680286],[-6.192822576571625,53.386993810070905],[-6.193851400628563,53.38742522863667],[-6.193899746668491,53.388733915725254],[-6.192188450434403,53.38943262380124],[-6.190751160838098,53.38801788124519]]]}},{"id":"5966","type":"Feature","properties":{},"geometry":{"type":"Polygon","coordinates":[[[-6.249093415275856,53.336813207840315],[-6.253283979086658,53.33257289688868],[-6.255241906935973,53.33440385915637],[-6.253843649124817,53.33494196031431],[-6.252098352014765,53.33679999159493],[-6.2509384174972205,53.33634910648813],[-6.2500846122133265,53.33717901691304],[-6.249093415275856,53.336813207840315]]]}},{"id":"5967","type":"Feature","properties":{},"geometry":{"type":"Polygon","coordinates":[[[-6.298575622679297,53.320991506573364],[-6.29824572265742,53.32060720600576],[-6.30154522598281,53.31915363697311],[-6.301209162826222,53.32029249549047],[-6.301927486075112,53.32097373894987],[-6.298575622679297,53.320991506573364]]]}},{"id":"5983","type":"Feature","properties":{},"geometry":{"type":"Polygon","coordinates":[[[-6.1786155529798386,53.404193804787695],[-6.179614262321846,53.40292773246554],[-6.180784829605144,53.40340723487434],[-6.1794878731848195,53.40407124583794],[-6.180268260055803,53.404627052766195],[-6.1786155529798386,53.404193804787695]]]}},{"id":"5984","type":"Feature","properties":{},"geometry":{"type":"Polygon","coordinates":[[[-6.279484267049784,53.390307144417605],[-6.279616359898542,53.388443286392516],[-6.2803864692533065,53.388885736917366],[-6.280315642365369,53.390088060598536],[-6.284889067294039,53.39011073700568],[-6.285262811364971,53.38943311589269],[-6.279968352850122,53.3883661995567],[-6.2809913926588905,53.387604668135204],[-6.281420163420815,53.388265530290255],[-6.283316227971646,53.38858997657063],[-6.284346295917809,53.38757718571538],[-6.288243703518554,53.38833859279642],[-6.287911477653027,53.38942580026791],[-6.286883415443931,53.389800366073175],[-6.287210481220615,53.39041135440372],[-6.279484267049784,53.390307144417605]]]}},{"id":"5986","type":"Feature","properties":{},"geometry":{"type":"Polygon","coordinates":[[[-6.247816578880129,53.31329013384327],[-6.245139053371519,53.31261689418029],[-6.246418874222935,53.31204545645742],[-6.248710198077896,53.312364407908696],[-6.247816578880129,53.31329013384327]]]}},{"id":"5989","type":"Feature","properties":{},"geometry":{"type":"Polygon","coordinates":[[[-6.2133383545906655,53.38323737718101],[-6.212795794202403,53.38262335532501],[-6.2152243043250515,53.38252822589164],[-6.216381201992954,53.381567674999054],[-6.21345551356549,53.38026236098131],[-6.215029991393717,53.37913633681555],[-6.2171309868124744,53.37986214534245],[-6.218083162233786,53.37907608041292],[-6.220471434937058,53.37978096977529],[-6.2216548519170916,53.37912692646096],[-6.222871681434556,53.37965846183985],[-6.2217792882845595,53.38083118462114],[-6.222311100909724,53.38112265511209],[-6.221640800914809,53.382712006298085],[-6.218163614406576,53.38221789434409],[-6.217317624733241,53.384286559318596],[-6.2133383545906655,53.38323737718101]]]}},{"id":"6001","type":"Feature","properties":{},"geometry":{"type":"Polygon","coordinates":[[[-6.20102873346551,53.31180388775483],[-6.205232545728831,53.3122549324283],[-6.209008360109085,53.3115367380464],[-6.208545222397787,53.31225692931296],[-6.206021438676766,53.31275115964176],[-6.203426004111189,53.31257646740686],[-6.202554840769389,53.31379641085119],[-6.20102873346551,53.31180388775483]]]}},{"id":"6004","type":"Feature","properties":{},"geometry":{"type":"Polygon","coordinates":[[[-6.2741994244037755,53.3517063866986],[-6.2745487361574845,53.3510791626167],[-6.275807082286083,53.351315107499666],[-6.275853347796203,53.351696241724994],[-6.2741994244037755,53.3517063866986]]]}},{"id":"6007","type":"Feature","properties":{},"geometry":{"type":"Polygon","coordinates":[[[-6.237639568249264,53.362686448169114],[-6.239845252195721,53.36279570787724],[-6.239805826043959,53.365784070892815],[-6.237836760719108,53.36575757925441],[-6.237639568249264,53.362686448169114]]]}},{"id":"6019","type":"Feature","properties":{},"geometry":{"type":"Polygon","coordinates":[[[-6.292843326263014,53.35634400447659],[-6.290746330634385,53.35688518453107],[-6.2924001572249795,53.35578921200622],[-6.292843326263014,53.35634400447659]]]}},{"id":"6026","type":"Feature","properties":{},"geometry":{"type":"Polygon","coordinates":[[[-6.235214966127377,53.37454563405877],[-6.237265880058691,53.371999691396496],[-6.238081136258096,53.37229012809535],[-6.236404217880511,53.37437964089563],[-6.235214966127377,53.37454563405877]]]}},{"id":"6027","type":"Feature","properties":{},"geometry":{"type":"Polygon","coordinates":[[[-6.23050013058634,53.36507662608867],[-6.233090178811133,53.366713901672014],[-6.2293102194264005,53.36761742784264],[-6.23077493892993,53.365621615305905],[-6.23050013058634,53.36507662608867]]]}},{"id":"6031","type":"Feature","properties":{},"geometry":{"type":"Polygon","coordinates":[[[-6.316876378971095,53.386954866932356],[-6.312721381686471,53.38638177811285],[-6.3127798367650225,53.38476265418855],[-6.316938549496343,53.38533858077076],[-6.316213215933706,53.38647240448304],[-6.316876378971095,53.386954866932356]]]}},{"id":"6060","type":"Feature","properties":{},"geometry":{"type":"Polygon","coordinates":[[[-6.2727732194689265,53.31601615732032],[-6.27636860575693,53.31544297274262],[-6.2767612501794146,53.31631380813249],[-6.273224547167726,53.3169259372488],[-6.2727732194689265,53.31601615732032]]]}},{"id":"6062","type":"Feature","properties":{},"geometry":{"type":"Polygon","coordinates":[[[-6.268243289599473,53.32293138917925],[-6.26906730720534,53.323741487014246],[-6.2676946425391975,53.32389362697654],[-6.2673564112740845,53.32307179353508],[-6.268243289599473,53.32293138917925]]]}},{"id":"6098","type":"Feature","properties":{},"geometry":{"type":"Polygon","coordinates":[[[-6.21165398554288,53.32444951022028],[-6.211724283982104,53.32538825925381],[-6.207934755908169,53.32639934765178],[-6.207103261653631,53.325123594782355],[-6.21165398554288,53.32444951022028]]]}},{"id":"6110","type":"Feature","properties":{},"geometry":{"type":"Polygon","coordinates":[[[-6.153288262114985,53.38855040230631],[-6.154830523727831,53.388054259543715],[-6.155571466780181,53.388408773381265],[-6.157853797827702,53.38709874695829],[-6.1595384088575145,53.38738132142204],[-6.1563626354844825,53.389263613617054],[-6.153288262114985,53.38855040230631]]]}},{"id":"6112","type":"Feature","properties":{},"geometry":{"type":"Polygon","coordinates":[[[-6.226575638441426,53.341835715449605],[-6.225830946694625,53.341233824058904],[-6.22835456350616,53.34050663162016],[-6.22901370674836,53.34166107894136],[-6.226575638441426,53.341835715449605]]]}},{"id":"6122","type":"Feature","properties":{},"geometry":{"type":"Polygon","coordinates":[[[-6.275501908997826,53.32971214567968],[-6.272438731601718,53.3296314927853],[-6.272393950756324,53.32895217909377],[-6.274043086748821,53.32881457095574],[-6.275501908997826,53.32971214567968]]]}},{"id":"6123","type":"Feature","properties":{},"geometry":{"type":"Polygon","coordinates":[[[-6.2911033831216185,53.33472873937367],[-6.292279247631253,53.33449222142475],[-6.290959515891164,53.333807915936205],[-6.291333596767203,53.3334615975127],[-6.293595960145991,53.33501737069673],[-6.2916198256465234,53.335666376243864],[-6.2911033831216185,53.33472873937367]]]}},{"id":"6125","type":"Feature","properties":{},"geometry":{"type":"Polygon","coordinates":[[[-6.198757119901412,53.38425500952975],[-6.201415640690235,53.38468826030814],[-6.202275970570128,53.38314552681832],[-6.203894409705205,53.383494580663154],[-6.201259697079547,53.38661302192874],[-6.200452172987085,53.38626627508852],[-6.20147911737786,53.38511145282803],[-6.198702965400044,53.3846645820789],[-6.198757119901412,53.38425500952975]]]}},{"id":"6140","type":"Feature","properties":{},"geometry":{"type":"Polygon","coordinates":[[[-6.282135703960728,53.40468017337795],[-6.283120158497327,53.40423802845186],[-6.2839359955363125,53.404943802845814],[-6.282971443169906,53.40534451664149],[-6.282135703960728,53.40468017337795]]]}},{"id":"6152","type":"Feature","properties":{},"geometry":{"type":"Polygon","coordinates":[[[-6.16113972797813,53.38140355575824],[-6.16079683491908,53.379359557948945],[-6.164009743033942,53.379496096076856],[-6.164873236344425,53.38003047660816],[-6.165138861732848,53.380981458643475],[-6.163794773351698,53.38191437251499],[-6.16113972797813,53.38140355575824]]]}},{"id":"6183","type":"Feature","properties":{},"geometry":{"type":"Polygon","coordinates":[[[-6.260357377152649,53.361447324799244],[-6.26099300243702,53.360961920953606],[-6.263368145082434,53.36135609751945],[-6.264353217771074,53.362095363740416],[-6.260357377152649,53.361447324799244]]]}},{"id":"6190","type":"Feature","properties":{},"geometry":{"type":"Polygon","coordinates":[[[-6.232367915693763,53.38384723965182],[-6.229224772511918,53.38308887190889],[-6.227658449897804,53.38342120184879],[-6.228801327706534,53.38178110180295],[-6.227067847375733,53.381299613177006],[-6.227420477742917,53.3810213568092],[-6.230297795930532,53.3813571752958],[-6.230214166251924,53.3823872935369],[-6.232367915693763,53.38384723965182]]]}},{"id":"6205","type":"Feature","properties":{},"geometry":{"type":"Polygon","coordinates":[[[-6.273838116507666,53.31756397014382],[-6.277089026913508,53.3168659745575],[-6.279173203993026,53.318559495279665],[-6.274585002102016,53.31970749006256],[-6.273838116507666,53.31756397014382]]]}},{"id":"6212","type":"Feature","properties":{},"geometry":{"type":"Polygon","coordinates":[[[-6.21021306010644,53.38835910442225],[-6.206957618621179,53.387882167620326],[-6.202365837227721,53.386843352519485],[-6.203092457643914,53.38600685613165],[-6.203819199186014,53.38614733195584],[-6.21021306010644,53.38835910442225]]]}},{"id":"6236","type":"Feature","properties":{},"geometry":{"type":"Polygon","coordinates":[[[-6.236721227260012,53.35820464197358],[-6.23832271074546,53.35737373340463],[-6.239505024946601,53.35783452079224],[-6.238297044374244,53.358902709629575],[-6.236721227260012,53.35820464197358]]]}},{"id":"6248","type":"Feature","properties":{},"geometry":{"type":"Polygon","coordinates":[[[-6.274894634108795,53.398957266683155],[-6.271387147426244,53.398081749578644],[-6.271542171653823,53.396959162341766],[-6.275176253993092,53.3981369366782],[-6.274894634108795,53.398957266683155]]]}},{"id":"6260","type":"Feature","properties":{},"geometry":{"type":"Polygon","coordinates":[[[-6.328245673351471,53.345197362815995],[-6.328177806652437,53.34331323166911],[-6.33021804918084,53.34336465085522],[-6.329791221714427,53.34549541727659],[-6.328245673351471,53.345197362815995]]]}},{"id":"6262","type":"Feature","properties":{},"geometry":{"type":"Polygon","coordinates":[[[-6.271885238861284,53.332269614966386],[-6.27165431717532,53.3302205735461],[-6.272372899562368,53.33020129490088],[-6.273538616684176,53.33218671324357],[-6.271885238861284,53.332269614966386]]]}},{"id":"6276","type":"Feature","properties":{},"geometry":{"type":"Polygon","coordinates":[[[-6.276506212500536,53.402083918213485],[-6.274550043120765,53.40077908379616],[-6.276068957046786,53.39954843867547],[-6.278368041063812,53.4014025902627],[-6.276506212500536,53.402083918213485]]]}},{"id":"6278","type":"Feature","properties":{},"geometry":{"type":"Polygon","coordinates":[[[-6.23914890311148,53.3236508338254],[-6.238176835987456,53.32288622783748],[-6.238881039715201,53.32184813851141],[-6.243109018317653,53.319746568432215],[-6.245549218342168,53.32173578688479],[-6.240818557097072,53.32186509922117],[-6.240072670979743,53.323141643138015],[-6.23914890311148,53.3236508338254]]]}},{"id":"6286","type":"Feature","properties":{},"geometry":{"type":"Polygon","coordinates":[[[-6.2472334194916295,53.374964583160995],[-6.247840554510818,53.37437784846123],[-6.249866968383078,53.37493105740724],[-6.252008770274081,53.37150519627966],[-6.251083303831862,53.371412497205675],[-6.251016688524576,53.37074145863737],[-6.253498077191125,53.37112302224689],[-6.2503517435446225,53.37581144799135],[-6.2472334194916295,53.374964583160995]]]}},{"id":"6289","type":"Feature","properties":{},"geometry":{"type":"Polygon","coordinates":[[[-6.3113025991191405,53.393666123624904],[-6.310974142522833,53.39311589722663],[-6.307734372408454,53.392079230782244],[-6.307875141804388,53.3913101469255],[-6.311568712868076,53.39206593783878],[-6.31220358823698,53.39325271008111],[-6.3113025991191405,53.393666123624904]]]}},{"id":"6291","type":"Feature","properties":{},"geometry":{"type":"Polygon","coordinates":[[[-6.317732128039551,53.38264219157038],[-6.313700460719443,53.38200249143676],[-6.313695108320845,53.381245950344024],[-6.31629037224937,53.38132955119877],[-6.317732128039551,53.38264219157038]]]}},{"id":"6302","type":"Feature","properties":{},"geometry":{"type":"Polygon","coordinates":[[[-6.164801068352366,53.38527466398534],[-6.160220002694998,53.38437077830329],[-6.157446622046261,53.38432017584929],[-6.157443538020068,53.383668591046145],[-6.165879880704966,53.384741150588034],[-6.164801068352366,53.38527466398534]]]}},{"id":"6304","type":"Feature","properties":{},"geometry":{"type":"Polygon","coordinates":[[[-6.234152036020845,53.39933884944717],[-6.2336345847844274,53.397202654974336],[-6.236900183696047,53.39707677850715],[-6.236066793324791,53.39915311586282],[-6.234152036020845,53.39933884944717]]]}},{"id":"6310","type":"Feature","properties":{},"geometry":{"type":"Polygon","coordinates":[[[-6.249087550622574,53.32413595462431],[-6.247694482852781,53.32356730080925],[-6.247140997101778,53.32230477036457],[-6.2502962831748885,53.32347609201776],[-6.249087550622574,53.32413595462431]]]}},{"id":"6319","type":"Feature","properties":{},"geometry":{"type":"Polygon","coordinates":[[[-6.194828718003851,53.36756203564352],[-6.1950960529710795,53.36590902802811],[-6.199077810985602,53.36626124779622],[-6.198378715962296,53.367564586222464],[-6.194828718003851,53.36756203564352]]]}},{"id":"6321","type":"Feature","properties":{},"geometry":{"type":"Polygon","coordinates":[[[-6.286276269323132,53.33728107818971],[-6.2861220417973875,53.33651092902554],[-6.287109894985315,53.33619594588194],[-6.2878735145663125,53.33665832540588],[-6.286276269323132,53.33728107818971]]]}},{"id":"6323","type":"Feature","properties":{},"geometry":{"type":"Polygon","coordinates":[[[-6.2727732194689265,53.31601615732032],[-6.271530685419774,53.315695724219395],[-6.272133189757349,53.31480871399166],[-6.273353057948799,53.31509521520462],[-6.273649474551529,53.314417926368996],[-6.27572748167984,53.31420117173488],[-6.27636860575693,53.31544297274262],[-6.2727732194689265,53.31601615732032]]]}},{"id":"6324","type":"Feature","properties":{},"geometry":{"type":"Polygon","coordinates":[[[-6.205378678686511,53.40068036657547],[-6.208394290829417,53.40024302044677],[-6.209636558162037,53.40148061564575],[-6.209393510685545,53.40326672729252],[-6.205325828284998,53.40233477835332],[-6.205378678686511,53.40068036657547]]]}},{"id":"6338","type":"Feature","properties":{},"geometry":{"type":"Polygon","coordinates":[[[-6.279840786740127,53.350225002373996],[-6.280006686272484,53.34987793738486],[-6.281812150382726,53.35030685018916],[-6.279840786740127,53.350225002373996]]]}},{"id":"6350","type":"Feature","properties":{},"geometry":{"type":"Polygon","coordinates":[[[-6.262447117617871,53.34706577570351],[-6.26089918162972,53.346844970040216],[-6.262267094340769,53.34652052541442],[-6.262447117617871,53.34706577570351]]]}},{"id":"6351","type":"Feature","properties":{},"geometry":{"type":"Polygon","coordinates":[[[-6.2997047745804275,53.33861783419765],[-6.299336208612333,53.33769211227443],[-6.304034048679133,53.33718203588483],[-6.303869270853744,53.339036879526354],[-6.2997047745804275,53.33861783419765]]]}},{"id":"6362","type":"Feature","properties":{},"geometry":{"type":"Polygon","coordinates":[[[-6.27121881025813,53.31988994116049],[-6.272268702302308,53.31810012921244],[-6.270239573850115,53.317524429174235],[-6.270473027983745,53.31719058857221],[-6.273838116507666,53.31756397014382],[-6.274585002102016,53.31970749006256],[-6.271722669597944,53.320439380281265],[-6.27121881025813,53.31988994116049]]]}},{"id":"6366","type":"Feature","properties":{},"geometry":{"type":"Polygon","coordinates":[[[-6.213997202312825,53.39512834550175],[-6.210735309021899,53.39383214090573],[-6.211600073690319,53.392425402762846],[-6.214689156383409,53.39340379322456],[-6.213997202312825,53.39512834550175]]]}},{"id":"6367","type":"Feature","properties":{},"geometry":{"type":"Polygon","coordinates":[[[-6.288679744686403,53.31168057628931],[-6.292478915135997,53.312672660085745],[-6.292636197541548,53.3118631409257],[-6.294200503896513,53.31212249602202],[-6.293029661496006,53.31360929461091],[-6.288763612561619,53.31253960608533],[-6.2860883740119995,53.31427712883391],[-6.288679744686403,53.31168057628931]]]}},{"id":"6382","type":"Feature","properties":{},"geometry":{"type":"Polygon","coordinates":[[[-6.292296383220555,53.31977478999587],[-6.2942456638798,53.318831867786386],[-6.295538876579293,53.317652492068184],[-6.296992668987768,53.319223238559424],[-6.293443025567571,53.32065539837629],[-6.292296383220555,53.31977478999587]]]}},{"id":"6383","type":"Feature","properties":{},"geometry":{"type":"Polygon","coordinates":[[[-6.286314088916287,53.35196146790608],[-6.287082320425603,53.35135881158716],[-6.288251533447756,53.35257262204722],[-6.287505327028059,53.352942020020514],[-6.286314088916287,53.35196146790608]]]}},{"id":"6384","type":"Feature","properties":{},"geometry":{"type":"Polygon","coordinates":[[[-6.270573015105047,53.31910837253103],[-6.271294127539096,53.31811580386024],[-6.270239573850115,53.317524429174235],[-6.272268702302308,53.31810012921244],[-6.270998295738198,53.31997924175362],[-6.270573015105047,53.31910837253103]]]}},{"id":"6395","type":"Feature","properties":{},"geometry":{"type":"Polygon","coordinates":[[[-6.3720699052039,53.3406571823597],[-6.363996968228123,53.33899534747674],[-6.3612835240422925,53.33910280525214],[-6.361052856507459,53.33856680161877],[-6.365715291929054,53.3388013799548],[-6.372170941118409,53.34020742754422],[-6.3720699052039,53.3406571823597]]]}},{"id":"6403","type":"Feature","properties":{},"geometry":{"type":"Polygon","coordinates":[[[-6.2957599936260005,53.32419437846338],[-6.297430070260199,53.32444255258982],[-6.30013514143674,53.32497707703217],[-6.296762579187461,53.325758668431305],[-6.2957599936260005,53.32419437846338]]]}},{"id":"6404","type":"Feature","properties":{},"geometry":{"type":"Polygon","coordinates":[[[-6.253521490154369,53.32678304673243],[-6.25475359960729,53.32694273323097],[-6.2547829589323705,53.32775607782644],[-6.253462656782201,53.32776496758097],[-6.253521490154369,53.32678304673243]]]}},{"id":"6419","type":"Feature","properties":{},"geometry":{"type":"Polygon","coordinates":[[[-6.283285508402148,53.30514019852301],[-6.2864631596784,53.304374916535984],[-6.286595015147574,53.30140158439812],[-6.291914897970931,53.29888211762658],[-6.29649478316813,53.30230930607403],[-6.293861367762079,53.303921934306786],[-6.292381668524344,53.30303592718215],[-6.2889872777046545,53.30518194347549],[-6.28563971615664,53.30639967700243],[-6.283659831672239,53.306775405354685],[-6.283285508402148,53.30514019852301]]]}},{"id":"6427","type":"Feature","properties":{},"geometry":{"type":"Polygon","coordinates":[[[-6.202420580499722,53.3783100502113],[-6.199138057365383,53.37801016354143],[-6.2004234381573164,53.37594572017518],[-6.203148437733182,53.37656599341323],[-6.202420580499722,53.3783100502113]]]}},{"id":"6435","type":"Feature","properties":{},"geometry":{"type":"Polygon","coordinates":[[[-6.275853347796203,53.351696241724994],[-6.277502013867719,53.351660354924604],[-6.277474108290579,53.352097195344406],[-6.276494843279839,53.352132506618446],[-6.275853347796203,53.351696241724994]]]}},{"id":"6448","type":"Feature","properties":{},"geometry":{"type":"Polygon","coordinates":[[[-6.255300265284009,53.35580898377548],[-6.25436080017794,53.3550880948291],[-6.25609489510051,53.35443660317863],[-6.257913070804571,53.35564191586029],[-6.257192473891273,53.35590051483442],[-6.256644449821739,53.35532714827209],[-6.255300265284009,53.35580898377548]]]}},{"id":"6455","type":"Feature","properties":{},"geometry":{"type":"Polygon","coordinates":[[[-6.270979831878882,53.3606688931096],[-6.269650287624105,53.36044485461565],[-6.269786891691999,53.35894085518235],[-6.27105930047854,53.358929529661594],[-6.271407649740698,53.3578955811174],[-6.2721704888429635,53.35798113173116],[-6.270979831878882,53.3606688931096]]]}},{"id":"6457","type":"Feature","properties":{},"geometry":{"type":"Polygon","coordinates":[[[-6.223037662168542,53.38311396120089],[-6.223718545638573,53.38149064118961],[-6.222172961662852,53.38062169397106],[-6.222742156204901,53.3804263835668],[-6.225998521560828,53.38201079939738],[-6.225159439138714,53.38331990093272],[-6.226945913545515,53.38411820790549],[-6.22394306744814,53.38404793717024],[-6.224094980868766,53.38321830280759],[-6.223037662168542,53.38311396120089]]]}},{"id":"6463","type":"Feature","properties":{},"geometry":{"type":"Polygon","coordinates":[[[-6.259051577623236,53.35676455452194],[-6.258424710525132,53.35554999423762],[-6.259597423398551,53.35649269075794],[-6.259051577623236,53.35676455452194]]]}},{"id":"6466","type":"Feature","properties":{},"geometry":{"type":"Polygon","coordinates":[[[-6.1707352859035,53.382887564629264],[-6.172363329004444,53.38030685685778],[-6.175157297078601,53.38034263448323],[-6.175899174681891,53.38165397261696],[-6.1707352859035,53.382887564629264]]]}},{"id":"6474","type":"Feature","properties":{},"geometry":{"type":"Polygon","coordinates":[[[-6.323465300685672,53.37256885259757],[-6.321410349329379,53.37194733491989],[-6.321764420047588,53.37036235570634],[-6.322837852584528,53.37061579853918],[-6.3242471875120465,53.370136043272176],[-6.326235925179695,53.37086941019335],[-6.325695294473286,53.37178199036967],[-6.323465300685672,53.37256885259757]]]}},{"id":"6489","type":"Feature","properties":{},"geometry":{"type":"Polygon","coordinates":[[[-6.250709460779589,53.367532133253036],[-6.251989906433364,53.366780699532036],[-6.253253235019422,53.36814693310366],[-6.255184347182433,53.36831211693762],[-6.2546774498038795,53.36922876120425],[-6.254363335129188,53.36870392716338],[-6.251673025239257,53.368498569547576],[-6.250709460779589,53.367532133253036]]]}},{"id":"6493","type":"Feature","properties":{},"geometry":{"type":"Polygon","coordinates":[[[-6.184248389877164,53.40399884104754],[-6.184300485562427,53.40319057478412],[-6.186058931975585,53.40323033993448],[-6.186004479887909,53.40408557889517],[-6.184248389877164,53.40399884104754]]]}},{"id":"6496","type":"Feature","properties":{},"geometry":{"type":"Polygon","coordinates":[[[-6.162984896850049,53.406760637809874],[-6.164636716324816,53.40692051515457],[-6.166812439481867,53.406253846615684],[-6.166281592958117,53.4067340001926],[-6.167081718085671,53.4077270478745],[-6.163283184378535,53.40822004045367],[-6.162984896850049,53.406760637809874]]]}},{"id":"6500","type":"Feature","properties":{},"geometry":{"type":"Polygon","coordinates":[[[-6.21863606055982,53.38865024666381],[-6.216035429071314,53.387922601733734],[-6.219157946903142,53.38825427918429],[-6.218634992332724,53.388803999369394],[-6.219708438194127,53.389000585931846],[-6.219488585655514,53.38970248688041],[-6.21563320431879,53.38926580477302],[-6.21555970273526,53.388585662657206],[-6.21863606055982,53.38865024666381]]]}},{"id":"6510","type":"Feature","properties":{},"geometry":{"type":"Polygon","coordinates":[[[-6.153031037811962,53.405899878449596],[-6.15416982620555,53.404928686223535],[-6.155637467815018,53.4051976791655],[-6.156374260980687,53.40458911823044],[-6.158134181037553,53.40497724079916],[-6.158126481706246,53.40580748580099],[-6.15693391358229,53.40544353863255],[-6.156244187453958,53.40616020001318],[-6.153031037811962,53.405899878449596]]]}},{"id":"6512","type":"Feature","properties":{},"geometry":{"type":"Polygon","coordinates":[[[-6.325837356792651,53.33102011663324],[-6.323830662501603,53.33001634681181],[-6.32958160008536,53.32872189681392],[-6.325837356792651,53.33102011663324]]]}},{"id":"6521","type":"Feature","properties":{},"geometry":{"type":"Polygon","coordinates":[[[-6.191901572672318,53.39823701246853],[-6.194402954154057,53.398538288300365],[-6.19447530751442,53.400434871197334],[-6.19185774655618,53.40041041632035],[-6.191901572672318,53.39823701246853]]]}},{"id":"6537","type":"Feature","properties":{},"geometry":{"type":"Polygon","coordinates":[[[-6.379020161510556,53.33394468722317],[-6.377979404925895,53.3332252449303],[-6.37805343906205,53.33173982870232],[-6.380334169283816,53.33155423779666],[-6.382577222116969,53.3336694250768],[-6.379020161510556,53.33394468722317]]]}},{"id":"6547","type":"Feature","properties":{},"geometry":{"type":"Polygon","coordinates":[[[-6.202420580499722,53.3783100502113],[-6.203148437733182,53.37656599341323],[-6.2004234381573164,53.37594572017518],[-6.200542861279698,53.3746462343033],[-6.201627720446918,53.37413074778206],[-6.204257428482623,53.37467796990259],[-6.204323915022662,53.37564371363618],[-6.205036664668329,53.37578399986463],[-6.205232733659751,53.378184743984924],[-6.204087598195967,53.37866129965038],[-6.203970623607033,53.37822700273043],[-6.202420580499722,53.3783100502113]]]}},{"id":"6561","type":"Feature","properties":{},"geometry":{"type":"Polygon","coordinates":[[[-6.213164471681397,53.37842491902686],[-6.210954039147812,53.37692278323535],[-6.211797368410635,53.37655958303398],[-6.210846562265372,53.375894681370575],[-6.2113168130205,53.37518588759809],[-6.2141172519906025,53.376932166241915],[-6.215612288833646,53.37595922731838],[-6.216656734609914,53.37661913513653],[-6.213164471681397,53.37842491902686]]]}},{"id":"6566","type":"Feature","properties":{},"geometry":{"type":"Polygon","coordinates":[[[-6.293408635420892,53.379707088611276],[-6.293874137436039,53.37907617835364],[-6.293163262594769,53.37922219927479],[-6.292127964721503,53.37747921634987],[-6.2958201397815525,53.37696524357321],[-6.29721707284064,53.37982378832153],[-6.29480511173868,53.38023772056911],[-6.293408635420892,53.379707088611276]]]}},{"id":"6576","type":"Feature","properties":{},"geometry":{"type":"Polygon","coordinates":[[[-6.2392347655033795,53.35365639152749],[-6.2346526258456585,53.35198374483428],[-6.234662363723121,53.35151513034591],[-6.236961819873923,53.35182668373763],[-6.2392347655033795,53.35365639152749]]]}},{"id":"6579","type":"Feature","properties":{},"geometry":{"type":"Polygon","coordinates":[[[-6.285263090082856,53.337610062516745],[-6.286530987877967,53.33722964891905],[-6.28721861135615,53.33778065107075],[-6.28569829305368,53.33817725484149],[-6.285263090082856,53.337610062516745]]]}},{"id":"6587","type":"Feature","properties":{},"geometry":{"type":"Polygon","coordinates":[[[-6.22151406594683,53.34016639603089],[-6.221368703793939,53.33905515978644],[-6.224191193154913,53.34031694703987],[-6.223263533752058,53.34102455277718],[-6.22151406594683,53.34016639603089]]]}},{"id":"6593","type":"Feature","properties":{},"geometry":{"type":"Polygon","coordinates":[[[-6.2430653502887274,53.359844609330466],[-6.24335362984198,53.358672560376796],[-6.245409438999081,53.35945154455915],[-6.24418233661896,53.36018591693344],[-6.2430653502887274,53.359844609330466]]]}},{"id":"6594","type":"Feature","properties":{},"geometry":{"type":"Polygon","coordinates":[[[-6.263949672301832,53.357378952045025],[-6.2630164312265295,53.35707023748768],[-6.264059354010529,53.35583451456745],[-6.264585287877206,53.35605456257844],[-6.263949672301832,53.357378952045025]]]}},{"id":"6628","type":"Feature","properties":{},"geometry":{"type":"Polygon","coordinates":[[[-6.320372108384063,53.33830412695158],[-6.322119545857183,53.33763942297371],[-6.3224263392885165,53.33793973161282],[-6.320924777774081,53.33872501504736],[-6.320372108384063,53.33830412695158]]]}},{"id":"6636","type":"Feature","properties":{},"geometry":{"type":"Polygon","coordinates":[[[-6.267369482341759,53.36329854189532],[-6.269871442940442,53.36325604527769],[-6.270312829023739,53.362252705273036],[-6.269579918719911,53.36200264604725],[-6.270979831878882,53.3606688931096],[-6.270391965648438,53.36379217075097],[-6.271811853493198,53.364337978338085],[-6.267369482341759,53.36329854189532]]]}},{"id":"6645","type":"Feature","properties":{},"geometry":{"type":"Polygon","coordinates":[[[-6.357635570596164,53.33610944221664],[-6.360104701302234,53.33588852658934],[-6.3606886351705905,53.337481740152604],[-6.358012718776436,53.33767831422976],[-6.357635570596164,53.33610944221664]]]}},{"id":"6654","type":"Feature","properties":{},"geometry":{"type":"Polygon","coordinates":[[[-6.360991874863148,53.33840227456362],[-6.360104701302234,53.33588852658934],[-6.362243659551893,53.335662623375974],[-6.36372096082985,53.338283983884416],[-6.360991874863148,53.33840227456362]]]}},{"id":"6675","type":"Feature","properties":{},"geometry":{"type":"Polygon","coordinates":[[[-6.289230189127371,53.40492761518969],[-6.2894289798771394,53.40413028950289],[-6.29147010912204,53.40418771329766],[-6.2917278570726385,53.40485359194694],[-6.289230189127371,53.40492761518969]]]}},{"id":"6679","type":"Feature","properties":{},"geometry":{"type":"Polygon","coordinates":[[[-6.16246139456515,53.402037336389746],[-6.162183629487312,53.401057456782],[-6.164342482956188,53.401420872138786],[-6.164203060564716,53.402115392478414],[-6.16246139456515,53.402037336389746]]]}},{"id":"6685","type":"Feature","properties":{},"geometry":{"type":"Polygon","coordinates":[[[-6.27809261560412,53.312082439640314],[-6.279012697517467,53.31191812309613],[-6.279796613274396,53.314872182889374],[-6.27909888062368,53.3149743884297],[-6.27809261560412,53.312082439640314]]]}},{"id":"6688","type":"Feature","properties":{},"geometry":{"type":"Polygon","coordinates":[[[-6.29147010912204,53.40418771329766],[-6.281799521186746,53.40343467435159],[-6.2830446543513325,53.40285326809735],[-6.285277030359103,53.399386233217214],[-6.288508848078557,53.39842839011064],[-6.2884739044174385,53.39788571472496],[-6.291052707851031,53.398364737356836],[-6.290680910493757,53.399799352114506],[-6.291569093944583,53.40161655036899],[-6.29147010912204,53.40418771329766]]]}},{"id":"6697","type":"Feature","properties":{},"geometry":{"type":"Polygon","coordinates":[[[-6.197888469965949,53.36214592459936],[-6.198677871697421,53.35910710260811],[-6.203208191651639,53.35979214957961],[-6.202975328954873,53.3606677663679],[-6.201320285194653,53.36117837259674],[-6.199469069257965,53.36096785872278],[-6.199176878994557,53.36198165724474],[-6.197888469965949,53.36214592459936]]]}},{"id":"6713","type":"Feature","properties":{},"geometry":{"type":"Polygon","coordinates":[[[-6.22622694965091,53.391742326595896],[-6.226239176007273,53.38928034397719],[-6.230680963377629,53.38936868381003],[-6.234524261264065,53.39041854145802],[-6.2328826415546805,53.39104946338242],[-6.2277250989062445,53.39109163186303],[-6.227751735239359,53.39178479391814],[-6.22622694965091,53.391742326595896]]]}},{"id":"6715","type":"Feature","properties":{},"geometry":{"type":"Polygon","coordinates":[[[-6.306342986029701,53.32511957858339],[-6.305865692377533,53.322949701669074],[-6.306879500030363,53.322695046930875],[-6.307956993153255,53.32522752924016],[-6.306342986029701,53.32511957858339]]]}},{"id":"6736","type":"Feature","properties":{},"geometry":{"type":"Polygon","coordinates":[[[-6.28048686217981,53.34642646836454],[-6.282575022984122,53.34663621481367],[-6.282335687638706,53.34737010865626],[-6.280162643147136,53.34714654960339],[-6.28048686217981,53.34642646836454]]]}},{"id":"6742","type":"Feature","properties":{},"geometry":{"type":"Polygon","coordinates":[[[-6.2773276704975185,53.37774266030186],[-6.278335665544852,53.37575900046217],[-6.279244128495524,53.376194369615135],[-6.278716130430614,53.37792820780967],[-6.2773276704975185,53.37774266030186]]]}},{"id":"6745","type":"Feature","properties":{},"geometry":{"type":"Polygon","coordinates":[[[-6.27009555784289,53.33157533684394],[-6.269983851696677,53.330271526741505],[-6.27165431717532,53.3302205735461],[-6.2718054349277494,53.33153794955524],[-6.27009555784289,53.33157533684394]]]}},{"id":"6757","type":"Feature","properties":{},"geometry":{"type":"Polygon","coordinates":[[[-6.263962217253042,53.31366010867224],[-6.263814792958008,53.313247302923344],[-6.269194017997103,53.31280048020686],[-6.269249027852489,53.31340498540818],[-6.263962217253042,53.31366010867224]]]}},{"id":"6758","type":"Feature","properties":{},"geometry":{"type":"Polygon","coordinates":[[[-6.192673976660663,53.38639193339343],[-6.195118906231119,53.38460873029442],[-6.197190884678125,53.38564789473025],[-6.195392045281284,53.3864726615868],[-6.195102583264383,53.38740917322566],[-6.192673976660663,53.38639193339343]]]}},{"id":"6779","type":"Feature","properties":{},"geometry":{"type":"Polygon","coordinates":[[[-6.213395071823896,53.36763745906376],[-6.21573273236841,53.367164666829275],[-6.216168261718651,53.3666017159866],[-6.218977562037,53.36717209911452],[-6.214868960468163,53.36931037801931],[-6.213395071823896,53.36763745906376]]]}},{"id":"6789","type":"Feature","properties":{},"geometry":{"type":"Polygon","coordinates":[[[-6.173691320037331,53.40547064383423],[-6.171925480163672,53.405435068881104],[-6.172003857694859,53.4042066890138],[-6.173760916254211,53.40424207489868],[-6.173691320037331,53.40547064383423]]]}},{"id":"6791","type":"Feature","properties":{},"geometry":{"type":"Polygon","coordinates":[[[-6.20822489836163,53.37390160539399],[-6.209510782943069,53.37289105147742],[-6.211771075280961,53.37371685997251],[-6.21046755289984,53.37482971919641],[-6.20822489836163,53.37390160539399]]]}},{"id":"6796","type":"Feature","properties":{},"geometry":{"type":"Polygon","coordinates":[[[-6.253002986504142,53.32863874242095],[-6.252863228656211,53.32666354495714],[-6.253521490154369,53.32678304673243],[-6.253462656782201,53.32776496758097],[-6.255788351929717,53.327745005024845],[-6.255616428888868,53.32710079129296],[-6.256386933223247,53.32708139782115],[-6.256755969567211,53.32863678802517],[-6.255723572029014,53.32887500912535],[-6.255389685942113,53.32815298926703],[-6.253002986504142,53.32863874242095]]]}},{"id":"6818","type":"Feature","properties":{},"geometry":{"type":"Polygon","coordinates":[[[-6.310768672306432,53.33067960061205],[-6.313036194679677,53.329706885459274],[-6.314806198121058,53.32939225306533],[-6.314988719911232,53.33006426234646],[-6.312529450300753,53.330598623687294],[-6.312640666487519,53.331197229086406],[-6.310895819187467,53.33138131976826],[-6.310768672306432,53.33067960061205]]]}},{"id":"6821","type":"Feature","properties":{},"geometry":{"type":"Polygon","coordinates":[[[-6.2414420621884075,53.35445520899101],[-6.245327782669668,53.350880061197344],[-6.250242345946214,53.35108062105284],[-6.246673682394437,53.35469873123146],[-6.245263513078312,53.35365242043806],[-6.242455710636995,53.355202658489524],[-6.2414420621884075,53.35445520899101]]]}},{"id":"6823","type":"Feature","properties":{},"geometry":{"type":"Polygon","coordinates":[[[-6.258665386233908,53.371966275719124],[-6.259906027671619,53.3704703205183],[-6.26108122232073,53.370831540854205],[-6.261113619683565,53.37225345052522],[-6.258665386233908,53.371966275719124]]]}},{"id":"6839","type":"Feature","properties":{},"geometry":{"type":"Polygon","coordinates":[[[-6.211820064272552,53.38330250758325],[-6.211553785206119,53.38253532662242],[-6.209901909186191,53.38218077004824],[-6.208666688789724,53.38317072417707],[-6.207022223579643,53.382923467483515],[-6.210309169843475,53.37993125997016],[-6.2133383545906655,53.38323737718101],[-6.211820064272552,53.38330250758325]]]}},{"id":"6846","type":"Feature","properties":{},"geometry":{"type":"Polygon","coordinates":[[[-6.206101364613744,53.38682950957633],[-6.20707201629524,53.385579553551665],[-6.205552925066058,53.38497557878685],[-6.204556718913046,53.38485333282001],[-6.203819199186014,53.38614733195584],[-6.203092457643914,53.38600685613165],[-6.205577791401614,53.383406066429956],[-6.206501246218924,53.38400656626778],[-6.206250096896947,53.384710661806736],[-6.208056158913261,53.38554395436711],[-6.206883022219962,53.38693202609131],[-6.206101364613744,53.38682950957633]]]}},{"id":"6849","type":"Feature","properties":{},"geometry":{"type":"Polygon","coordinates":[[[-6.2647870506818935,53.35095599618789],[-6.2662144784774245,53.35043598675424],[-6.267306844279491,53.351751570009235],[-6.2667591523590085,53.35206278262385],[-6.2647870506818935,53.35095599618789]]]}},{"id":"6853","type":"Feature","properties":{},"geometry":{"type":"Polygon","coordinates":[[[-6.241979147070894,53.39815574223857],[-6.238649542201888,53.39732402436357],[-6.240991517781306,53.39350465117088],[-6.242367710676284,53.3938356494428],[-6.242686430857785,53.395379666137266],[-6.241298774415032,53.39576544568443],[-6.242760317735202,53.396410427145895],[-6.241979147070894,53.39815574223857]]]}},{"id":"6863","type":"Feature","properties":{},"geometry":{"type":"Polygon","coordinates":[[[-6.277504287366157,53.305004248628904],[-6.283285508402148,53.30514019852301],[-6.283771786229735,53.30718144668696],[-6.278035483663544,53.30749710593774],[-6.277504287366157,53.305004248628904]]]}},{"id":"6865","type":"Feature","properties":{},"geometry":{"type":"Polygon","coordinates":[[[-6.263194974379617,53.36918319605686],[-6.263448551461605,53.367813498748326],[-6.2667986310974895,53.36755162699773],[-6.265855392186007,53.3698425834671],[-6.263194974379617,53.36918319605686]]]}},{"id":"6867","type":"Feature","properties":{},"geometry":{"type":"Polygon","coordinates":[[[-6.252980670882223,53.35561891284008],[-6.252124007511422,53.35484523477312],[-6.254982367408925,53.354124655171574],[-6.25450275627054,53.35332242578863],[-6.256054029426266,53.35302489874615],[-6.256889181969891,53.354200631034615],[-6.252980670882223,53.35561891284008]]]}},{"id":"6868","type":"Feature","properties":{},"geometry":{"type":"Polygon","coordinates":[[[-6.318386355245732,53.329793741233],[-6.320477192609453,53.328327017884256],[-6.323465901818488,53.32997983561413],[-6.3201831515283695,53.33078665679236],[-6.318386355245732,53.329793741233]]]}},{"id":"6870","type":"Feature","properties":{},"geometry":{"type":"Polygon","coordinates":[[[-6.264976152167651,53.39928601508978],[-6.267384222638705,53.39950521737199],[-6.267290064733928,53.40010367597628],[-6.265791369511541,53.40019963901943],[-6.264976152167651,53.39928601508978]]]}},{"id":"6878","type":"Feature","properties":{},"geometry":{"type":"Polygon","coordinates":[[[-6.245887959201888,53.331703821584846],[-6.247516324441235,53.33171035376308],[-6.247869089198702,53.33219412773597],[-6.248742010106627,53.331515208870854],[-6.251457734971046,53.3318918592885],[-6.251408125701707,53.33242812978178],[-6.247460629762265,53.33362766977094],[-6.245887959201888,53.331703821584846]]]}},{"id":"6882","type":"Feature","properties":{},"geometry":{"type":"Polygon","coordinates":[[[-6.274599221212262,53.311902406825475],[-6.273682253849412,53.3090775021223],[-6.279332101653224,53.30848445418527],[-6.280213173813266,53.309691722180624],[-6.279482213998952,53.30980580006129],[-6.278689762956836,53.30901321520025],[-6.276454286167036,53.30947546655488],[-6.277110066026866,53.31052100482776],[-6.274872761085008,53.31101614217097],[-6.2753317063457565,53.31180309425001],[-6.274599221212262,53.311902406825475]]]}},{"id":"6887","type":"Feature","properties":{},"geometry":{"type":"Polygon","coordinates":[[[-6.226601411496438,53.393324744313496],[-6.226762026374505,53.39295274024022],[-6.227749421948447,53.39308566060017],[-6.2302205038505365,53.393923575562276],[-6.228942604404224,53.39515679827661],[-6.2276667529985925,53.39518395296708],[-6.22846404489579,53.3939056822392],[-6.226601411496438,53.393324744313496]]]}},{"id":"6903","type":"Feature","properties":{},"geometry":{"type":"Polygon","coordinates":[[[-6.2530254330543205,53.34583399653542],[-6.2512685217256365,53.34572787721995],[-6.251495733650599,53.34459031728384],[-6.2530254330543205,53.34583399653542]]]}},{"id":"6907","type":"Feature","properties":{},"geometry":{"type":"Polygon","coordinates":[[[-6.2685401287622575,53.30953028565709],[-6.269858276899827,53.309621329348076],[-6.269759177383659,53.30909561546686],[-6.271328191458157,53.308850714386914],[-6.273560729374661,53.30981156664356],[-6.27364898679954,53.31018270641216],[-6.270723113543183,53.31067014301727],[-6.270263094368639,53.31190676677985],[-6.271185492740586,53.3126361087161],[-6.268909531572588,53.3128236304475],[-6.268760576860116,53.31125309915511],[-6.26967322016269,53.31126797027687],[-6.268763013087546,53.31103047105354],[-6.2685401287622575,53.30953028565709]]]}},{"id":"6911","type":"Feature","properties":{},"geometry":{"type":"Polygon","coordinates":[[[-6.211705350377482,53.38690583727055],[-6.208947068885192,53.38567930448761],[-6.205807478740785,53.38293250089845],[-6.207462805313172,53.38250386778171],[-6.206340291224186,53.38325867139158],[-6.207883100530499,53.38436871017659],[-6.209787105156066,53.38375611509463],[-6.209463451466859,53.38551569340346],[-6.2108493569785495,53.3862382511419],[-6.213569142172602,53.386633822290754],[-6.214058515539674,53.3863305431304],[-6.214214752155183,53.38685163927051],[-6.211705350377482,53.38690583727055]]]}},{"id":"6917","type":"Feature","properties":{},"geometry":{"type":"Polygon","coordinates":[[[-6.230496639851953,53.349923046951666],[-6.2285051492769234,53.349782733028185],[-6.228817957454111,53.34892216032423],[-6.230635508609696,53.34921085403555],[-6.230496639851953,53.349923046951666]]]}},{"id":"6920","type":"Feature","properties":{},"geometry":{"type":"Polygon","coordinates":[[[-6.231752590869455,53.38133344635016],[-6.22915079514625,53.38103295802458],[-6.229857727329087,53.37905641641372],[-6.232604754863441,53.37968484182177],[-6.231752590869455,53.38133344635016]]]}},{"id":"6932","type":"Feature","properties":{},"geometry":{"type":"Polygon","coordinates":[[[-6.250899281280971,53.325343030523946],[-6.248993882233766,53.32442647013318],[-6.2502962831748885,53.32347609201776],[-6.251944410285877,53.324088774253816],[-6.250899281280971,53.325343030523946]]]}},{"id":"6938","type":"Feature","properties":{},"geometry":{"type":"Polygon","coordinates":[[[-6.2881480741201425,53.38379926820579],[-6.289163272116517,53.38366212414577],[-6.2913442365552745,53.38455482215891],[-6.29233986080792,53.38421729754777],[-6.294041485699212,53.38557276448355],[-6.293196623540561,53.38610968326457],[-6.290390351856058,53.38441869248896],[-6.2881480741201425,53.38379926820579]]]}},{"id":"6957","type":"Feature","properties":{},"geometry":{"type":"Polygon","coordinates":[[[-6.207690306055281,53.37179820541559],[-6.214166802739679,53.369652989829966],[-6.219379000477933,53.36692287147495],[-6.221060701258581,53.36725985927624],[-6.221022607315313,53.366864604195214],[-6.223548444059954,53.36607181753059],[-6.226353220247777,53.36845038933411],[-6.221500335043801,53.37321455313489],[-6.215309665063916,53.37218444785444],[-6.214757214852637,53.372889987111634],[-6.2131832257382165,53.37256439361799],[-6.212748902596314,53.37348337212995],[-6.209818396164132,53.372397848676826],[-6.208902963191402,53.37261560287396],[-6.207690306055281,53.37179820541559]]]}},{"id":"6975","type":"Feature","properties":{},"geometry":{"type":"Polygon","coordinates":[[[-6.266890291980211,53.33198830349499],[-6.268237043118529,53.33201859374844],[-6.26831180230847,53.33247118835453],[-6.266940992225928,53.33251765863462],[-6.266890291980211,53.33198830349499]]]}},{"id":"6976","type":"Feature","properties":{},"geometry":{"type":"Polygon","coordinates":[[[-6.286914121383695,53.38017680749809],[-6.2854834341839885,53.378259132789225],[-6.287581182065906,53.37764220964232],[-6.288931083524244,53.38055719885481],[-6.288103168532669,53.381644526847204],[-6.286576191603763,53.38186332428731],[-6.286914121383695,53.38017680749809]]]}},{"id":"6981","type":"Feature","properties":{},"geometry":{"type":"Polygon","coordinates":[[[-6.287666964346169,53.355593994661],[-6.28865141448259,53.35621609742815],[-6.291646345784562,53.35629977432977],[-6.288724107648284,53.35723719504448],[-6.287666964346169,53.355593994661]]]}},{"id":"6996","type":"Feature","properties":{},"geometry":{"type":"Polygon","coordinates":[[[-6.327105998215131,53.33448132334136],[-6.331458368042964,53.328873376605806],[-6.331653620674247,53.32721400244797],[-6.333241652902904,53.32690883030594],[-6.336592181835475,53.328393236212776],[-6.342802859299537,53.32685206210854],[-6.3456682891366905,53.330896188013156],[-6.343021366767184,53.33160723749612],[-6.3395366496470995,53.331315460520244],[-6.337309188816377,53.329710972402715],[-6.335059988395494,53.32923530511804],[-6.333946411636844,53.32968381922055],[-6.334290581529205,53.33049213806875],[-6.333137505022754,53.33089677089328],[-6.332208152381531,53.3300441009224],[-6.328290617737706,53.33433648697723],[-6.327105998215131,53.33448132334136]]]}},{"id":"7000","type":"Feature","properties":{},"geometry":{"type":"Polygon","coordinates":[[[-6.2590885836211605,53.34727056059487],[-6.26089918162972,53.346844970040216],[-6.261282295810305,53.34775304288309],[-6.263423753559234,53.347273688463325],[-6.263610417945055,53.347901033780055],[-6.2596337548258365,53.348389768493476],[-6.2590885836211605,53.34727056059487]]]}},{"id":"7003","type":"Feature","properties":{},"geometry":{"type":"Polygon","coordinates":[[[-6.256314750361879,53.31854576890352],[-6.258432247105823,53.31846199018722],[-6.258513325910298,53.320775583178396],[-6.257106682646074,53.32098163776909],[-6.256314750361879,53.31854576890352]]]}},{"id":"7006","type":"Feature","properties":{},"geometry":{"type":"Polygon","coordinates":[[[-6.259045184606597,53.329129945663944],[-6.260007171096337,53.32888577931537],[-6.260521238066798,53.32949996694946],[-6.2596779352824115,53.32995601170596],[-6.259045184606597,53.329129945663944]]]}},{"id":"7009","type":"Feature","properties":{},"geometry":{"type":"Polygon","coordinates":[[[-6.246768685214258,53.34417363572847],[-6.244328045699252,53.34382265680671],[-6.244575768084496,53.343174536017024],[-6.246418551241523,53.34356700382514],[-6.246768685214258,53.34417363572847]]]}},{"id":"7021","type":"Feature","properties":{},"geometry":{"type":"Polygon","coordinates":[[[-6.260661027292303,53.34000928957723],[-6.2625554569713655,53.33758607695311],[-6.2645653395678185,53.337592223134514],[-6.263383898241811,53.3407405118377],[-6.260661027292303,53.34000928957723]]]}},{"id":"7028","type":"Feature","properties":{},"geometry":{"type":"Polygon","coordinates":[[[-6.288734549977666,53.337997141566596],[-6.290134718058668,53.337710768853015],[-6.291946642777019,53.336229872173384],[-6.292357828246127,53.33667618373908],[-6.291308520208732,53.33731281345969],[-6.291865240951711,53.33860330444305],[-6.289022069027405,53.33889953476581],[-6.288734549977666,53.337997141566596]]]}},{"id":"7036","type":"Feature","properties":{},"geometry":{"type":"Polygon","coordinates":[[[-6.214734835904871,53.388299783675244],[-6.215939320953503,53.38591458546771],[-6.221256894245718,53.38659831930174],[-6.221172214941425,53.38692622000519],[-6.216772786988809,53.38645097598845],[-6.21599820384177,53.38823930795503],[-6.214734835904871,53.388299783675244]]]}},{"id":"7047","type":"Feature","properties":{},"geometry":{"type":"Polygon","coordinates":[[[-6.297716971270856,53.36335902660927],[-6.2981390132822614,53.36155337189277],[-6.3020597972273755,53.36286667875724],[-6.298748355942286,53.36334902675801],[-6.299183471812372,53.36423859143024],[-6.297716971270856,53.36335902660927]]]}},{"id":"7062","type":"Feature","properties":{},"geometry":{"type":"Polygon","coordinates":[[[-6.250633220608106,53.35576133319288],[-6.2516958890867755,53.35533392010032],[-6.2513344872336365,53.35490728840172],[-6.250272109643858,53.35514515215316],[-6.249918618089844,53.35431430160161],[-6.251546262133122,53.35395912569908],[-6.252643473777321,53.3553189037174],[-6.250633220608106,53.35576133319288]]]}},{"id":"7064","type":"Feature","properties":{},"geometry":{"type":"Polygon","coordinates":[[[-6.263423753559234,53.347273688463325],[-6.262267094340769,53.34652052541442],[-6.263072949933113,53.34633058285982],[-6.263423753559234,53.347273688463325]]]}},{"id":"7065","type":"Feature","properties":{},"geometry":{"type":"Polygon","coordinates":[[[-6.273651744210442,53.35161566552008],[-6.274269183259075,53.350737464096675],[-6.274606539601123,53.350752625368905],[-6.274567630331509,53.351661621251814],[-6.273651744210442,53.35161566552008]]]}},{"id":"7068","type":"Feature","properties":{},"geometry":{"type":"Polygon","coordinates":[[[-6.280717607138901,53.40094567888403],[-6.281669014935524,53.39974140278906],[-6.284689711060535,53.400852125326566],[-6.284075101827512,53.40159779986796],[-6.283293084060695,53.401236195423444],[-6.282420472155706,53.401662267695166],[-6.280717607138901,53.40094567888403]]]}},{"id":"7079","type":"Feature","properties":{},"geometry":{"type":"Polygon","coordinates":[[[-6.329468533861772,53.341367840675126],[-6.3327585042262635,53.34048121925286],[-6.333344798298764,53.34155052812618],[-6.332577756383528,53.34206294937899],[-6.329468533861772,53.341367840675126]]]}},{"id":"7080","type":"Feature","properties":{},"geometry":{"type":"Polygon","coordinates":[[[-6.272867429954858,53.36356657955789],[-6.273154403877464,53.362955238421755],[-6.275890145095711,53.36340639572415],[-6.275365815766036,53.36432707089778],[-6.272867429954858,53.36356657955789]]]}},{"id":"7081","type":"Feature","properties":{},"geometry":{"type":"Polygon","coordinates":[[[-6.322031898395813,53.32631191561355],[-6.324759056886669,53.32571858384374],[-6.32509529074341,53.326235660505255],[-6.324654324097574,53.326904147460105],[-6.322736844665462,53.32735924033093],[-6.322031898395813,53.32631191561355]]]}},{"id":"7083","type":"Feature","properties":{},"geometry":{"type":"Polygon","coordinates":[[[-6.2372574588742955,53.3422654007535],[-6.23603189636172,53.34211185292399],[-6.236669496296803,53.339117230574594],[-6.237805244526936,53.339655019693865],[-6.2372574588742955,53.3422654007535]]]}},{"id":"7093","type":"Feature","properties":{},"geometry":{"type":"Polygon","coordinates":[[[-6.249760568758427,53.3884213690298],[-6.251997493103697,53.38765457007385],[-6.253039977097178,53.38894274919864],[-6.2499126347008325,53.38955440573354],[-6.249760568758427,53.3884213690298]]]}},{"id":"7100","type":"Feature","properties":{},"geometry":{"type":"Polygon","coordinates":[[[-6.242870355706542,53.3158302835004],[-6.240985948391961,53.31518475808113],[-6.240662975899646,53.31367716087139],[-6.243895581009269,53.31255621222429],[-6.247027179211939,53.31314736950805],[-6.2459749205809505,53.31483559010838],[-6.242928108924134,53.31493592952918],[-6.242870355706542,53.3158302835004]]]}},{"id":"7108","type":"Feature","properties":{},"geometry":{"type":"Polygon","coordinates":[[[-6.2685401287622575,53.30953028565709],[-6.268462069048993,53.30871972413848],[-6.270948685527617,53.308438118026906],[-6.271328191458157,53.308850714386914],[-6.269759177383659,53.30909561546686],[-6.269858276899827,53.309621329348076],[-6.2685401287622575,53.30953028565709]]]}},{"id":"7110","type":"Feature","properties":{},"geometry":{"type":"Polygon","coordinates":[[[-6.250530897691741,53.357523938973394],[-6.252708870749259,53.35657769362589],[-6.25314129898944,53.35668705579459],[-6.253130960271931,53.35706176252705],[-6.250530897691741,53.357523938973394]]]}},{"id":"7116","type":"Feature","properties":{},"geometry":{"type":"Polygon","coordinates":[[[-6.2881480741201425,53.38379926820579],[-6.288899047970363,53.382163538150486],[-6.291017660150924,53.38304584862964],[-6.29205998103245,53.38256459444422],[-6.294038774291111,53.38409795421842],[-6.292428206162347,53.38419113003524],[-6.293494865364526,53.3847904713578],[-6.29233986080792,53.38421729754777],[-6.2913442365552745,53.38455482215891],[-6.289163272116517,53.38366212414577],[-6.2881480741201425,53.38379926820579]]]}},{"id":"7117","type":"Feature","properties":{},"geometry":{"type":"Polygon","coordinates":[[[-6.245021665290425,53.345716236178994],[-6.243392880001941,53.34702096457687],[-6.243715423079823,53.345526968103954],[-6.245021665290425,53.345716236178994]]]}},{"id":"7121","type":"Feature","properties":{},"geometry":{"type":"Polygon","coordinates":[[[-6.25758061462069,53.32948628852556],[-6.259045184606597,53.329129945663944],[-6.260173093673565,53.33046612084503],[-6.25874139837487,53.33078234109957],[-6.25758061462069,53.32948628852556]]]}},{"id":"7123","type":"Feature","properties":{},"geometry":{"type":"Polygon","coordinates":[[[-6.25199101792568,53.373429016581106],[-6.254987062097694,53.36873749684086],[-6.259357327064099,53.36981088041771],[-6.257067821195509,53.37333203587323],[-6.254163968582814,53.372469374935015],[-6.253026147412499,53.373648230030966],[-6.25199101792568,53.373429016581106]]]}},{"id":"7126","type":"Feature","properties":{},"geometry":{"type":"Polygon","coordinates":[[[-6.315625669026411,53.34141912132606],[-6.317591642068874,53.34114727151875],[-6.320101796764504,53.339388485508856],[-6.32107140079001,53.33954240185129],[-6.318873511230589,53.341639972699895],[-6.315788215480141,53.341952834282374],[-6.315625669026411,53.34141912132606]]]}},{"id":"7136","type":"Feature","properties":{},"geometry":{"type":"Polygon","coordinates":[[[-6.2915844705329995,53.357216389334944],[-6.292843326263014,53.35634400447659],[-6.292432251879484,53.35577142554386],[-6.295599839892788,53.35633233081948],[-6.294575659872036,53.35818909962821],[-6.2915844705329995,53.357216389334944]]]}},{"id":"7142","type":"Feature","properties":{},"geometry":{"type":"Polygon","coordinates":[[[-6.321551835075946,53.33203897500307],[-6.324204523007673,53.332156046286315],[-6.325119059941466,53.33066232221045],[-6.325837356792651,53.33102011663324],[-6.324644965578599,53.33242507008578],[-6.320647915878781,53.3328392139225],[-6.321551835075946,53.33203897500307]]]}},{"id":"7151","type":"Feature","properties":{},"geometry":{"type":"Polygon","coordinates":[[[-6.224683157205207,53.378577581523345],[-6.222923574060623,53.37723315171766],[-6.2187673940554395,53.37600086736103],[-6.216517108191685,53.377673767223655],[-6.215467638193004,53.377316807471345],[-6.218794363316693,53.37550594295452],[-6.2253936140887545,53.37746255636475],[-6.224683157205207,53.378577581523345]]]}},{"id":"7164","type":"Feature","properties":{},"geometry":{"type":"Polygon","coordinates":[[[-6.283240921356667,53.34060179712778],[-6.282109539947217,53.33817179462112],[-6.285263090082856,53.337610062516745],[-6.28569829305368,53.33817725484149],[-6.28721861135615,53.33778065107075],[-6.285799462488371,53.339922676565365],[-6.283240921356667,53.34060179712778]]]}},{"id":"7185","type":"Feature","properties":{},"geometry":{"type":"Polygon","coordinates":[[[-6.229921622182971,53.3312443306462],[-6.227465651802869,53.330612278514984],[-6.228791049787119,53.32836284543291],[-6.231330056037338,53.32921675318768],[-6.229921622182971,53.3312443306462]]]}},{"id":"7194","type":"Feature","properties":{},"geometry":{"type":"Polygon","coordinates":[[[-6.219267704253221,53.36394530794933],[-6.216182857902053,53.363607505231364],[-6.216054625494874,53.361881948166854],[-6.225572501284411,53.363825254518986],[-6.223771015017304,53.364534824344425],[-6.223527288052423,53.36409670056015],[-6.220591366219892,53.36371822083677],[-6.220219994402039,53.363080887714275],[-6.219267704253221,53.36394530794933]]]}},{"id":"7225","type":"Feature","properties":{},"geometry":{"type":"Polygon","coordinates":[[[-6.29721707284064,53.37982378832153],[-6.2958201397815525,53.37696524357321],[-6.29818501390056,53.37632956993556],[-6.304391053646664,53.376071997530325],[-6.304503644057973,53.378380253422904],[-6.300095780753924,53.37835127753109],[-6.29911954596773,53.37992478769997],[-6.29721707284064,53.37982378832153]]]}},{"id":"7233","type":"Feature","properties":{},"geometry":{"type":"Polygon","coordinates":[[[-6.202405720067781,53.36245172520289],[-6.203208191651639,53.35979214957961],[-6.204674356305796,53.35979298722298],[-6.205148586810731,53.35925818857121],[-6.205631433987681,53.35979739750579],[-6.209948838957289,53.359881585941835],[-6.209403692029539,53.36082823744653],[-6.204920125488036,53.3607717665854],[-6.204747469382003,53.36217200679539],[-6.203958727621588,53.36261563124075],[-6.202405720067781,53.36245172520289]]]}},{"id":"7234","type":"Feature","properties":{},"geometry":{"type":"Polygon","coordinates":[[[-6.29327235640019,53.33221036379801],[-6.293901380525626,53.33185853478429],[-6.298179148291955,53.33012016937887],[-6.297881323935002,53.33206940842088],[-6.295809287645077,53.331914540901245],[-6.295031361695394,53.33272296780024],[-6.29327235640019,53.33221036379801]]]}},{"id":"7235","type":"Feature","properties":{},"geometry":{"type":"Polygon","coordinates":[[[-6.306972559303231,53.34512262204826],[-6.308122239390698,53.34505537862043],[-6.308245416823054,53.34631925427111],[-6.306989121471857,53.346322483374756],[-6.3069601899209236,53.345471512826286],[-6.307743453498238,53.345371733045994],[-6.306972559303231,53.34512262204826]]]}},{"id":"7243","type":"Feature","properties":{},"geometry":{"type":"Polygon","coordinates":[[[-6.27677437783328,53.36024652286939],[-6.274837955971656,53.35919712015941],[-6.2728706716116855,53.35935560496762],[-6.273856276180944,53.35835212842261],[-6.27550528396681,53.35850209203267],[-6.27677437783328,53.36024652286939]]]}},{"id":"7252","type":"Feature","properties":{},"geometry":{"type":"Polygon","coordinates":[[[-6.264305387925347,53.36258929143797],[-6.264353217771074,53.362095363740416],[-6.263161399896836,53.36167298358996],[-6.263368145082434,53.36135609751945],[-6.265442738770368,53.361497490335964],[-6.264305387925347,53.36258929143797]]]}},{"id":"7255","type":"Feature","properties":{},"geometry":{"type":"Polygon","coordinates":[[[-6.250204986418003,53.331721491607865],[-6.250255200637482,53.33027757196894],[-6.251457734971046,53.3318918592885],[-6.250204986418003,53.331721491607865]]]}},{"id":"7275","type":"Feature","properties":{},"geometry":{"type":"Polygon","coordinates":[[[-6.26539169190824,53.341470686221335],[-6.265847155674711,53.33959280552901],[-6.267208037164689,53.339703503171606],[-6.266397833322607,53.340746766458125],[-6.26737762183014,53.34087680268555],[-6.26539169190824,53.341470686221335]]]}},{"id":"7280","type":"Feature","properties":{},"geometry":{"type":"Polygon","coordinates":[[[-6.31681033257771,53.376375809377315],[-6.317247713906531,53.375535739111555],[-6.319303520775604,53.37555022746062],[-6.318759921746102,53.37673656326637],[-6.31681033257771,53.376375809377315]]]}},{"id":"7282","type":"Feature","properties":{},"geometry":{"type":"Polygon","coordinates":[[[-6.237313355526556,53.364651233026336],[-6.235440510463301,53.3645473526223],[-6.235586556035303,53.363113173936355],[-6.236882722193003,53.36278244238021],[-6.237313355526556,53.364651233026336]]]}},{"id":"7294","type":"Feature","properties":{},"geometry":{"type":"Polygon","coordinates":[[[-6.16795421091227,53.389293457263896],[-6.162638736849349,53.38891233732685],[-6.160414437236326,53.38804715384903],[-6.162644423047841,53.38706153986894],[-6.163349436849769,53.38745442484778],[-6.167048452194088,53.38751422640692],[-6.1666896378442315,53.38814733544095],[-6.168720375010017,53.388676167514824],[-6.16795421091227,53.389293457263896]]]}},{"id":"7299","type":"Feature","properties":{},"geometry":{"type":"Polygon","coordinates":[[[-6.277995226107424,53.33984475514416],[-6.275894374138655,53.33966275672363],[-6.274710262242909,53.339391679619006],[-6.277788759506053,53.33881857852012],[-6.277995226107424,53.33984475514416]]]}},{"id":"7302","type":"Feature","properties":{},"geometry":{"type":"Polygon","coordinates":[[[-6.253451720378804,53.390726047361404],[-6.253426307884545,53.38989035191303],[-6.26173002038439,53.39087652122613],[-6.261806411014882,53.39149541828893],[-6.253451720378804,53.390726047361404]]]}},{"id":"7304","type":"Feature","properties":{},"geometry":{"type":"Polygon","coordinates":[[[-6.266708697933081,53.325772279123306],[-6.266814078011957,53.325341418181324],[-6.268999438962644,53.32502266821947],[-6.268511078048578,53.32570788213096],[-6.266708697933081,53.325772279123306]]]}},{"id":"7305","type":"Feature","properties":{},"geometry":{"type":"Polygon","coordinates":[[[-6.282335687638706,53.34737010865626],[-6.282500918747418,53.3468651369686],[-6.283925378185676,53.346990120173096],[-6.283640181477782,53.34757247211633],[-6.282335687638706,53.34737010865626]]]}},{"id":"7318","type":"Feature","properties":{},"geometry":{"type":"Polygon","coordinates":[[[-6.3046153185466824,53.34075162060448],[-6.303683956668537,53.34068529826806],[-6.303580656797441,53.339491140295706],[-6.3047343982651896,53.33958934963653],[-6.3046153185466824,53.34075162060448]]]}},{"id":"7323","type":"Feature","properties":{},"geometry":{"type":"Polygon","coordinates":[[[-6.315059742821891,53.39736426927299],[-6.310635275919266,53.395950710325685],[-6.310921737724652,53.395210325689945],[-6.311983777247576,53.39546523740357],[-6.311973411033334,53.39478038673373],[-6.31597770265653,53.396470363169996],[-6.315059742821891,53.39736426927299]]]}},{"id":"7331","type":"Feature","properties":{},"geometry":{"type":"Polygon","coordinates":[[[-6.264305387925347,53.36258929143797],[-6.260118546235837,53.361602293842594],[-6.260655867983717,53.36128248413818],[-6.264353217771074,53.362095363740416],[-6.264305387925347,53.36258929143797]]]}},{"id":"7335","type":"Feature","properties":{},"geometry":{"type":"Polygon","coordinates":[[[-6.233130187474204,53.33609872563577],[-6.2357396881145295,53.33530852061801],[-6.237076109466171,53.33646517202482],[-6.2347181128855995,53.337197505475366],[-6.233130187474204,53.33609872563577]]]}},{"id":"7354","type":"Feature","properties":{},"geometry":{"type":"Polygon","coordinates":[[[-6.298528520052817,53.33393000598657],[-6.295031361695394,53.33272296780024],[-6.295809287645077,53.331914540901245],[-6.297881323935002,53.33206940842088],[-6.298528520052817,53.33393000598657]]]}},{"id":"7359","type":"Feature","properties":{},"geometry":{"type":"Polygon","coordinates":[[[-6.253640999336964,53.35086121979756],[-6.254413197239539,53.35073481267935],[-6.255567665086815,53.35234405818187],[-6.254875346473102,53.35250019648222],[-6.253640999336964,53.35086121979756]]]}},{"id":"7369","type":"Feature","properties":{},"geometry":{"type":"Polygon","coordinates":[[[-6.326137130886989,53.32781906808844],[-6.324759056886669,53.32571858384374],[-6.325731799041698,53.325510370802775],[-6.32758487588428,53.32657527666936],[-6.326137130886989,53.32781906808844]]]}},{"id":"7384","type":"Feature","properties":{},"geometry":{"type":"Polygon","coordinates":[[[-6.231029479235802,53.39899392661498],[-6.228378975836927,53.39861554486625],[-6.22767759222155,53.39801031099343],[-6.228506902063509,53.39595136070405],[-6.229895912432019,53.39640401422433],[-6.230446695815576,53.395559660185796],[-6.232818165810949,53.39609204809943],[-6.2339219902934655,53.398435047585004],[-6.230921908788708,53.39830119389571],[-6.231029479235802,53.39899392661498]]]}},{"id":"7400","type":"Feature","properties":{},"geometry":{"type":"Polygon","coordinates":[[[-6.267220264509511,53.34411146824186],[-6.268663736767773,53.34387069940509],[-6.268969221431288,53.34462225035614],[-6.267499318016948,53.34495940515654],[-6.267220264509511,53.34411146824186]]]}},{"id":"7418","type":"Feature","properties":{},"geometry":{"type":"Polygon","coordinates":[[[-6.2359898581833555,53.3877566709609],[-6.231112705714874,53.387563621794094],[-6.230677958819942,53.38565162914887],[-6.233361763882323,53.385351389973664],[-6.2359898581833555,53.3877566709609]]]}},{"id":"7421","type":"Feature","properties":{},"geometry":{"type":"Polygon","coordinates":[[[-6.2267571732913245,53.368172430453114],[-6.228865251392678,53.36589078514489],[-6.229183178909351,53.36429627216189],[-6.23077493892993,53.365621615305905],[-6.2293102194264005,53.36761742784264],[-6.2267571732913245,53.368172430453114]]]}},{"id":"7461","type":"Feature","properties":{},"geometry":{"type":"Polygon","coordinates":[[[-6.248444767199862,53.3454502472465],[-6.249335454673333,53.344103757361495],[-6.251495733650599,53.34459031728384],[-6.250417997077148,53.345652293207195],[-6.248444767199862,53.3454502472465]]]}},{"id":"7468","type":"Feature","properties":{},"geometry":{"type":"Polygon","coordinates":[[[-6.303634183779092,53.32494677808358],[-6.305916107239881,53.32509572040451],[-6.305658107597595,53.32594121401494],[-6.3035079061658275,53.325797187455315],[-6.303634183779092,53.32494677808358]]]}},{"id":"7486","type":"Feature","properties":{},"geometry":{"type":"Polygon","coordinates":[[[-6.27159425139534,53.30443466587466],[-6.277504287366157,53.305004248628904],[-6.278035483663544,53.30749710593774],[-6.27335745135332,53.30782052641669],[-6.272935657880108,53.30634001174065],[-6.271723418938513,53.30641323983115],[-6.271016861435409,53.3049019136266],[-6.2718101017261025,53.30495108961672],[-6.27159425139534,53.30443466587466]]]}},{"id":"7505","type":"Feature","properties":{},"geometry":{"type":"Polygon","coordinates":[[[-6.376745911047414,53.33812340687176],[-6.372224773932798,53.33698395004195],[-6.373793051267128,53.33437266948983],[-6.377863064836999,53.33403447742246],[-6.380059641140469,53.33539138072138],[-6.378489135632562,53.3361547849546],[-6.378829215910991,53.33810192286712],[-6.376745911047414,53.33812340687176]]]}},{"id":"7510","type":"Feature","properties":{},"geometry":{"type":"Polygon","coordinates":[[[-6.212116599933614,53.328803466098215],[-6.210014005765993,53.32798799072615],[-6.208196851299612,53.32812858138135],[-6.207432649562599,53.32651126543607],[-6.211724283982104,53.32538825925381],[-6.21259688442642,53.326493962734105],[-6.211266614161717,53.32666627051746],[-6.211780474903843,53.3271575586986],[-6.214630984284836,53.32683580394815],[-6.214182849774806,53.32892200775343],[-6.212116599933614,53.328803466098215]]]}},{"id":"7512","type":"Feature","properties":{},"geometry":{"type":"Polygon","coordinates":[[[-6.26097980588819,53.3133141008677],[-6.263814792958008,53.313247302923344],[-6.264451194423422,53.31458038544386],[-6.261027925526847,53.31468884909441],[-6.26097980588819,53.3133141008677]]]}},{"id":"7514","type":"Feature","properties":{},"geometry":{"type":"Polygon","coordinates":[[[-6.237021200309032,53.34531615486471],[-6.237196621556412,53.344478714603866],[-6.237801747481147,53.34454875550286],[-6.2376681987593035,53.34537888754468],[-6.237021200309032,53.34531615486471]]]}},{"id":"7515","type":"Feature","properties":{},"geometry":{"type":"Polygon","coordinates":[[[-6.276395903206325,53.34857054576904],[-6.276687867409318,53.34812429810084],[-6.2776049388234245,53.34821991628919],[-6.276952860992205,53.347096759978314],[-6.278287175498283,53.34716660713368],[-6.277842382078528,53.348976383690676],[-6.276395903206325,53.34857054576904]]]}},{"id":"7517","type":"Feature","properties":{},"geometry":{"type":"Polygon","coordinates":[[[-6.25791212040797,53.33270394033924],[-6.257435140418174,53.3310668940986],[-6.25874139837487,53.33078234109957],[-6.26063587211827,53.33277748097605],[-6.25791212040797,53.33270394033924]]]}},{"id":"7541","type":"Feature","properties":{},"geometry":{"type":"Polygon","coordinates":[[[-6.194513372879868,53.36918597631131],[-6.194828718003851,53.36756203564352],[-6.198378715962296,53.367564586222464],[-6.198017362512916,53.36972020899947],[-6.194513372879868,53.36918597631131]]]}},{"id":"7552","type":"Feature","properties":{},"geometry":{"type":"Polygon","coordinates":[[[-6.194221517969046,53.371220365708425],[-6.1959979785268,53.3713579404609],[-6.196706207644005,53.370005291953916],[-6.199227599248515,53.370379891896924],[-6.197684452651711,53.370725407691545],[-6.196744428965633,53.37262667559828],[-6.194093337389813,53.372662852153454],[-6.194221517969046,53.371220365708425]]]}},{"id":"7560","type":"Feature","properties":{},"geometry":{"type":"Polygon","coordinates":[[[-6.166379406139568,53.39534640178029],[-6.16814840828473,53.39466561775326],[-6.170755277399513,53.396369027461965],[-6.168057342052199,53.3969557197308],[-6.167670970778624,53.395590417793564],[-6.166379406139568,53.39534640178029]]]}},{"id":"7569","type":"Feature","properties":{},"geometry":{"type":"Polygon","coordinates":[[[-6.246673682394437,53.35469873123146],[-6.24882742121313,53.35274897359727],[-6.249788663479946,53.35426388658708],[-6.246673682394437,53.35469873123146]]]}},{"id":"7571","type":"Feature","properties":{},"geometry":{"type":"Polygon","coordinates":[[[-6.315805194316599,53.37051943745741],[-6.315800115353456,53.36913139281639],[-6.314896322424845,53.36872063653819],[-6.315322194236249,53.36769852870163],[-6.317846613119172,53.368236649059504],[-6.3181921659080515,53.369204934597576],[-6.317507747111905,53.37061084426653],[-6.315805194316599,53.37051943745741]]]}},{"id":"7579","type":"Feature","properties":{},"geometry":{"type":"Polygon","coordinates":[[[-6.324702854604355,53.377384675133776],[-6.3272011974063425,53.37722619713625],[-6.327192073596753,53.3780579338644],[-6.325651954766666,53.37818965508474],[-6.324702854604355,53.377384675133776]]]}},{"id":"7590","type":"Feature","properties":{},"geometry":{"type":"Polygon","coordinates":[[[-6.202679411805169,53.371129014761664],[-6.203475111751095,53.36862662084113],[-6.208959344837476,53.36969992877706],[-6.206271113815097,53.37097762093989],[-6.202679411805169,53.371129014761664]]]}},{"id":"7595","type":"Feature","properties":{},"geometry":{"type":"Polygon","coordinates":[[[-6.218794363316693,53.37550594295452],[-6.214046573264594,53.3741799204097],[-6.215309665063916,53.37218444785444],[-6.220240706355484,53.37281491164604],[-6.218575652213067,53.37400592070581],[-6.220074168241866,53.37432095111203],[-6.218794363316693,53.37550594295452]]]}},{"id":"7597","type":"Feature","properties":{},"geometry":{"type":"Polygon","coordinates":[[[-6.206305361163074,53.37526427995935],[-6.206363123785544,53.3745793792298],[-6.209726846359236,53.375537176360055],[-6.206983280687156,53.377024944550165],[-6.206273819110016,53.37669457532067],[-6.2064257077371074,53.375680244592786],[-6.207815942070921,53.375140278322235],[-6.206305361163074,53.37526427995935]]]}},{"id":"7604","type":"Feature","properties":{},"geometry":{"type":"Polygon","coordinates":[[[-6.268594552304325,53.3825290253027],[-6.269415123420669,53.37912737979517],[-6.276274017713258,53.37954660135874],[-6.276182192092106,53.381622843826435],[-6.274289084547179,53.38191401440883],[-6.274131317924297,53.38265398400564],[-6.272671372349768,53.382798702963804],[-6.271776436762927,53.38352584188057],[-6.268594552304325,53.3825290253027]]]}},{"id":"7606","type":"Feature","properties":{},"geometry":{"type":"Polygon","coordinates":[[[-6.238072120155378,53.33610034365792],[-6.237094359920762,53.33472083073695],[-6.240843792258233,53.33380082136218],[-6.241950829636581,53.335004566419215],[-6.238072120155378,53.33610034365792]]]}},{"id":"7619","type":"Feature","properties":{},"geometry":{"type":"Polygon","coordinates":[[[-6.329357213291418,53.341515519129246],[-6.336048493726181,53.342360580291],[-6.338225845554572,53.34179063573327],[-6.338126059626643,53.34226999682207],[-6.3353682570134,53.3426903979801],[-6.335036839729071,53.34318732288664],[-6.334921676617263,53.34272481010658],[-6.329357213291418,53.341515519129246]]]}},{"id":"7630","type":"Feature","properties":{},"geometry":{"type":"Polygon","coordinates":[[[-6.266265379777241,53.387934056232496],[-6.266015338527599,53.386615804991585],[-6.26762597206818,53.38559594033285],[-6.271918275203369,53.38593537044105],[-6.268477626494513,53.38608735212437],[-6.268320848272824,53.38810563558851],[-6.2675799084507915,53.38760401974704],[-6.266265379777241,53.387934056232496]]]}},{"id":"7632","type":"Feature","properties":{},"geometry":{"type":"Polygon","coordinates":[[[-6.280473935603549,53.34087448246029],[-6.282054966683551,53.34104459223812],[-6.281777957166144,53.3414562214062],[-6.2801865157132974,53.341515693667226],[-6.280473935603549,53.34087448246029]]]}},{"id":"7634","type":"Feature","properties":{},"geometry":{"type":"Polygon","coordinates":[[[-6.302715576061211,53.331999781024635],[-6.297892106956924,53.33117376492555],[-6.298179393085702,53.33011854602772],[-6.3076044488279495,53.32794598734736],[-6.308278149186896,53.3294897537891],[-6.3112189493828,53.32901573215392],[-6.311435898827311,53.32999758598507],[-6.303420683701183,53.33073442100349],[-6.302715576061211,53.331999781024635]]]}},{"id":"7636","type":"Feature","properties":{},"geometry":{"type":"Polygon","coordinates":[[[-6.28480820752291,53.33639862455498],[-6.283550991847547,53.33523374218626],[-6.283082804333687,53.333612176009055],[-6.285047380264535,53.33429858795228],[-6.28532644256239,53.333882837229034],[-6.2862556378807835,53.334083123723026],[-6.28746061641679,53.33527964771153],[-6.28480820752291,53.33639862455498]]]}},{"id":"7645","type":"Feature","properties":{},"geometry":{"type":"Polygon","coordinates":[[[-6.243652061164414,53.321965791174634],[-6.245314888544143,53.3219070519296],[-6.24691743601047,53.32237129769383],[-6.244590511049982,53.323077241093344],[-6.243652061164414,53.321965791174634]]]}},{"id":"7649","type":"Feature","properties":{},"geometry":{"type":"Polygon","coordinates":[[[-6.24207006689975,53.37639580002379],[-6.2432192419989185,53.37387352976883],[-6.2503517435446225,53.37581144799135],[-6.249746658003491,53.37638299948569],[-6.243946899796796,53.37482015159916],[-6.244339278384119,53.376641420892255],[-6.24207006689975,53.37639580002379]]]}},{"id":"7651","type":"Feature","properties":{},"geometry":{"type":"Polygon","coordinates":[[[-6.186228300286481,53.36722974231304],[-6.186917044180764,53.36629164923703],[-6.189809599428663,53.365857040620135],[-6.190324732423603,53.364316530899806],[-6.192044753124968,53.36390630779954],[-6.191705099540922,53.36623079965658],[-6.190728453405247,53.36631204377148],[-6.19070192303193,53.367331980070574],[-6.186228300286481,53.36722974231304]]]}},{"id":"7660","type":"Feature","properties":{},"geometry":{"type":"Polygon","coordinates":[[[-6.263391909952977,53.31940580456818],[-6.2645426417221,53.31921910654078],[-6.264949733783381,53.31996958894526],[-6.263574328626146,53.320276526532695],[-6.263391909952977,53.31940580456818]]]}},{"id":"7674","type":"Feature","properties":{},"geometry":{"type":"Polygon","coordinates":[[[-6.207627953049133,53.378498751894725],[-6.207929478828815,53.37810835881141],[-6.206646149479631,53.377358372714795],[-6.20782208036751,53.37665056785187],[-6.210241086457289,53.37806986506831],[-6.209204510247212,53.37887123901063],[-6.207627953049133,53.378498751894725]]]}},{"id":"7676","type":"Feature","properties":{},"geometry":{"type":"Polygon","coordinates":[[[-6.184248389877164,53.40399884104754],[-6.180784829605144,53.40340723487434],[-6.180082583360128,53.40313524575412],[-6.184300485562427,53.40319057478412],[-6.184248389877164,53.40399884104754]]]}},{"id":"7678","type":"Feature","properties":{},"geometry":{"type":"Polygon","coordinates":[[[-6.213503986556873,53.389668405416174],[-6.2092182678703765,53.388993566761634],[-6.209401285206779,53.388401981546025],[-6.213956430788765,53.388073313536886],[-6.214273373930094,53.3890647085735],[-6.213503986556873,53.389668405416174]]]}},{"id":"7681","type":"Feature","properties":{},"geometry":{"type":"Polygon","coordinates":[[[-6.29041792616628,53.35236408665799],[-6.289726834595765,53.35180212674946],[-6.290565322653033,53.351350951517155],[-6.28955088528274,53.35051081455217],[-6.286212144199991,53.351064135617186],[-6.285822322404429,53.34960000511961],[-6.290895023613427,53.3493218817681],[-6.292879338545731,53.34976203256767],[-6.292924351207433,53.350241821332645],[-6.290646113869535,53.35057076735585],[-6.291396047854535,53.35104721638107],[-6.2928445301198135,53.35074357047334],[-6.293395863903606,53.35203809868212],[-6.29041792616628,53.35236408665799]]]}},{"id":"7682","type":"Feature","properties":{},"geometry":{"type":"Polygon","coordinates":[[[-6.2276231413309935,53.34457859629856],[-6.227390419395669,53.34331067509466],[-6.226431464656533,53.34332929292159],[-6.226373577016018,53.34291511157392],[-6.227988216053751,53.342567641799434],[-6.2276231413309935,53.34457859629856]]]}},{"id":"7732","type":"Feature","properties":{},"geometry":{"type":"Polygon","coordinates":[[[-6.276795236616557,53.40014379385458],[-6.275479550017333,53.39922589405758],[-6.277727433976917,53.39769647981224],[-6.279635543313673,53.398700478599366],[-6.276795236616557,53.40014379385458]]]}},{"id":"7739","type":"Feature","properties":{},"geometry":{"type":"Polygon","coordinates":[[[-6.25609489510051,53.35443660317863],[-6.256889181969891,53.354200631034615],[-6.257466614893608,53.35501046548278],[-6.2569788485291635,53.355193783032796],[-6.25609489510051,53.35443660317863]]]}},{"id":"7741","type":"Feature","properties":{},"geometry":{"type":"Polygon","coordinates":[[[-6.201384189041811,53.34095576572085],[-6.19888596683052,53.34058750710922],[-6.197489156510229,53.34191885745991],[-6.195277371191284,53.34191243786169],[-6.195023943125102,53.3412000361966],[-6.193192691587221,53.341165376959076],[-6.193383976851659,53.33977474093463],[-6.192521936286205,53.341198917149356],[-6.1856829703860905,53.340692819963635],[-6.159742891382472,53.34114664972737],[-6.151123166009783,53.342160214185775],[-6.159635747040042,53.341025372120725],[-6.179129002911799,53.3405533281082],[-6.179780424352126,53.33914809833791],[-6.18175404653194,53.33900647508393],[-6.182634411500407,53.33757371895876],[-6.192466545325668,53.33743616707487],[-6.194478331720331,53.33508899645057],[-6.208109491989154,53.33653683201554],[-6.209580606215941,53.337252853832794],[-6.212449159585839,53.33539857128858],[-6.21297533256061,53.33438927845765],[-6.210780643636455,53.33268851296523],[-6.213852566956199,53.33476649936942],[-6.220763689848285,53.33803625319214],[-6.218164239259516,53.33844962442404],[-6.2133949072222245,53.341165926692206],[-6.216530439800806,53.34156490901269],[-6.217604965045328,53.34220211360851],[-6.216132470631874,53.343003458525466],[-6.222425913814452,53.34398444566852],[-6.217303499548674,53.34334497723469],[-6.214990756418203,53.343874351085674],[-6.197940177587687,53.34236511344355],[-6.198905271166882,53.34068855635588],[-6.201384189041811,53.34095576572085]],[[-6.201758939243362,53.341011002023976],[-6.203001851357371,53.34172473475091],[-6.203427751532832,53.34170280939951],[-6.2035602654778605,53.3412764901989],[-6.201758939243362,53.341011002023976]]]}},{"id":"7751","type":"Feature","properties":{},"geometry":{"type":"Polygon","coordinates":[[[-6.363790844662124,53.34393228960809],[-6.363812787030734,53.343071363101124],[-6.3704853928342295,53.34362489760662],[-6.36899550306543,53.34434759350283],[-6.363790844662124,53.34393228960809]]]}},{"id":"7752","type":"Feature","properties":{},"geometry":{"type":"Polygon","coordinates":[[[-6.306830090497024,53.39860423987861],[-6.3102525157527065,53.397776961755284],[-6.311213686250527,53.396086685527],[-6.313063207669755,53.396646712904484],[-6.312068816907068,53.39813718055781],[-6.3132899133104186,53.39838654531136],[-6.306830090497024,53.39860423987861]]]}},{"id":"7767","type":"Feature","properties":{},"geometry":{"type":"Polygon","coordinates":[[[-6.184208355459162,53.3999037287404],[-6.185802030677972,53.39850597986148],[-6.1880894078285555,53.399120698933515],[-6.188068844535886,53.40035560918522],[-6.185449203194782,53.40017527956303],[-6.185016335250564,53.40083659906395],[-6.184208355459162,53.3999037287404]]]}},{"id":"7777","type":"Feature","properties":{},"geometry":{"type":"Polygon","coordinates":[[[-6.308981710881863,53.372602118141245],[-6.309879942003261,53.371626241576],[-6.312984789274963,53.371105436826134],[-6.3118392549402085,53.37258202075287],[-6.308981710881863,53.372602118141245]]]}},{"id":"7782","type":"Feature","properties":{},"geometry":{"type":"Polygon","coordinates":[[[-6.167490062064525,53.39200384668768],[-6.167691166536173,53.391125112356846],[-6.174220434104549,53.391624858310614],[-6.170917231907943,53.39217155115231],[-6.167490062064525,53.39200384668768]]]}},{"id":"7787","type":"Feature","properties":{},"geometry":{"type":"Polygon","coordinates":[[[-6.355738389153395,53.3423937974297],[-6.352865216905776,53.342176889360694],[-6.353252938754619,53.34088980347665],[-6.351190920680577,53.338632344688],[-6.351820275869032,53.338573424145466],[-6.3537246577144115,53.34068064651786],[-6.353817717568859,53.34199342311095],[-6.355742852017468,53.3420147480878],[-6.355738389153395,53.3423937974297]]]}},{"id":"7788","type":"Feature","properties":{},"geometry":{"type":"Polygon","coordinates":[[[-6.225998521560828,53.38201079939738],[-6.222742156204901,53.3804263835668],[-6.222871681434556,53.37965846183985],[-6.221730490924404,53.37868902862839],[-6.227067847375733,53.381299613177006],[-6.225998521560828,53.38201079939738]]]}},{"id":"7797","type":"Feature","properties":{},"geometry":{"type":"Polygon","coordinates":[[[-6.209216491824052,53.39734174180137],[-6.209920495369644,53.39699683993102],[-6.209079130010928,53.39618489778908],[-6.2100373644432345,53.395059451391255],[-6.211950973459049,53.39522951400813],[-6.212568411121792,53.39453154933],[-6.216253085907033,53.39606221765855],[-6.215268367047012,53.39730645423945],[-6.209216491824052,53.39734174180137]]]}},{"id":"7798","type":"Feature","properties":{},"geometry":{"type":"Polygon","coordinates":[[[-6.308166834754962,53.324023712138406],[-6.310511489281839,53.323803336429094],[-6.312717370821668,53.32256319610407],[-6.310153212527986,53.32439292158636],[-6.3082770829518005,53.324576182152796],[-6.308166834754962,53.324023712138406]]]}},{"id":"7799","type":"Feature","properties":{},"geometry":{"type":"Polygon","coordinates":[[[-6.230992600513882,53.400426619554544],[-6.23099392289257,53.39973898805744],[-6.229436050421447,53.399286540344],[-6.229652390312069,53.39862383071415],[-6.233396438829672,53.39961852419149],[-6.233550890461188,53.400903183643],[-6.230992600513882,53.400426619554544]]]}},{"id":"7808","type":"Feature","properties":{},"geometry":{"type":"Polygon","coordinates":[[[-6.244944506560973,53.3768368974251],[-6.2448353769552245,53.37506414359582],[-6.249746658003491,53.37638299948569],[-6.249006025341028,53.376917137331866],[-6.247117257539384,53.37644800645874],[-6.2461881958834535,53.37695101993731],[-6.244944506560973,53.3768368974251]]]}},{"id":"7817","type":"Feature","properties":{},"geometry":{"type":"Polygon","coordinates":[[[-6.3185212407239115,53.38470269717036],[-6.314387893633536,53.3838647622363],[-6.314638495653694,53.38245964840186],[-6.317732128039551,53.38264219157038],[-6.319392597319472,53.38405521530122],[-6.3185212407239115,53.38470269717036]]]}},{"id":"7818","type":"Feature","properties":{},"geometry":{"type":"Polygon","coordinates":[[[-6.3121634015924935,53.33536571992984],[-6.311834534763861,53.334485198122],[-6.313278943751106,53.33382642846432],[-6.317432083869092,53.33373606422985],[-6.317382582850877,53.334774996289475],[-6.3121634015924935,53.33536571992984]]]}},{"id":"7826","type":"Feature","properties":{},"geometry":{"type":"Polygon","coordinates":[[[-6.197551899221073,53.39867493109434],[-6.197466023784369,53.395998991080695],[-6.198418757452092,53.395487235637965],[-6.200576522810372,53.39733441349975],[-6.200389805390712,53.3979353132812],[-6.199384671012446,53.39778049849898],[-6.1987303388334025,53.39902874001778],[-6.197551899221073,53.39867493109434]]]}},{"id":"7852","type":"Feature","properties":{},"geometry":{"type":"Polygon","coordinates":[[[-6.158146579077222,53.40411376698581],[-6.15669773079167,53.40398236869892],[-6.156533713265964,53.402867916940544],[-6.158167571710825,53.40281075981952],[-6.158146579077222,53.40411376698581]]]}},{"id":"7856","type":"Feature","properties":{},"geometry":{"type":"Polygon","coordinates":[[[-6.21612165876148,53.335731936297165],[-6.218296235560682,53.33447084525915],[-6.220408841746168,53.335839785374965],[-6.21770387377512,53.336481974913525],[-6.21612165876148,53.335731936297165]]]}},{"id":"7859","type":"Feature","properties":{},"geometry":{"type":"Polygon","coordinates":[[[-6.228270857093623,53.40078736706793],[-6.22896337350459,53.40069383963051],[-6.229436050421447,53.399286540344],[-6.23099392289257,53.39973898805744],[-6.2306991752420675,53.402098448982436],[-6.228270857093623,53.40078736706793]]]}},{"id":"7861","type":"Feature","properties":{},"geometry":{"type":"Polygon","coordinates":[[[-6.243147893492089,53.34029820043725],[-6.244448845522642,53.33892448552812],[-6.246724853921748,53.33972503140477],[-6.245385136488786,53.34115012502097],[-6.243147893492089,53.34029820043725]]]}},{"id":"7888","type":"Feature","properties":{},"geometry":{"type":"Polygon","coordinates":[[[-6.299387838135558,53.34448365758378],[-6.297158159402816,53.34328928459901],[-6.296961079130151,53.34257904759777],[-6.297824651854461,53.34206505719208],[-6.301986303987344,53.341402627685696],[-6.307832234152992,53.34186504564529],[-6.30797006873432,53.34364091897554],[-6.299791017145669,53.345429394223515],[-6.299387838135558,53.34448365758378]]]}},{"id":"7902","type":"Feature","properties":{},"geometry":{"type":"Polygon","coordinates":[[[-6.232377010678964,53.32974256651716],[-6.234590227599073,53.33003955811957],[-6.238717583123332,53.3288064175085],[-6.237917230506424,53.33129011719018],[-6.235351315247862,53.331004590140395],[-6.235031864642044,53.33192097165442],[-6.232377010678964,53.32974256651716]]]}},{"id":"7906","type":"Feature","properties":{},"geometry":{"type":"Polygon","coordinates":[[[-6.269254858112073,53.33838434169214],[-6.269603467069138,53.33741556355237],[-6.270746892307226,53.33835418856738],[-6.269254858112073,53.33838434169214]]]}},{"id":"7920","type":"Feature","properties":{},"geometry":{"type":"Polygon","coordinates":[[[-6.199150623610622,53.39366800756092],[-6.200300071882437,53.394456812742845],[-6.196263245054347,53.39630035075126],[-6.195743583497451,53.395767266575994],[-6.199150623610622,53.39366800756092]]]}},{"id":"7923","type":"Feature","properties":{},"geometry":{"type":"Polygon","coordinates":[[[-6.245208527904049,53.33921239819451],[-6.2459255786728445,53.338459553148496],[-6.2410338626522766,53.33708136171835],[-6.242316899206523,53.336245075842484],[-6.247710025728695,53.338219098648224],[-6.2463526007859524,53.339590957747596],[-6.245208527904049,53.33921239819451]]]}},{"id":"7925","type":"Feature","properties":{},"geometry":{"type":"Polygon","coordinates":[[[-6.322022194056053,53.36889937349729],[-6.322795202395779,53.36632753690265],[-6.321582559433199,53.36597865075997],[-6.321756008883871,53.36544586342568],[-6.329787023174849,53.36978378011421],[-6.327333814037957,53.36886891312432],[-6.326514897730423,53.370361886797774],[-6.322022194056053,53.36889937349729]]]}},{"id":"7928","type":"Feature","properties":{},"geometry":{"type":"Polygon","coordinates":[[[-6.281934103195886,53.33678832805353],[-6.279628682073423,53.336590622186044],[-6.279361076008024,53.33609743255156],[-6.281589533207986,53.335720145046544],[-6.281934103195886,53.33678832805353]]]}},{"id":"7950","type":"Feature","properties":{},"geometry":{"type":"Polygon","coordinates":[[[-6.247440271381066,53.358209049591586],[-6.249768106610538,53.35702819461744],[-6.250371095543954,53.35747094789964],[-6.249378308240235,53.35909256373264],[-6.247440271381066,53.358209049591586]]]}},{"id":"7959","type":"Feature","properties":{},"geometry":{"type":"Polygon","coordinates":[[[-6.258689016248928,53.32614177142564],[-6.260937074176863,53.32606172131152],[-6.261384227356851,53.32679136242413],[-6.2581368545486225,53.32708999428827],[-6.258689016248928,53.32614177142564]]]}},{"id":"7961","type":"Feature","properties":{},"geometry":{"type":"Polygon","coordinates":[[[-6.317241277609146,53.32506651826277],[-6.318878513018711,53.3234868606198],[-6.320114474556062,53.32278809429818],[-6.321721983764716,53.324779854215514],[-6.317241277609146,53.32506651826277]]]}},{"id":"7978","type":"Feature","properties":{},"geometry":{"type":"Polygon","coordinates":[[[-6.334100977177259,53.31921735827259],[-6.336292514227242,53.320230870260104],[-6.334681152598109,53.32114866906718],[-6.335476125791517,53.32206826818325],[-6.333578407605946,53.32252797986874],[-6.3346948234250275,53.32380659867021],[-6.328852371537356,53.32400206367917],[-6.332945448075978,53.31948324117543],[-6.334100977177259,53.31921735827259]]]}},{"id":"7999","type":"Feature","properties":{},"geometry":{"type":"MultiPolygon","coordinates":[[[[-6.282495801018833,53.38266053835479],[-6.283641919550403,53.38231549772638],[-6.286226129873404,53.38377841994514],[-6.286075392341098,53.38459728480989],[-6.2849742766882475,53.38442324312284],[-6.283373181945809,53.38261441280065],[-6.282495801018833,53.38266053835479]]],[[[-6.28233966995747,53.38266874645391],[-6.278793393581637,53.3828551106185],[-6.277940829106669,53.382206873188935],[-6.282098820755823,53.3822804628383],[-6.28233966995747,53.38266874645391]]],[[[-6.28233966995747,53.38266874645391],[-6.282495801018833,53.38266053835479],[-6.28235994698665,53.382701436526354],[-6.28233966995747,53.38266874645391]]]]}},{"id":"8001","type":"Feature","properties":{},"geometry":{"type":"Polygon","coordinates":[[[-6.314106760714565,53.37843317523175],[-6.3143971151775435,53.37696050324565],[-6.314658050310477,53.37639787234401],[-6.316369559948693,53.37725643796528],[-6.31588748309415,53.378309869520244],[-6.315444531776532,53.37796257794926],[-6.314106760714565,53.37843317523175]]]}},{"id":"8015","type":"Feature","properties":{},"geometry":{"type":"Polygon","coordinates":[[[-6.199704080128493,53.402676815292054],[-6.198009060424941,53.40226615416246],[-6.198145288484829,53.399939074271465],[-6.201585756402131,53.40122751239368],[-6.200907928344305,53.402061184650215],[-6.202013060508789,53.40273568390828],[-6.200810268278904,53.402966254596556],[-6.200189931808363,53.40237966863899],[-6.199704080128493,53.402676815292054]]]}},{"id":"8043","type":"Feature","properties":{},"geometry":{"type":"Polygon","coordinates":[[[-6.277995226107424,53.33984475514416],[-6.279998457991568,53.339351947850055],[-6.280513979136184,53.34002972030631],[-6.278212526390546,53.34054413650402],[-6.277995226107424,53.33984475514416]]]}},{"id":"8046","type":"Feature","properties":{},"geometry":{"type":"Polygon","coordinates":[[[-6.251594626379918,53.393485492130345],[-6.25306838894277,53.39108210851768],[-6.257764978655089,53.39161790526989],[-6.257542198361519,53.39193720778143],[-6.253837089815022,53.391411982819214],[-6.252833088410413,53.39261476932598],[-6.254038313429883,53.393499131366966],[-6.251594626379918,53.393485492130345]]]}},{"id":"8050","type":"Feature","properties":{},"geometry":{"type":"Polygon","coordinates":[[[-6.201636568871313,53.39880506214781],[-6.199384671012446,53.39778049849898],[-6.200389805390712,53.3979353132812],[-6.202565790818803,53.395748884667306],[-6.205118826013662,53.396474648012884],[-6.203606662334988,53.39876813237026],[-6.201636568871313,53.39880506214781]]]}},{"id":"8057","type":"Feature","properties":{},"geometry":{"type":"Polygon","coordinates":[[[-6.198017362512916,53.36972020899947],[-6.198378992198494,53.367576913175576],[-6.202385873364022,53.368105505605726],[-6.201604555618248,53.370178224611855],[-6.198017362512916,53.36972020899947]]]}},{"id":"8058","type":"Feature","properties":{},"geometry":{"type":"Polygon","coordinates":[[[-6.1936145758956345,53.38460392176885],[-6.19180941733964,53.38371281688965],[-6.194263831859953,53.3826617166499],[-6.202261752398322,53.3824272497667],[-6.204701696186586,53.38316580623593],[-6.203894409705205,53.383494580663154],[-6.1984056350695,53.38304105018655],[-6.1936145758956345,53.38460392176885]]]}},{"id":"8066","type":"Feature","properties":{},"geometry":{"type":"Polygon","coordinates":[[[-6.301851179180365,53.39562621909979],[-6.300798488702481,53.392204681996844],[-6.301732301902272,53.39257402141938],[-6.301907882831435,53.39413032752527],[-6.304775688190423,53.396549516135224],[-6.303982010248584,53.39729995637583],[-6.301851179180365,53.39562621909979]]]}},{"id":"8069","type":"Feature","properties":{},"geometry":{"type":"Polygon","coordinates":[[[-6.238750184981273,53.34964871898392],[-6.238854547751896,53.349007922116115],[-6.239667256231128,53.34906044312148],[-6.2395511271684825,53.34970201076069],[-6.238750184981273,53.34964871898392]]]}},{"id":"8082","type":"Feature","properties":{},"geometry":{"type":"Polygon","coordinates":[[[-6.204701696186586,53.38316580623593],[-6.202261752398322,53.3824272497667],[-6.203563128026192,53.38045958364978],[-6.2030467722681655,53.37962650975439],[-6.200314647743809,53.37907650558579],[-6.200909140777534,53.37838468035657],[-6.203970623607033,53.37822700273043],[-6.204087598195967,53.37866129965038],[-6.205158141836615,53.37779213449212],[-6.206766750494709,53.37810008000064],[-6.205865206631976,53.37879645929871],[-6.207185800050799,53.37995213573123],[-6.206993258828731,53.38065465963133],[-6.205017144144253,53.38079111089111],[-6.205128776621448,53.38240200878817],[-6.204440223724223,53.382708978448704],[-6.205807478740785,53.38293250089845],[-6.204701696186586,53.38316580623593]]]}},{"id":"8085","type":"Feature","properties":{},"geometry":{"type":"Polygon","coordinates":[[[-6.3704853928342295,53.34362489760662],[-6.370152646791718,53.34319902428015],[-6.372490403206918,53.342021325503154],[-6.372749346309854,53.34248534721681],[-6.372968305705086,53.341921524980435],[-6.380035340985082,53.34163885625535],[-6.379619894379935,53.339812244035095],[-6.3766868775913705,53.33969818592274],[-6.376745911047414,53.33812340687176],[-6.382565186382115,53.33737749075545],[-6.383867485847302,53.33798501040266],[-6.3855976047141825,53.33794151025829],[-6.385771136694562,53.33701249793817],[-6.386970211151572,53.33978127734075],[-6.386745215249871,53.343569654399026],[-6.383528542880068,53.34276876314757],[-6.38036969252744,53.343943666375225],[-6.379721378542323,53.34509805856571],[-6.3704853928342295,53.34362489760662]]]}},{"id":"8086","type":"Feature","properties":{},"geometry":{"type":"Polygon","coordinates":[[[-6.290243624189785,53.32694728191402],[-6.289384750025193,53.322770536985985],[-6.290646439086145,53.32167156442435],[-6.290380849379255,53.32078269007866],[-6.291329902332065,53.32045654758764],[-6.290735044675364,53.319577193785264],[-6.294318777792355,53.32224992971965],[-6.296762579187461,53.325758668431305],[-6.290243624189785,53.32694728191402]]]}},{"id":"8087","type":"Feature","properties":{},"geometry":{"type":"Polygon","coordinates":[[[-6.291225019573499,53.35364784527087],[-6.288251533447756,53.35257262204722],[-6.289726834595765,53.35180212674946],[-6.29041792616628,53.35236408665799],[-6.289744158353759,53.35275764468904],[-6.291225019573499,53.35364784527087]]]}},{"id":"8088","type":"Feature","properties":{},"geometry":{"type":"Polygon","coordinates":[[[-6.195569554879322,53.36242822681974],[-6.195988126067974,53.35967845497266],[-6.196183626158325,53.35842115898312],[-6.198677871697421,53.35910710260811],[-6.197777387265382,53.362546360101526],[-6.195569554879322,53.36242822681974]]]}},{"id":"8092","type":"Feature","properties":{},"geometry":{"type":"Polygon","coordinates":[[[-6.236041494866777,53.34493348339554],[-6.23622392349663,53.344101720658884],[-6.237261436710887,53.34419095495325],[-6.237082037138749,53.34501712832483],[-6.236041494866777,53.34493348339554]]]}},{"id":"8102","type":"Feature","properties":{},"geometry":{"type":"Polygon","coordinates":[[[-6.221055093904039,53.38455611624078],[-6.219364247063622,53.384404717938125],[-6.220028722597084,53.382771034845746],[-6.221640800914809,53.382712006298085],[-6.2221600891738165,53.38147940022558],[-6.221055093904039,53.38455611624078]]]}},{"id":"8104","type":"Feature","properties":{},"geometry":{"type":"Polygon","coordinates":[[[-6.193087702582226,53.37578024998856],[-6.194826750229859,53.37545545346533],[-6.195307668521174,53.376442292870024],[-6.19391057248094,53.37711329191448],[-6.193081121304255,53.376884957825084],[-6.193087702582226,53.37578024998856]]]}},{"id":"8132","type":"Feature","properties":{},"geometry":{"type":"Polygon","coordinates":[[[-6.190014309382195,53.36723660534259],[-6.19070192303193,53.367331980070574],[-6.190947813038644,53.366758684601265],[-6.194884107314753,53.36724294836077],[-6.194513372879868,53.36918597631131],[-6.191561275581919,53.36906622475202],[-6.1919474346971795,53.36765203364447],[-6.190778132346806,53.36750490866232],[-6.190202259749764,53.36918475017539],[-6.189318025614037,53.36930038024826],[-6.190014309382195,53.36723660534259]]]}},{"id":"8133","type":"Feature","properties":{},"geometry":{"type":"Polygon","coordinates":[[[-6.282836113568818,53.34569266653432],[-6.284405388805697,53.34593763410125],[-6.28435424281522,53.346042156276475],[-6.282655241799546,53.34620310035387],[-6.282836113568818,53.34569266653432]]]}},{"id":"8159","type":"Feature","properties":{},"geometry":{"type":"Polygon","coordinates":[[[-6.262214159227405,53.3582403739086],[-6.25997405483013,53.356946842601914],[-6.2612385538848025,53.356592269359105],[-6.26046721263695,53.35606702444388],[-6.260981814245688,53.35581674674355],[-6.263282643582952,53.35728251040512],[-6.262214159227405,53.3582403739086]]]}},{"id":"8164","type":"Feature","properties":{},"geometry":{"type":"Polygon","coordinates":[[[-6.268545425525539,53.349792250522455],[-6.268046500063134,53.34857025766927],[-6.26949542163777,53.348312416785966],[-6.269787334775738,53.34933636709045],[-6.268545425525539,53.349792250522455]]]}},{"id":"8165","type":"Feature","properties":{},"geometry":{"type":"Polygon","coordinates":[[[-6.261387219629659,53.32076395691574],[-6.262517294922271,53.32053039152158],[-6.26362416511244,53.32275160710833],[-6.26231555628936,53.322955393362165],[-6.261387219629659,53.32076395691574]]]}},{"id":"8166","type":"Feature","properties":{},"geometry":{"type":"Polygon","coordinates":[[[-6.322133942764242,53.321902666348656],[-6.324916986955814,53.32068701201071],[-6.3262585486427225,53.322293648136544],[-6.323567510955802,53.323035877621535],[-6.32321908967709,53.32194291239982],[-6.322133942764242,53.321902666348656]]]}},{"id":"8184","type":"Feature","properties":{},"geometry":{"type":"Polygon","coordinates":[[[-6.271645714802906,53.35968949137586],[-6.2722271283470885,53.357699672158915],[-6.274824499398182,53.35796967554454],[-6.274639456357201,53.35848489314824],[-6.273856276180944,53.35835212842261],[-6.272353737972191,53.35971322653822],[-6.271645714802906,53.35968949137586]]]}},{"id":"8194","type":"Feature","properties":{},"geometry":{"type":"Polygon","coordinates":[[[-6.21573273236841,53.367164666829275],[-6.213296253278083,53.367416138405474],[-6.215696198757356,53.362585035443125],[-6.21660818518045,53.36277836893276],[-6.216182857902053,53.363607505231364],[-6.217255712557484,53.363852538232884],[-6.215677068752467,53.36631943399928],[-6.216168261718651,53.3666017159866],[-6.21573273236841,53.367164666829275]]]}},{"id":"8200","type":"Feature","properties":{},"geometry":{"type":"Polygon","coordinates":[[[-6.284751563084846,53.322287199982085],[-6.286364509959803,53.32093995306967],[-6.285472304055006,53.32063099129419],[-6.287722121615902,53.31985343544676],[-6.288707565613729,53.32078305295483],[-6.288656741292918,53.32209933354998],[-6.286175135649423,53.322859297902056],[-6.284751563084846,53.322287199982085]]]}},{"id":"8206","type":"Feature","properties":{},"geometry":{"type":"Polygon","coordinates":[[[-6.247730004420073,53.364645376341215],[-6.248651539448645,53.36417263010609],[-6.248271123616603,53.36325579618904],[-6.24932826561359,53.363345084347905],[-6.249174616759845,53.363837041087955],[-6.2516680462458,53.36318414820932],[-6.250934493083945,53.36398053919074],[-6.2501717233144785,53.363874433315374],[-6.250502632647798,53.36528473677985],[-6.24926286025146,53.36572585554382],[-6.247730004420073,53.364645376341215]]]}},{"id":"8218","type":"Feature","properties":{},"geometry":{"type":"Polygon","coordinates":[[[-6.190947813038644,53.366758684601265],[-6.192120037349842,53.36504608058466],[-6.195272545073247,53.36463008194601],[-6.194884107314753,53.36724294836077],[-6.190947813038644,53.366758684601265]]]}},{"id":"8234","type":"Feature","properties":{},"geometry":{"type":"Polygon","coordinates":[[[-6.258023296027406,53.39693475504847],[-6.2594610095008205,53.394418769192306],[-6.262540225116805,53.39527322553776],[-6.263960374499386,53.39499346212437],[-6.264143905364239,53.39680476754738],[-6.260273920968837,53.39476157736833],[-6.258023296027406,53.39693475504847]]]}},{"id":"8237","type":"Feature","properties":{},"geometry":{"type":"Polygon","coordinates":[[[-6.270042617050965,53.355822901915396],[-6.266944826724265,53.35552450296268],[-6.267441397620325,53.354993947717105],[-6.26660432264594,53.354659135714776],[-6.26738366556651,53.35438656595109],[-6.271227285775875,53.35530683542686],[-6.270290084607595,53.35525117099076],[-6.270042617050965,53.355822901915396]]]}},{"id":"8260","type":"Feature","properties":{},"geometry":{"type":"Polygon","coordinates":[[[-6.238116099113473,53.33615220772097],[-6.239256068502774,53.33580822692719],[-6.240032991655416,53.33637872775353],[-6.241167171810881,53.33575664871954],[-6.242084191624953,53.335960273715536],[-6.24389246412778,53.33442527784152],[-6.245462459394196,53.33424457285462],[-6.240332391492787,53.33754437799367],[-6.238116099113473,53.33615220772097]]]}},{"id":"8262","type":"Feature","properties":{},"geometry":{"type":"Polygon","coordinates":[[[-6.274599221212262,53.311902406825475],[-6.27782891265047,53.311319682779036],[-6.27809261560412,53.312082439640314],[-6.276989631558885,53.31234978947745],[-6.277181750688811,53.312903501674946],[-6.275214868859769,53.31325517344383],[-6.274599221212262,53.311902406825475]]]}},{"id":"8302","type":"Feature","properties":{},"geometry":{"type":"Polygon","coordinates":[[[-6.314668926477338,53.37637670639176],[-6.314897739199552,53.37573135419221],[-6.317149792870114,53.375762536720345],[-6.316694291035767,53.376611482860035],[-6.314668926477338,53.37637670639176]]]}},{"id":"8303","type":"Feature","properties":{},"geometry":{"type":"Polygon","coordinates":[[[-6.195213949046718,53.3912828246401],[-6.192188450434403,53.38943262380124],[-6.194415563740826,53.388537275275056],[-6.195465731317247,53.38944811543303],[-6.197238686204913,53.389722305748755],[-6.195213949046718,53.3912828246401]]]}},{"id":"8305","type":"Feature","properties":{},"geometry":{"type":"Polygon","coordinates":[[[-6.19838195973874,53.38876188151909],[-6.191948005871481,53.386933889680286],[-6.192673976660663,53.38639193339343],[-6.195102583264383,53.38740917322566],[-6.195392045281284,53.3864726615868],[-6.198913289565807,53.38833589876634],[-6.19838195973874,53.38876188151909]]]}},{"id":"8311","type":"Feature","properties":{},"geometry":{"type":"Polygon","coordinates":[[[-6.271650939078898,53.3519068556647],[-6.27088526511189,53.35060334630414],[-6.2724598507754825,53.35023880394163],[-6.273447192106252,53.35184497594862],[-6.271650939078898,53.3519068556647]]]}},{"id":"8321","type":"Feature","properties":{},"geometry":{"type":"Polygon","coordinates":[[[-6.249918618089844,53.35431430160161],[-6.2494257437141325,53.353693165018825],[-6.252604655899611,53.35300988202508],[-6.252963107812949,53.353654006156326],[-6.25450275627054,53.35332242578863],[-6.254982367408925,53.354124655171574],[-6.252124007511422,53.35484523477312],[-6.251546262133122,53.35395912569908],[-6.249918618089844,53.35431430160161]]]}},{"id":"8322","type":"Feature","properties":{},"geometry":{"type":"Polygon","coordinates":[[[-6.261224436118778,53.32324089228961],[-6.26231555628936,53.322955393362165],[-6.263875996209845,53.32271438572731],[-6.26387258262066,53.32333643226533],[-6.262168430176278,53.3238776175226],[-6.262692458017946,53.324543030169544],[-6.262001386110352,53.32462895627471],[-6.261224436118778,53.32324089228961]]]}},{"id":"8336","type":"Feature","properties":{},"geometry":{"type":"Polygon","coordinates":[[[-6.296604104140537,53.348184446210944],[-6.291930737282567,53.34800163456648],[-6.2918281887038585,53.347408167254066],[-6.295144471034288,53.34687935687145],[-6.295000210489811,53.347375980299624],[-6.296604104140537,53.348184446210944]]]}},{"id":"8353","type":"Feature","properties":{},"geometry":{"type":"Polygon","coordinates":[[[-6.372224870485181,53.33698378058772],[-6.363742277886856,53.335470261486456],[-6.363667237491643,53.33514642850194],[-6.368124102498308,53.33479978113412],[-6.369206153261408,53.33595436178087],[-6.372105786247671,53.33615593568456],[-6.372224870485181,53.33698378058772]]]}},{"id":"8365","type":"Feature","properties":{},"geometry":{"type":"Polygon","coordinates":[[[-6.3057213913850685,53.334492603556626],[-6.30978108095361,53.3342211920435],[-6.310940911088429,53.33538181739624],[-6.3121634015924935,53.33536571992984],[-6.312451676276971,53.336183442110595],[-6.306620599016432,53.33686354293713],[-6.3057213913850685,53.334492603556626]]]}},{"id":"8375","type":"Feature","properties":{},"geometry":{"type":"Polygon","coordinates":[[[-6.246474365930061,53.361312916881815],[-6.246343018905805,53.36027889958384],[-6.244500992427062,53.35998763568619],[-6.246030900880575,53.359077742386305],[-6.247698619141398,53.36060752883907],[-6.247420368789757,53.36139245483296],[-6.246474365930061,53.361312916881815]]]}},{"id":"8376","type":"Feature","properties":{},"geometry":{"type":"Polygon","coordinates":[[[-6.311609811635309,53.33954348986299],[-6.311168350369501,53.337927840115874],[-6.312607106911198,53.33770416384561],[-6.3130335808848885,53.339577166696714],[-6.311609811635309,53.33954348986299]]]}},{"id":"8393","type":"Feature","properties":{},"geometry":{"type":"Polygon","coordinates":[[[-6.301568019026369,53.319143246825114],[-6.303304133593446,53.318369399177236],[-6.305573305670471,53.32084721682517],[-6.3046623892165465,53.321141638977906],[-6.301568019026369,53.319143246825114]]]}},{"id":"8394","type":"Feature","properties":{},"geometry":{"type":"Polygon","coordinates":[[[-6.338917823152701,53.34239415505727],[-6.337453021966767,53.34075537867117],[-6.343256429707031,53.33962572935341],[-6.343604399333492,53.34017086633541],[-6.3447670357532635,53.33998277677278],[-6.345095761349391,53.340564322310655],[-6.34347319942582,53.341209308127674],[-6.3450168045445094,53.34172322840949],[-6.346627270503225,53.34126734145049],[-6.346832462304733,53.341895048965796],[-6.344284603413662,53.3419566983075],[-6.3424827506102215,53.34095871789012],[-6.342565778575734,53.341898235007584],[-6.338917823152701,53.34239415505727]]]}},{"id":"8396","type":"Feature","properties":{},"geometry":{"type":"Polygon","coordinates":[[[-6.232427798316224,53.37895040865277],[-6.2253936140887545,53.37746255636475],[-6.222964745411017,53.37679995206773],[-6.223240155485348,53.37649414292029],[-6.2329531396405615,53.37816077280654],[-6.232427798316224,53.37895040865277]]]}},{"id":"8397","type":"Feature","properties":{},"geometry":{"type":"Polygon","coordinates":[[[-6.292766644695324,53.33106917204051],[-6.290375159699355,53.3272557602425],[-6.293350975263543,53.33084628761499],[-6.292766644695324,53.33106917204051]]]}},{"id":"8402","type":"Feature","properties":{},"geometry":{"type":"Polygon","coordinates":[[[-6.2957599936260005,53.32419437846338],[-6.3000163576136,53.32261836508081],[-6.301288312335455,53.32403630025015],[-6.29829408651672,53.32402186245558],[-6.297430070260199,53.32444255258982],[-6.2957599936260005,53.32419437846338]]]}},{"id":"8404","type":"Feature","properties":{},"geometry":{"type":"Polygon","coordinates":[[[-6.335054450143575,53.34009728042527],[-6.336874544706845,53.33968042010333],[-6.337478275447802,53.34080260309769],[-6.335582717600846,53.341114644385755],[-6.335054450143575,53.34009728042527]]]}},{"id":"8406","type":"Feature","properties":{},"geometry":{"type":"Polygon","coordinates":[[[-6.2839359955363125,53.404943802845814],[-6.281799521186746,53.40343467435159],[-6.285045264994843,53.40380945109412],[-6.2850488923370325,53.40461111601194],[-6.2839359955363125,53.404943802845814]]]}},{"id":"8413","type":"Feature","properties":{},"geometry":{"type":"Polygon","coordinates":[[[-6.297735198148075,53.32725056285172],[-6.299288560633814,53.32754286567103],[-6.299501275101893,53.3281466529287],[-6.300968398953481,53.32781597139477],[-6.301526250087799,53.32844711339006],[-6.298179393085702,53.33011854602772],[-6.297735198148075,53.32725056285172]]]}},{"id":"8415","type":"Feature","properties":{},"geometry":{"type":"Polygon","coordinates":[[[-6.178078672926667,53.39824933909373],[-6.178193179729306,53.39753786013983],[-6.180307533912157,53.39763519335328],[-6.180109083136346,53.39851907426439],[-6.178078672926667,53.39824933909373]]]}},{"id":"8425","type":"Feature","properties":{},"geometry":{"type":"Polygon","coordinates":[[[-6.221995475591223,53.38926995706275],[-6.223314087470046,53.38748426732623],[-6.220954280975119,53.38689619631756],[-6.2226557726967515,53.387106367376525],[-6.225137545411214,53.385260620761294],[-6.226339249794319,53.385450948047506],[-6.2255877034892455,53.3863998963142],[-6.22794045767318,53.387414831495185],[-6.22710640718481,53.38834805733997],[-6.225730986568097,53.388904054119884],[-6.223688336592416,53.38816393656687],[-6.2232297837241966,53.389352394997914],[-6.221995475591223,53.38926995706275]]]}},{"id":"8435","type":"Feature","properties":{},"geometry":{"type":"Polygon","coordinates":[[[-6.153058065444919,53.40258576801114],[-6.152974928667382,53.40188298949741],[-6.155209751755998,53.40198034715381],[-6.155510322766866,53.40283521112315],[-6.153058065444919,53.40258576801114]]]}},{"id":"8439","type":"Feature","properties":{},"geometry":{"type":"Polygon","coordinates":[[[-6.209216491824052,53.39734174180137],[-6.212354239800062,53.39725180318175],[-6.2124197657030304,53.40005304771583],[-6.21086523523066,53.40046396593612],[-6.209216491824052,53.39734174180137]]]}},{"id":"8456","type":"Feature","properties":{},"geometry":{"type":"Polygon","coordinates":[[[-6.314658050310477,53.37639787234401],[-6.316694291035767,53.376611482860035],[-6.316369559948693,53.37725643796528],[-6.315331031232879,53.37706972615673],[-6.314658050310477,53.37639787234401]]]}},{"id":"8464","type":"Feature","properties":{},"geometry":{"type":"Polygon","coordinates":[[[-6.310761881702924,53.37645859765246],[-6.308458717174019,53.374800427489944],[-6.313018473311191,53.375319497330224],[-6.312168065209312,53.37588166526683],[-6.311033195854351,53.3757385552353],[-6.310761881702924,53.37645859765246]]]}},{"id":"8477","type":"Feature","properties":{},"geometry":{"type":"Polygon","coordinates":[[[-6.232377010678964,53.32974256651716],[-6.2312549103354,53.328643253826],[-6.2342797305537765,53.32544327219121],[-6.23872316557187,53.32331688426541],[-6.2407353862518935,53.324867161622535],[-6.232377010678964,53.32974256651716]]]}},{"id":"8482","type":"Feature","properties":{},"geometry":{"type":"Polygon","coordinates":[[[-6.2603699834028985,53.36458101776018],[-6.257140997075306,53.36419061964076],[-6.258316128143903,53.36295362322616],[-6.261006619200694,53.36380043270162],[-6.2603699834028985,53.36458101776018]]]}},{"id":"8487","type":"Feature","properties":{},"geometry":{"type":"Polygon","coordinates":[[[-6.285047380264535,53.33429858795228],[-6.282427858395593,53.33285214266151],[-6.284022922634342,53.33068906528808],[-6.286569544631351,53.331049179456066],[-6.285825409723254,53.332026793320246],[-6.287521200852724,53.3323912495129],[-6.286859879683641,53.3337725812857],[-6.285047380264535,53.33429858795228]]]}},{"id":"8490","type":"Feature","properties":{},"geometry":{"type":"Polygon","coordinates":[[[-6.287590209811845,53.34116217146565],[-6.287654367494987,53.3394208868053],[-6.289404749164975,53.338845278613206],[-6.290145363010861,53.34106899514587],[-6.287590209811845,53.34116217146565]]]}},{"id":"8495","type":"Feature","properties":{},"geometry":{"type":"Polygon","coordinates":[[[-6.2225317199684955,53.36553357698195],[-6.225572501284411,53.363825254518986],[-6.227914234119679,53.364143790276955],[-6.223272654957365,53.366183712583044],[-6.2225317199684955,53.36553357698195]]]}},{"id":"8518","type":"Feature","properties":{},"geometry":{"type":"Polygon","coordinates":[[[-6.256054029426266,53.35302489874615],[-6.257477733055676,53.35272404969206],[-6.2576140158230364,53.3529286327696],[-6.256602085639898,53.35379646482954],[-6.256054029426266,53.35302489874615]]]}},{"id":"8538","type":"Feature","properties":{},"geometry":{"type":"Polygon","coordinates":[[[-6.272133189757349,53.31480871399166],[-6.273012398938783,53.31358930851535],[-6.275552888079003,53.31386866601675],[-6.27572748167984,53.31420117173488],[-6.273649474551529,53.314417926368996],[-6.273353057948799,53.31509521520462],[-6.272133189757349,53.31480871399166]]]}},{"id":"8545","type":"Feature","properties":{},"geometry":{"type":"Polygon","coordinates":[[[-6.311128792697575,53.38579416207923],[-6.311212199686609,53.38380516701682],[-6.314387893633536,53.3838647622363],[-6.31743218469255,53.38455845535386],[-6.316938549496343,53.38533858077076],[-6.3127798367650225,53.38476265418855],[-6.312740076714303,53.38581137701804],[-6.311128792697575,53.38579416207923]]]}},{"id":"8551","type":"Feature","properties":{},"geometry":{"type":"Polygon","coordinates":[[[-6.195323778146005,53.36403544378466],[-6.195569554879322,53.36242822681974],[-6.205371074292455,53.363342946077324],[-6.205087390700083,53.364745686900086],[-6.195323778146005,53.36403544378466]]]}},{"id":"8566","type":"Feature","properties":{},"geometry":{"type":"Polygon","coordinates":[[[-6.270038514662644,53.40094623029465],[-6.267290064733928,53.40010367597628],[-6.267560075123153,53.39875071662736],[-6.2698361543031345,53.398775592187604],[-6.2700586179943585,53.39797081128581],[-6.273342323805704,53.3984319263389],[-6.2728150864137024,53.399642913528105],[-6.270112555921143,53.39935845382247],[-6.270038514662644,53.40094623029465]]]}},{"id":"8585","type":"Feature","properties":{},"geometry":{"type":"Polygon","coordinates":[[[-6.204223809221784,53.40510471895653],[-6.204167811856955,53.40224215111479],[-6.209393510685545,53.40326672729252],[-6.21568778300429,53.40287071493005],[-6.214845934928315,53.4033153807847],[-6.213518699122879,53.40311225911078],[-6.213383444007204,53.40414589786252],[-6.21096914316912,53.40438008591001],[-6.208994703744627,53.40396099023982],[-6.208970131636774,53.40356421013629],[-6.2064064357598285,53.4035200485235],[-6.206335328907828,53.40455884158978],[-6.204223809221784,53.40510471895653]]]}},{"id":"8587","type":"Feature","properties":{},"geometry":{"type":"Polygon","coordinates":[[[-6.239208087946519,53.319836226451336],[-6.240217535243888,53.318790231346334],[-6.241273476979273,53.31929153626535],[-6.241851791881935,53.318400884975645],[-6.24338675672803,53.31957272023536],[-6.240558113853132,53.32100430714567],[-6.239208087946519,53.319836226451336]]]}},{"id":"8588","type":"Feature","properties":{},"geometry":{"type":"Polygon","coordinates":[[[-6.271324762895995,53.3607000188794],[-6.272413315712139,53.359386653374266],[-6.273173590858904,53.359440081796066],[-6.273958720985947,53.36058741719793],[-6.275260682011204,53.35989134005604],[-6.27677437783328,53.36024652286939],[-6.274727603142014,53.360770145648445],[-6.271324762895995,53.3607000188794]]]}},{"id":"8595","type":"Feature","properties":{},"geometry":{"type":"Polygon","coordinates":[[[-6.250894690726198,53.31799853023737],[-6.2505136955445595,53.3164935813037],[-6.2513169732419,53.315102982180605],[-6.252855352934166,53.31486375592486],[-6.253661407081206,53.317441861619066],[-6.250894690726198,53.31799853023737]]]}},{"id":"8596","type":"Feature","properties":{},"geometry":{"type":"Polygon","coordinates":[[[-6.275826583452426,53.36505112974957],[-6.275196198676743,53.36464176342833],[-6.275890145095711,53.36340639572415],[-6.273087516099494,53.36259617661122],[-6.280122024654038,53.36379581489137],[-6.279878647064866,53.36446382312205],[-6.276715607317316,53.36415070287973],[-6.275826583452426,53.36505112974957]]]}},{"id":"8597","type":"Feature","properties":{},"geometry":{"type":"Polygon","coordinates":[[[-6.284883647769602,53.39688228403084],[-6.2803759116799,53.39586852391237],[-6.280881481696128,53.39488821132667],[-6.28007033590593,53.394302129526814],[-6.281079317195406,53.393434812298175],[-6.284045573990983,53.39401217740801],[-6.282894218892211,53.395860005377635],[-6.284883647769602,53.39688228403084]]]}},{"id":"8614","type":"Feature","properties":{},"geometry":{"type":"Polygon","coordinates":[[[-6.205158141836615,53.37779213449212],[-6.205069546783172,53.375503569764454],[-6.207815942070921,53.375140278322235],[-6.2064257077371074,53.375680244592786],[-6.206646149479631,53.377358372714795],[-6.207929478828815,53.37810835881141],[-6.206845693224616,53.37926304664275],[-6.205865206631976,53.37879645929871],[-6.206766750494709,53.37810008000064],[-6.205158141836615,53.37779213449212]]]}},{"id":"8625","type":"Feature","properties":{},"geometry":{"type":"Polygon","coordinates":[[[-6.163283184378535,53.40822004045367],[-6.158109757448747,53.407857162773105],[-6.158114773663938,53.407210197652084],[-6.155852400217439,53.40695478672955],[-6.15693391358229,53.40544353863255],[-6.158126481706246,53.40580748580099],[-6.158134181037553,53.40497724079916],[-6.156919732009501,53.404823531671134],[-6.1573116558332925,53.404034207953366],[-6.158146579077222,53.40411376698581],[-6.158167571710825,53.40281075981952],[-6.16260608089945,53.40263745685281],[-6.163283184378535,53.40822004045367]]]}},{"id":"8653","type":"Feature","properties":{},"geometry":{"type":"Polygon","coordinates":[[[-6.376745911047414,53.33812340687176],[-6.3766868775913705,53.33969818592274],[-6.379619894379935,53.339812244035095],[-6.380035340985082,53.34163885625535],[-6.372968305705086,53.341921524980435],[-6.372749346309854,53.34248534721681],[-6.372355699077887,53.339771811454035],[-6.3744559672059795,53.3377407081172],[-6.376745911047414,53.33812340687176]]]}},{"id":"8670","type":"Feature","properties":{},"geometry":{"type":"Polygon","coordinates":[[[-6.27632281617153,53.382533889463076],[-6.276169261242087,53.38003295953978],[-6.277662266696578,53.38085783824328],[-6.281530519750927,53.38112174130753],[-6.280551521699737,53.38224563508485],[-6.2786573640272,53.38196783600936],[-6.277959755238804,53.38255289818886],[-6.27632281617153,53.382533889463076]]]}},{"id":"8688","type":"Feature","properties":{},"geometry":{"type":"Polygon","coordinates":[[[-6.243750205491177,53.34926455803603],[-6.245261192469817,53.34936245187857],[-6.2451790178604,53.34992873587274],[-6.243661656330586,53.349854242269316],[-6.243750205491177,53.34926455803603]]]}},{"id":"8704","type":"Feature","properties":{},"geometry":{"type":"Polygon","coordinates":[[[-6.2849742766882475,53.38442324312284],[-6.279877437233264,53.383651627975354],[-6.28437481460518,53.38333886886624],[-6.2849742766882475,53.38442324312284]]]}},{"id":"8705","type":"Feature","properties":{},"geometry":{"type":"Polygon","coordinates":[[[-6.315041505851557,53.36711730374793],[-6.315370949821285,53.366295397440595],[-6.31371455685568,53.36519535597303],[-6.314114303372225,53.364355564205525],[-6.313361179194097,53.364290032326075],[-6.313660888583838,53.363041068569004],[-6.321756008883871,53.36544586342568],[-6.321582559433199,53.36597865075997],[-6.31948346311925,53.3654932557139],[-6.31812011859494,53.367799417535366],[-6.315041505851557,53.36711730374793]]]}},{"id":"8706","type":"Feature","properties":{},"geometry":{"type":"Polygon","coordinates":[[[-6.280289184483418,53.365321412814225],[-6.280122024654038,53.36379581489137],[-6.281494130595204,53.363947849868154],[-6.283959175877845,53.366954883328745],[-6.279317468528338,53.36592777958492],[-6.280289184483418,53.365321412814225]]]}},{"id":"8731","type":"Feature","properties":{},"geometry":{"type":"Polygon","coordinates":[[[-6.229282693898668,53.335865510660526],[-6.230765281241556,53.335362949188564],[-6.231192729671981,53.33565038383098],[-6.230905042843466,53.337357384202065],[-6.2295697850175245,53.33743823423767],[-6.229282693898668,53.335865510660526]]]}},{"id":"8732","type":"Feature","properties":{},"geometry":{"type":"Polygon","coordinates":[[[-6.303304133593446,53.318369399177236],[-6.305752489773305,53.31721775560008],[-6.306596084354963,53.31735670130239],[-6.30884033855251,53.319455371570776],[-6.305573305670471,53.32084721682517],[-6.303304133593446,53.318369399177236]]]}},{"id":"8742","type":"Feature","properties":{},"geometry":{"type":"Polygon","coordinates":[[[-6.263776994947173,53.34418059186663],[-6.264784692293045,53.34414957461132],[-6.264917720631564,53.34542956461464],[-6.2634238929831145,53.34557448835871],[-6.263776994947173,53.34418059186663]]]}},{"id":"8743","type":"Feature","properties":{},"geometry":{"type":"Polygon","coordinates":[[[-6.240264256456685,53.356351156375375],[-6.242455710636995,53.355202658489524],[-6.244268433230383,53.35653179643513],[-6.242725657744019,53.35753481929474],[-6.240264256456685,53.356351156375375]]]}},{"id":"8754","type":"Feature","properties":{},"geometry":{"type":"Polygon","coordinates":[[[-6.201604555618248,53.370178224611855],[-6.202385873364022,53.368105505605726],[-6.198378992198494,53.367576913175576],[-6.199077810985602,53.36626124779622],[-6.204182678772197,53.36689247064183],[-6.202887650658739,53.37032943616804],[-6.201604555618248,53.370178224611855]]]}},{"id":"8760","type":"Feature","properties":{},"geometry":{"type":"Polygon","coordinates":[[[-6.258684020362579,53.3284905068447],[-6.2581368545486225,53.32708999428827],[-6.261384227356851,53.32679136242413],[-6.262452601776698,53.32862595763288],[-6.258684020362579,53.3284905068447]]]}},{"id":"8762","type":"Feature","properties":{},"geometry":{"type":"Polygon","coordinates":[[[-6.294563721078398,53.338289928166894],[-6.294709613710287,53.3365808540291],[-6.296183835328894,53.33699874154198],[-6.295909777448239,53.33812796315436],[-6.294563721078398,53.338289928166894]]]}},{"id":"8766","type":"Feature","properties":{},"geometry":{"type":"Polygon","coordinates":[[[-6.348754260615019,53.342058909392286],[-6.347843202507297,53.33828406115534],[-6.351012265652575,53.33798851845398],[-6.351190920680577,53.338632344688],[-6.348748560567381,53.33862063112198],[-6.349497285392706,53.34171530611715],[-6.351141889344076,53.34149785097543],[-6.351319195451686,53.34217236991485],[-6.348754260615019,53.342058909392286]]]}},{"id":"8781","type":"Feature","properties":{},"geometry":{"type":"Polygon","coordinates":[[[-6.3065462804774,53.38512099040432],[-6.309211590836237,53.3834859744818],[-6.311212199686609,53.38380516701682],[-6.3111598303816585,53.3851274406064],[-6.308473147235433,53.3849525361527],[-6.307490400012911,53.38556289328469],[-6.3065462804774,53.38512099040432]]]}},{"id":"8790","type":"Feature","properties":{},"geometry":{"type":"Polygon","coordinates":[[[-6.277007976362978,53.34416618848297],[-6.275255072188827,53.34351505559336],[-6.276129736305287,53.34308979681147],[-6.277007976362978,53.34416618848297]]]}},{"id":"8792","type":"Feature","properties":{},"geometry":{"type":"Polygon","coordinates":[[[-6.282575022984122,53.34663621481367],[-6.28238308098225,53.34561441149886],[-6.282655241799546,53.34620310035387],[-6.28435424281522,53.346042156276475],[-6.2840323530214075,53.34676196924741],[-6.282575022984122,53.34663621481367]]]}},{"id":"8801","type":"Feature","properties":{},"geometry":{"type":"Polygon","coordinates":[[[-6.310425466938269,53.363020263423174],[-6.309343202378129,53.36195968988574],[-6.310464319617746,53.361561392036876],[-6.314200874583153,53.36304053697581],[-6.310425466938269,53.363020263423174]]]}},{"id":"8807","type":"Feature","properties":{},"geometry":{"type":"Polygon","coordinates":[[[-6.236694542154058,53.38287792106645],[-6.2343103287881,53.38094739778009],[-6.235111660661091,53.3804416431476],[-6.237751845917608,53.38144799912489],[-6.236694542154058,53.38287792106645]]]}},{"id":"8808","type":"Feature","properties":{},"geometry":{"type":"Polygon","coordinates":[[[-6.164850735473079,53.39462214716792],[-6.167306694561588,53.39267746401824],[-6.16910347373575,53.39287699969286],[-6.169137138209907,53.39396571474594],[-6.16814840828473,53.39466561775326],[-6.166379406139568,53.39534640178029],[-6.164850735473079,53.39462214716792]]]}},{"id":"8829","type":"Feature","properties":{},"geometry":{"type":"Polygon","coordinates":[[[-6.330204117720941,53.37155284397341],[-6.330997234400088,53.370577129297594],[-6.32965524182426,53.37019896042302],[-6.329787023174849,53.36978378011421],[-6.333794579095432,53.370830930993144],[-6.331833368918997,53.3720903341995],[-6.330204117720941,53.37155284397341]]]}},{"id":"8841","type":"Feature","properties":{},"geometry":{"type":"Polygon","coordinates":[[[-6.26487185285606,53.332593038277004],[-6.266940992225928,53.33251765863462],[-6.266990263134681,53.33408891407667],[-6.265303227454621,53.33412876723145],[-6.26487185285606,53.332593038277004]]]}},{"id":"8842","type":"Feature","properties":{},"geometry":{"type":"Polygon","coordinates":[[[-6.306620599016432,53.33686354293713],[-6.299975194789346,53.334481133921024],[-6.301330608006815,53.33391881410627],[-6.303034431077145,53.33457208424599],[-6.3057213913850685,53.334492603556626],[-6.306620599016432,53.33686354293713]]]}},{"id":"8845","type":"Feature","properties":{},"geometry":{"type":"Polygon","coordinates":[[[-6.318791863687093,53.37235770185332],[-6.318755602570994,53.3709236678802],[-6.317507747111905,53.37061084426653],[-6.317757923519994,53.370134573385634],[-6.319465928892647,53.36984057872964],[-6.321764420047588,53.37036235570634],[-6.321410349329379,53.37194733491989],[-6.322193081506509,53.37234194018873],[-6.318791863687093,53.37235770185332]]]}},{"id":"8862","type":"Feature","properties":{},"geometry":{"type":"Polygon","coordinates":[[[-6.256569175561987,53.36496180414241],[-6.257140997075306,53.36419061964076],[-6.258838992696557,53.364619224851644],[-6.258130023409183,53.365451807565925],[-6.256569175561987,53.36496180414241]]]}},{"id":"8876","type":"Feature","properties":{},"geometry":{"type":"Polygon","coordinates":[[[-6.348116117325704,53.35112725129211],[-6.349596651187368,53.351450670120165],[-6.351143972209444,53.35067095404496],[-6.353344144880742,53.35119386128553],[-6.352662371250325,53.35372948687536],[-6.350941643668353,53.35378562261747],[-6.349733205957358,53.35325812850706],[-6.348116117325704,53.35112725129211]]]}},{"id":"8887","type":"Feature","properties":{},"geometry":{"type":"Polygon","coordinates":[[[-6.23410144790298,53.338437508645924],[-6.234509185091038,53.33895761224514],[-6.234051752272801,53.33931306473721],[-6.233086778763196,53.33894885856679],[-6.23410144790298,53.338437508645924]]]}},{"id":"8896","type":"Feature","properties":{},"geometry":{"type":"Polygon","coordinates":[[[-6.2737445849104345,53.3421507201374],[-6.275178284161628,53.34189795722651],[-6.27620699327031,53.343060380517436],[-6.275576300524097,53.343366496849434],[-6.2737445849104345,53.3421507201374]]]}},{"id":"8901","type":"Feature","properties":{},"geometry":{"type":"Polygon","coordinates":[[[-6.220408841746168,53.335839785374965],[-6.218407471787505,53.334549778035615],[-6.2206207290234765,53.333812910601864],[-6.221781271457618,53.3340768425725],[-6.221927096659697,53.33604749110019],[-6.220408841746168,53.335839785374965]]]}},{"id":"8905","type":"Feature","properties":{},"geometry":{"type":"Polygon","coordinates":[[[-6.2301075664539205,53.32234704527736],[-6.231396137528419,53.319623297794955],[-6.233628065110444,53.323180241953324],[-6.233346906123801,53.32460340940761],[-6.230448441102351,53.32435799644922],[-6.2301075664539205,53.32234704527736]]]}},{"id":"8916","type":"Feature","properties":{},"geometry":{"type":"Polygon","coordinates":[[[-6.306621309632806,53.39785792762375],[-6.302179233333932,53.393191337883685],[-6.300164313157258,53.388968583781626],[-6.303475968998513,53.391604438159945],[-6.306381011534179,53.39526427205292],[-6.306621309632806,53.39785792762375]]]}},{"id":"8928","type":"Feature","properties":{},"geometry":{"type":"Polygon","coordinates":[[[-6.227749421948447,53.39308566060017],[-6.2277250989062445,53.39109163186303],[-6.229899189500907,53.39132202550867],[-6.2293159952715325,53.39336434186712],[-6.227749421948447,53.39308566060017]]]}},{"id":"8930","type":"Feature","properties":{},"geometry":{"type":"Polygon","coordinates":[[[-6.3359735652013685,53.332406690343234],[-6.338088745645428,53.330245073661935],[-6.3395366496470995,53.331315460520244],[-6.341949634156058,53.331625530287575],[-6.3456682891366905,53.330896188013156],[-6.346463601635213,53.332193409160084],[-6.336771781694768,53.333337648807664],[-6.3359735652013685,53.332406690343234]]]}},{"id":"8931","type":"Feature","properties":{},"geometry":{"type":"Polygon","coordinates":[[[-6.234111842671544,53.39119303836708],[-6.234524261264065,53.39041854145802],[-6.236415822780091,53.38992366688309],[-6.240439678031773,53.390000676584144],[-6.240685799362867,53.39090420902664],[-6.234111842671544,53.39119303836708]]]}},{"id":"8942","type":"Feature","properties":{},"geometry":{"type":"Polygon","coordinates":[[[-6.2573608652840855,53.35896251454692],[-6.256505380756794,53.35767102076331],[-6.25700653462515,53.35748956517409],[-6.258713902089863,53.359236700044],[-6.2573608652840855,53.35896251454692]]]}},{"id":"8944","type":"Feature","properties":{},"geometry":{"type":"Polygon","coordinates":[[[-6.263084292404444,53.40031461606794],[-6.256219668199649,53.39933268710451],[-6.256759080571142,53.39836653966662],[-6.2617004208135,53.399951579461465],[-6.2618680276624605,53.399596691474294],[-6.262995731734108,53.399815390285774],[-6.263084292404444,53.40031461606794]]]}},{"id":"8945","type":"Feature","properties":{},"geometry":{"type":"Polygon","coordinates":[[[-6.250528483325191,53.313028687564625],[-6.249796749930353,53.31176216000553],[-6.248946280566306,53.311664360690244],[-6.248710198077896,53.312364407908696],[-6.246418874222935,53.31204545645742],[-6.247713986523699,53.310479497178875],[-6.248455862582255,53.31111040128884],[-6.248799624778754,53.31057671410213],[-6.249689306115308,53.31089016011071],[-6.251729764527674,53.31052014044328],[-6.252206419917435,53.31262553251595],[-6.250528483325191,53.313028687564625]]]}},{"id":"8949","type":"Feature","properties":{},"geometry":{"type":"Polygon","coordinates":[[[-6.2543620444584045,53.357070062925246],[-6.255994200451269,53.35647213228995],[-6.25700653462515,53.35748956517409],[-6.255290428675555,53.3581180282629],[-6.2543620444584045,53.357070062925246]]]}},{"id":"8950","type":"Feature","properties":{},"geometry":{"type":"Polygon","coordinates":[[[-6.235257350738746,53.33925699504996],[-6.23558718984359,53.33855659993448],[-6.236669496296803,53.339117230574594],[-6.236540875466318,53.339719432367666],[-6.235257350738746,53.33925699504996]]]}},{"id":"8961","type":"Feature","properties":{},"geometry":{"type":"Polygon","coordinates":[[[-6.258713902089863,53.359236700044],[-6.257369211291974,53.357863662166864],[-6.259502770963615,53.35719616599052],[-6.260755634508726,53.35843204278],[-6.258713902089863,53.359236700044]]]}},{"id":"8964","type":"Feature","properties":{},"geometry":{"type":"Polygon","coordinates":[[[-6.281255286260706,53.31601315967043],[-6.2822351913073495,53.314880867712105],[-6.283464674805339,53.3152552534406],[-6.28330421120245,53.31565918925968],[-6.281255286260706,53.31601315967043]]]}},{"id":"8968","type":"Feature","properties":{},"geometry":{"type":"Polygon","coordinates":[[[-6.274594291351195,53.340998657173536],[-6.277128080521614,53.34054383246267],[-6.277555551304017,53.34145366823416],[-6.275059595049949,53.34171190429626],[-6.274594291351195,53.340998657173536]]]}},{"id":"8977","type":"Feature","properties":{},"geometry":{"type":"Polygon","coordinates":[[[-6.245568664719143,53.350894802635025],[-6.2457338681753365,53.349996180827034],[-6.246213622055121,53.35002097624344],[-6.246638445785414,53.35111142176033],[-6.245568664719143,53.350894802635025]]]}},{"id":"8981","type":"Feature","properties":{},"geometry":{"type":"Polygon","coordinates":[[[-6.26478348479086,53.33228132098272],[-6.265188830188141,53.331807762767305],[-6.266890291980211,53.33198830349499],[-6.266940992225928,53.33251765863462],[-6.26478348479086,53.33228132098272]]]}},{"id":"8982","type":"Feature","properties":{},"geometry":{"type":"Polygon","coordinates":[[[-6.262287938234253,53.319069100821785],[-6.264405045399483,53.318796567057696],[-6.2645426417221,53.31921910654078],[-6.262876609886699,53.319531181661404],[-6.262287938234253,53.319069100821785]]]}},{"id":"8991","type":"Feature","properties":{},"geometry":{"type":"Polygon","coordinates":[[[-6.238081136258096,53.37229012809535],[-6.2384692816745835,53.37099428081754],[-6.24119761453223,53.37235905367634],[-6.243833648489191,53.37220806247551],[-6.243114517537474,53.37384498699105],[-6.238081136258096,53.37229012809535]]]}},{"id":"8997","type":"Feature","properties":{},"geometry":{"type":"Polygon","coordinates":[[[-6.317149792870114,53.375762536720345],[-6.31084371788807,53.37503556512523],[-6.311038979460587,53.37284272008813],[-6.3150650021948005,53.37245508131273],[-6.314499604206927,53.37337663697901],[-6.316492017497842,53.373457446458836],[-6.3165257822769485,53.37552746354918],[-6.317149792870114,53.375762536720345]]]}},{"id":"9001","type":"Feature","properties":{},"geometry":{"type":"Polygon","coordinates":[[[-6.277995226107424,53.33984475514416],[-6.279586279805873,53.33885340296848],[-6.279998457991568,53.339351947850055],[-6.277995226107424,53.33984475514416]]]}},{"id":"9025","type":"Feature","properties":{},"geometry":{"type":"Polygon","coordinates":[[[-6.286928785421742,53.405331179195535],[-6.286658926854432,53.403920936667156],[-6.2894289798771394,53.40413028950289],[-6.289113527492957,53.40548885244813],[-6.286928785421742,53.405331179195535]]]}},{"id":"9030","type":"Feature","properties":{},"geometry":{"type":"Polygon","coordinates":[[[-6.268758980022364,53.35309102243641],[-6.269064065316156,53.35219734038483],[-6.271061105439303,53.352821279360164],[-6.271650939078898,53.3519068556647],[-6.273447192106252,53.35184497594862],[-6.272534347569432,53.354080942537145],[-6.268758980022364,53.35309102243641]]]}},{"id":"9039","type":"Feature","properties":{},"geometry":{"type":"Polygon","coordinates":[[[-6.1697776148892105,53.39680160753479],[-6.170755277399513,53.396369027461965],[-6.174864934305393,53.3970548400842],[-6.172547504800694,53.39888352241549],[-6.17101384626914,53.397032901051844],[-6.1697776148892105,53.39680160753479]]]}},{"id":"9057","type":"Feature","properties":{},"geometry":{"type":"Polygon","coordinates":[[[-6.233899726005285,53.393810988103986],[-6.234200145229971,53.39308280470937],[-6.2368321942385565,53.39213748041907],[-6.240488180294812,53.39177837993174],[-6.2403326626743585,53.3925018307381],[-6.237633133952554,53.39370313198074],[-6.236842805180836,53.39340448043207],[-6.233899726005285,53.393810988103986]]]}},{"id":"9076","type":"Feature","properties":{},"geometry":{"type":"Polygon","coordinates":[[[-6.175157297078601,53.38034263448323],[-6.168981019899328,53.37986265244922],[-6.1643961375558,53.38007196357584],[-6.1642143746895774,53.379686108626714],[-6.16885812595612,53.37937592564273],[-6.1737798903069825,53.37993685352531],[-6.1745710261719156,53.37932999391436],[-6.169327978972748,53.377463470284376],[-6.170138736256352,53.376794438561],[-6.17567847368793,53.378931403328274],[-6.175157297078601,53.38034263448323]]]}},{"id":"9079","type":"Feature","properties":{},"geometry":{"type":"Polygon","coordinates":[[[-6.307615005126063,53.31609384742619],[-6.3084697512267045,53.31536175847788],[-6.309732693261622,53.31536073398472],[-6.3096858671760225,53.31377005901502],[-6.311941161851658,53.31447952208031],[-6.311706366551341,53.315636255362996],[-6.30860932066945,53.31618158217926],[-6.308797391467985,53.316614967286974],[-6.307615005126063,53.31609384742619]]]}},{"id":"9080","type":"Feature","properties":{},"geometry":{"type":"Polygon","coordinates":[[[-6.237632657388272,53.369539929956964],[-6.238309564832271,53.36771498313142],[-6.239803210825014,53.36769209212161],[-6.238700586894037,53.37044980656549],[-6.237632657388272,53.369539929956964]]]}},{"id":"9086","type":"Feature","properties":{},"geometry":{"type":"Polygon","coordinates":[[[-6.208538746034856,53.404924370001986],[-6.208994703744627,53.40396099023982],[-6.212767616298265,53.404194239781596],[-6.21260450407404,53.40594450416079],[-6.208538746034856,53.404924370001986]]]}},{"id":"9101","type":"Feature","properties":{},"geometry":{"type":"Polygon","coordinates":[[[-6.209036892296163,53.39054967406391],[-6.210405637134142,53.38931680943307],[-6.213992258302501,53.389739895632374],[-6.214098584393001,53.39102920607025],[-6.213044656668937,53.39072716119322],[-6.212665751215974,53.391263004311924],[-6.209036892296163,53.39054967406391]]]}},{"id":"9104","type":"Feature","properties":{},"geometry":{"type":"Polygon","coordinates":[[[-6.238175666088268,53.352428078560614],[-6.233523015351157,53.35145374028887],[-6.234995268537941,53.35021566019153],[-6.23712635907082,53.350358978865614],[-6.238175666088268,53.352428078560614]]]}},{"id":"9111","type":"Feature","properties":{},"geometry":{"type":"Polygon","coordinates":[[[-6.182008662848801,53.367087568601214],[-6.176732768542983,53.36530159053997],[-6.178192949194913,53.36433830850768],[-6.182344682323756,53.366144019213564],[-6.182008662848801,53.367087568601214]]]}},{"id":"9116","type":"Feature","properties":{},"geometry":{"type":"Polygon","coordinates":[[[-6.283641919550403,53.38231549772638],[-6.28491707262601,53.38014415433766],[-6.286914121383695,53.38017680749809],[-6.286226129873404,53.38377841994514],[-6.283641919550403,53.38231549772638]]]}},{"id":"9120","type":"Feature","properties":{},"geometry":{"type":"Polygon","coordinates":[[[-6.2750178609958684,53.34706301141028],[-6.275448345461334,53.346149060508836],[-6.277038667102029,53.34686706811974],[-6.276952860992205,53.347096759978314],[-6.2750178609958684,53.34706301141028]]]}},{"id":"9132","type":"Feature","properties":{},"geometry":{"type":"Polygon","coordinates":[[[-6.224034254094209,53.3142194586915],[-6.220358502227005,53.31100798857266],[-6.2233212184602005,53.311588829460234],[-6.226854637497695,53.31116305297883],[-6.227886117185308,53.31184341236706],[-6.224034254094209,53.3142194586915]]]}},{"id":"9141","type":"Feature","properties":{},"geometry":{"type":"Polygon","coordinates":[[[-6.264567465358775,53.338385266874205],[-6.2645653395678185,53.337592223134514],[-6.265802808923763,53.337612087668035],[-6.265935910281296,53.3391697307185],[-6.264567465358775,53.338385266874205]]]}},{"id":"9144","type":"Feature","properties":{},"geometry":{"type":"Polygon","coordinates":[[[-6.294058300431958,53.38085960757694],[-6.295325751243056,53.38053694481597],[-6.296295436838114,53.38116480680674],[-6.297404863894274,53.38099205133179],[-6.298406993142849,53.38237209811054],[-6.297843099728651,53.38190498591471],[-6.2943994776846255,53.38257198246748],[-6.294058300431958,53.38085960757694]]]}},{"id":"9163","type":"Feature","properties":{},"geometry":{"type":"Polygon","coordinates":[[[-6.284780467258491,53.352083932847826],[-6.28690575439271,53.351194401509204],[-6.287082320425603,53.35135881158716],[-6.285418083475557,53.35258442995132],[-6.284780467258491,53.352083932847826]]]}},{"id":"9167","type":"Feature","properties":{},"geometry":{"type":"Polygon","coordinates":[[[-6.2690604133415775,53.40166930416023],[-6.269925633495008,53.401744537671576],[-6.270112555921143,53.39935845382247],[-6.2728150864137024,53.399642913528105],[-6.2723703370699715,53.400731066411566],[-6.27372977988101,53.40119659200201],[-6.272394894265969,53.40225703060292],[-6.273738900192029,53.40290480701105],[-6.2690604133415775,53.40166930416023]]]}},{"id":"9179","type":"Feature","properties":{},"geometry":{"type":"Polygon","coordinates":[[[-6.236845490936703,53.36942578415019],[-6.237427085974256,53.36722253513976],[-6.239873863508424,53.367469887475174],[-6.238309564832271,53.36771498313142],[-6.237632657388272,53.369539929956964],[-6.236845490936703,53.36942578415019]]]}},{"id":"9180","type":"Feature","properties":{},"geometry":{"type":"Polygon","coordinates":[[[-6.241366381734448,53.35197112247987],[-6.242259763536538,53.35143503123806],[-6.243963210769132,53.35268463874916],[-6.2436334378903195,53.35290138718459],[-6.241366381734448,53.35197112247987]]]}},{"id":"9186","type":"Feature","properties":{},"geometry":{"type":"Polygon","coordinates":[[[-6.2325330115592426,53.32976209940774],[-6.233964585354922,53.32838214479447],[-6.235029104679163,53.32897563313039],[-6.239735323401827,53.32774032552176],[-6.240272324906404,53.328365906545564],[-6.234590227599073,53.33003955811957],[-6.2325330115592426,53.32976209940774]]]}},{"id":"9200","type":"Feature","properties":{},"geometry":{"type":"Polygon","coordinates":[[[-6.279482213998952,53.30980580006129],[-6.277110066026866,53.31052100482776],[-6.276454286167036,53.30947546655488],[-6.278689762956836,53.30901321520025],[-6.279482213998952,53.30980580006129]]]}},{"id":"9201","type":"Feature","properties":{},"geometry":{"type":"Polygon","coordinates":[[[-6.184041029890924,53.39556655709982],[-6.184880993442612,53.394475569377256],[-6.186833538139142,53.39507600066356],[-6.188899997550071,53.39339579454767],[-6.189884910903476,53.394036802749085],[-6.187733387876821,53.39610464335573],[-6.184041029890924,53.39556655709982]]]}},{"id":"9203","type":"Feature","properties":{},"geometry":{"type":"Polygon","coordinates":[[[-6.245778264907956,53.32271054286856],[-6.247140997101778,53.32230477036457],[-6.248004393735702,53.32343496348641],[-6.246730273658266,53.32393641431519],[-6.245778264907956,53.32271054286856]]]}},{"id":"9213","type":"Feature","properties":{},"geometry":{"type":"Polygon","coordinates":[[[-6.172217519295377,53.401662284429605],[-6.172389427275094,53.399475579578045],[-6.173491642957883,53.39948472865635],[-6.174718282641013,53.400366039817015],[-6.172816851488517,53.40015213639058],[-6.172735016980852,53.400532700945064],[-6.174936878907903,53.40077147635533],[-6.17569753241324,53.401427545119304],[-6.174303417593141,53.40097316455807],[-6.174248828133846,53.40177667108119],[-6.172217519295377,53.401662284429605]]]}},{"id":"9216","type":"Feature","properties":{},"geometry":{"type":"Polygon","coordinates":[[[-6.289953731643516,53.31681199215998],[-6.291484545076575,53.31520033839739],[-6.2945695839854,53.31605840145092],[-6.292822747874285,53.31750000055801],[-6.291058552713332,53.316592266574226],[-6.289953731643516,53.31681199215998]]]}},{"id":"9220","type":"Feature","properties":{},"geometry":{"type":"Polygon","coordinates":[[[-6.3000163576136,53.32261836508081],[-6.302978124137225,53.32168476502916],[-6.303621007092042,53.321751055980215],[-6.301288312335455,53.32403630025015],[-6.3000163576136,53.32261836508081]]]}},{"id":"9231","type":"Feature","properties":{},"geometry":{"type":"Polygon","coordinates":[[[-6.2551310372118,53.35173422087638],[-6.254413197239539,53.35073481267935],[-6.258179891610675,53.35014800123242],[-6.258493685570066,53.35131016950523],[-6.25679633010153,53.351581190948224],[-6.257477733055676,53.35272404969206],[-6.25663669247808,53.352901774549245],[-6.255688726698476,53.35158703361598],[-6.2551310372118,53.35173422087638]]]}},{"id":"9243","type":"Feature","properties":{},"geometry":{"type":"Polygon","coordinates":[[[-6.216525522329361,53.33924375414882],[-6.218197146140554,53.33987260359681],[-6.218971339423995,53.339582287047534],[-6.221378206205808,53.33997570877892],[-6.217604965045328,53.34220211360851],[-6.216530439800806,53.34156490901269],[-6.2133949072222245,53.341165926692206],[-6.216525522329361,53.33924375414882]]]}},{"id":"9254","type":"Feature","properties":{},"geometry":{"type":"Polygon","coordinates":[[[-6.3003253886704,53.37114060036372],[-6.300620691377427,53.36773271670525],[-6.300035244105872,53.36735857461281],[-6.298364880235651,53.36776474713441],[-6.297321497841099,53.36722621496112],[-6.301302496936734,53.367354005989746],[-6.3003253886704,53.37114060036372]]]}},{"id":"9275","type":"Feature","properties":{},"geometry":{"type":"Polygon","coordinates":[[[-6.182344682323756,53.366144019213564],[-6.181524122329481,53.365598679279735],[-6.181892353619205,53.36496820441304],[-6.186876748407183,53.36550774321116],[-6.186654138390711,53.3640165362805],[-6.190324732423603,53.364316530899806],[-6.189809599428663,53.365857040620135],[-6.1883160189745325,53.365824460476155],[-6.186487465889267,53.36676771547263],[-6.184006674904747,53.3664953698416],[-6.183552466568161,53.365626408089845],[-6.182344682323756,53.366144019213564]]]}},{"id":"9279","type":"Feature","properties":{},"geometry":{"type":"Polygon","coordinates":[[[-6.180562681390516,53.379426645331804],[-6.182005087433374,53.38016091194337],[-6.188192190836216,53.37907099454042],[-6.195307668521174,53.376442292870024],[-6.1957777267183465,53.376904785254226],[-6.191862480088834,53.37854937346261],[-6.181627111291222,53.3806845736214],[-6.180461102025016,53.38010229318415],[-6.180562681390516,53.379426645331804]]]}},{"id":"9304","type":"Feature","properties":{},"geometry":{"type":"Polygon","coordinates":[[[-6.247713986523699,53.310479497178875],[-6.249002042370421,53.30834919727254],[-6.2514086377109095,53.30801159614112],[-6.251729764527674,53.31052014044328],[-6.249689306115308,53.31089016011071],[-6.248799624778754,53.31057671410213],[-6.248455862582255,53.31111040128884],[-6.247713986523699,53.310479497178875]]]}},{"id":"9305","type":"Feature","properties":{},"geometry":{"type":"Polygon","coordinates":[[[-6.323516080541975,53.376880493499286],[-6.325175618002221,53.37637888564439],[-6.32568207335024,53.37650632272007],[-6.325664983957953,53.377232707564225],[-6.3241016735135185,53.377440058725306],[-6.323516080541975,53.376880493499286]]]}},{"id":"9309","type":"Feature","properties":{},"geometry":{"type":"Polygon","coordinates":[[[-6.204182678772197,53.36689247064183],[-6.195744520407226,53.365948702129344],[-6.195870153045668,53.3654745337911],[-6.201368467780782,53.36590538554553],[-6.201837432907601,53.36496521692772],[-6.204586892660242,53.36594612208647],[-6.204182678772197,53.36689247064183]]]}},{"id":"9311","type":"Feature","properties":{},"geometry":{"type":"Polygon","coordinates":[[[-6.255300265284009,53.35580898377548],[-6.256644449821739,53.35532714827209],[-6.257192473891273,53.35590051483442],[-6.255897608615184,53.35636520909157],[-6.255300265284009,53.35580898377548]]]}},{"id":"9316","type":"Feature","properties":{},"geometry":{"type":"Polygon","coordinates":[[[-6.160149343577849,53.408624253310805],[-6.160367314520611,53.40806841958071],[-6.162026858441457,53.40814200176794],[-6.161508526903126,53.408833462845166],[-6.160149343577849,53.408624253310805]]]}},{"id":"9318","type":"Feature","properties":{},"geometry":{"type":"Polygon","coordinates":[[[-6.225389783253214,53.31316176085521],[-6.227886117185308,53.31184341236706],[-6.22841210113138,53.31246235265012],[-6.226161803606786,53.313572834240645],[-6.225389783253214,53.31316176085521]]]}},{"id":"9323","type":"Feature","properties":{},"geometry":{"type":"Polygon","coordinates":[[[-6.208611939575871,53.3694591707556],[-6.213114089468303,53.36556292117225],[-6.215124929285973,53.360913332626446],[-6.21629364299756,53.36139802174628],[-6.213063414049746,53.36783488838556],[-6.208611939575871,53.3694591707556]]]}},{"id":"9344","type":"Feature","properties":{},"geometry":{"type":"Polygon","coordinates":[[[-6.235167804682162,53.32501414267959],[-6.235373898492867,53.32462561280575],[-6.238176835987456,53.32288622783748],[-6.238348787179553,53.323794838575566],[-6.235167804682162,53.32501414267959]]]}},{"id":"9365","type":"Feature","properties":{},"geometry":{"type":"Polygon","coordinates":[[[-6.202251975484484,53.362903545433916],[-6.202405720067781,53.36245172520289],[-6.203958727621588,53.36261563124075],[-6.204747469382003,53.36217200679539],[-6.204920125488036,53.3607717665854],[-6.209403692029539,53.36082823744653],[-6.207789152399415,53.363342130868126],[-6.202251975484484,53.362903545433916]]]}},{"id":"9377","type":"Feature","properties":{},"geometry":{"type":"Polygon","coordinates":[[[-6.298528520052817,53.33393000598657],[-6.297892106956924,53.33117376492555],[-6.30186522646058,53.33182965996216],[-6.301628506775142,53.33226871018899],[-6.300452233131936,53.33212715840057],[-6.301330608006815,53.33391881410627],[-6.299975194789346,53.334481133921024],[-6.298528520052817,53.33393000598657]]]}},{"id":"9379","type":"Feature","properties":{},"geometry":{"type":"Polygon","coordinates":[[[-6.2882568860704104,53.37970919921584],[-6.287581182065906,53.37764220964232],[-6.286466909790679,53.37594935501462],[-6.287492095992359,53.37680610479151],[-6.290051716478857,53.377517185542814],[-6.292127964721503,53.37747921634987],[-6.293163262594769,53.37922219927479],[-6.2882568860704104,53.37970919921584]]]}},{"id":"9393","type":"Feature","properties":{},"geometry":{"type":"Polygon","coordinates":[[[-6.3164832280073,53.3813080129965],[-6.316310287644736,53.38076539530893],[-6.321810620233058,53.38090608047711],[-6.321329403193901,53.382301107140975],[-6.3164832280073,53.3813080129965]]]}},{"id":"9396","type":"Feature","properties":{},"geometry":{"type":"Polygon","coordinates":[[[-6.181411571755146,53.40028849590715],[-6.180423816919577,53.400130891056875],[-6.182525742139676,53.39923934301448],[-6.183451173412078,53.39945847589245],[-6.181411571755146,53.40028849590715]]]}},{"id":"9401","type":"Feature","properties":{},"geometry":{"type":"Polygon","coordinates":[[[-6.178197523923358,53.396512521212706],[-6.178000265756133,53.39579712683233],[-6.176078090935827,53.395388066936015],[-6.176012563679067,53.39457680949385],[-6.179271315107874,53.394222084046724],[-6.179705949865076,53.39639709745423],[-6.178197523923358,53.396512521212706]]]}},{"id":"9408","type":"Feature","properties":{},"geometry":{"type":"Polygon","coordinates":[[[-6.304524475889437,53.34140795016281],[-6.304054317299091,53.3407249249943],[-6.307647155221897,53.34062294936958],[-6.307832234152992,53.34186504564529],[-6.303241023944154,53.34168369434497],[-6.304524475889437,53.34140795016281]]]}},{"id":"9425","type":"Feature","properties":{},"geometry":{"type":"Polygon","coordinates":[[[-6.143018906536505,53.38477637701825],[-6.146723217829399,53.38324012343155],[-6.1474356947116116,53.38407588097462],[-6.150503742102275,53.383048083932394],[-6.150808645098215,53.383586074885585],[-6.148327370526662,53.384334335176334],[-6.146153733966581,53.386263782491135],[-6.143018906536505,53.38477637701825]]]}},{"id":"9429","type":"Feature","properties":{},"geometry":{"type":"Polygon","coordinates":[[[-6.18156620566273,53.385080437613595],[-6.184404074733287,53.38416942928686],[-6.184649166877252,53.384491266573846],[-6.182524377076418,53.385321309139314],[-6.185152745810412,53.386854866750284],[-6.183905433918942,53.38729973794732],[-6.1815140588101825,53.3867023583875],[-6.18156620566273,53.385080437613595]]]}},{"id":"9431","type":"Feature","properties":{},"geometry":{"type":"Polygon","coordinates":[[[-6.22660529274618,53.36473885488958],[-6.227914234119679,53.364143790276955],[-6.229179086902687,53.36427791160082],[-6.228865251392678,53.36589078514489],[-6.2268135335842345,53.36593817118782],[-6.22660529274618,53.36473885488958]]]}},{"id":"9435","type":"Feature","properties":{},"geometry":{"type":"Polygon","coordinates":[[[-6.26398371640365,53.32566291283529],[-6.264041470791369,53.324880850591015],[-6.265201640988457,53.32502825499086],[-6.265076117893403,53.32570171705004],[-6.26398371640365,53.32566291283529]]]}},{"id":"9442","type":"Feature","properties":{},"geometry":{"type":"Polygon","coordinates":[[[-6.169379750033992,53.39013439533172],[-6.16795421091227,53.389293457263896],[-6.170513841392507,53.38597741040484],[-6.170676085808772,53.38650797104326],[-6.172182148703629,53.38665293302909],[-6.173554453915077,53.38749932595347],[-6.169379750033992,53.39013439533172]]]}},{"id":"9447","type":"Feature","properties":{},"geometry":{"type":"Polygon","coordinates":[[[-6.252084567184724,53.35974181989882],[-6.252606057592548,53.35878941999848],[-6.254376565527997,53.35882899607617],[-6.254629391137661,53.358397175804676],[-6.2566596795177105,53.35881739774601],[-6.25523436219883,53.35964844878524],[-6.256106789107412,53.35981023377042],[-6.255703645473174,53.360569795025484],[-6.252084567184724,53.35974181989882]]]}},{"id":"9450","type":"Feature","properties":{},"geometry":{"type":"Polygon","coordinates":[[[-6.326514897730423,53.370361886797774],[-6.327333814037957,53.36886891312432],[-6.330997234400088,53.370577129297594],[-6.330204117720941,53.37155284397341],[-6.326514897730423,53.370361886797774]]]}},{"id":"9480","type":"Feature","properties":{},"geometry":{"type":"Polygon","coordinates":[[[-6.23143981782474,53.34621013744152],[-6.2316459529214665,53.34450805453095],[-6.2300859102070945,53.34434774229829],[-6.230900164521259,53.34244731598577],[-6.2350493857038165,53.342864728675586],[-6.234560465762707,53.34460454721116],[-6.233338394110694,53.344452609302046],[-6.233006497597369,53.34631610377844],[-6.23143981782474,53.34621013744152]]]}},{"id":"9483","type":"Feature","properties":{},"geometry":{"type":"Polygon","coordinates":[[[-6.2851044404265695,53.3501431929198],[-6.283904517488007,53.34987793263053],[-6.285822322404429,53.34960000511961],[-6.286583372146129,53.35107688228008],[-6.285862804113593,53.351309282434265],[-6.2851044404265695,53.3501431929198]]]}},{"id":"9487","type":"Feature","properties":{},"geometry":{"type":"Polygon","coordinates":[[[-6.324001920227653,53.3382952518201],[-6.324470346273516,53.33871351964798],[-6.329300673471128,53.33801400625313],[-6.322864150567637,53.339272728696784],[-6.324001920227653,53.3382952518201]]]}},{"id":"9500","type":"Feature","properties":{},"geometry":{"type":"Polygon","coordinates":[[[-6.318628907077404,53.36700410177835],[-6.31948346311925,53.3654932557139],[-6.322795202395779,53.36632753690265],[-6.322146585076902,53.36774297270712],[-6.3211327122775485,53.36751383763263],[-6.320979257619943,53.3667720828581],[-6.320373093594115,53.36737413503367],[-6.318628907077404,53.36700410177835]]]}},{"id":"9518","type":"Feature","properties":{},"geometry":{"type":"Polygon","coordinates":[[[-6.356581016145441,53.34814751161312],[-6.35864470509886,53.3485594444876],[-6.358955923223998,53.347067037711604],[-6.36080809883432,53.34730670853763],[-6.360480595809331,53.34934682100986],[-6.3559507359170615,53.348926436703465],[-6.354272207668971,53.34804902454662],[-6.355904940350472,53.3471352193804],[-6.356581016145441,53.34814751161312]]]}},{"id":"9527","type":"Feature","properties":{},"geometry":{"type":"Polygon","coordinates":[[[-6.257647249640709,53.36711415366789],[-6.255496238542016,53.366792808672635],[-6.256185372576104,53.36547972573313],[-6.261187305984556,53.3667005372413],[-6.258006912421863,53.36624391952812],[-6.257647249640709,53.36711415366789]]]}},{"id":"9531","type":"Feature","properties":{},"geometry":{"type":"Polygon","coordinates":[[[-6.34051713206799,53.32211991012786],[-6.336546801024911,53.31936200976466],[-6.338057684306564,53.319152185894545],[-6.339322723694914,53.318204587969305],[-6.340429646227334,53.31893102062551],[-6.342838901764722,53.31917345329315],[-6.345135675258204,53.32060422985131],[-6.345333105549858,53.321898998891],[-6.342167840958856,53.32163106682376],[-6.3437818352199535,53.32361557519969],[-6.341045008517789,53.32366641859565],[-6.34051713206799,53.32211991012786]]]}},{"id":"9535","type":"Feature","properties":{},"geometry":{"type":"Polygon","coordinates":[[[-6.24509387939196,53.34189307021004],[-6.245385136488786,53.34115012502097],[-6.250607524240406,53.34198670159042],[-6.249714483103203,53.343479277415],[-6.248519783133234,53.3432330143988],[-6.248805857746586,53.342707650919145],[-6.24509387939196,53.34189307021004]]]}},{"id":"9564","type":"Feature","properties":{},"geometry":{"type":"Polygon","coordinates":[[[-6.208326844829444,53.369369871839524],[-6.209853459790639,53.367547846699125],[-6.2091816239376865,53.3673171072855],[-6.212779349404342,53.363212071675534],[-6.213406358384271,53.36280155223005],[-6.214464027757523,53.36299672370146],[-6.213114089468303,53.36556292117225],[-6.2099628068415,53.36866263390485],[-6.208326844829444,53.369369871839524]]]}},{"id":"9590","type":"Feature","properties":{},"geometry":{"type":"Polygon","coordinates":[[[-6.350559922567751,53.3422005596924],[-6.354748326683686,53.34231397277432],[-6.352055606144809,53.34464243255903],[-6.351063595435534,53.34383197671791],[-6.350559922567751,53.3422005596924]]]}},{"id":"9591","type":"Feature","properties":{},"geometry":{"type":"Polygon","coordinates":[[[-6.2362255127071,53.38457151164572],[-6.237770106597444,53.382698351109596],[-6.238143664213554,53.383406995589795],[-6.239992239284956,53.383503890595115],[-6.237706134461783,53.385428555576205],[-6.2362255127071,53.38457151164572]]]}},{"id":"9595","type":"Feature","properties":{},"geometry":{"type":"Polygon","coordinates":[[[-6.334324367278924,53.33086505609065],[-6.333946411636844,53.32968381922055],[-6.335059988395494,53.32923530511804],[-6.338088745645428,53.330245073661935],[-6.3365512739694365,53.332069975391185],[-6.336174829925368,53.3311038330058],[-6.334890964445657,53.33060564390717],[-6.334324367278924,53.33086505609065]]]}},{"id":"9599","type":"Feature","properties":{},"geometry":{"type":"Polygon","coordinates":[[[-6.261027925526847,53.31468884909441],[-6.264451194423422,53.31458038544386],[-6.264726573718287,53.31509321154751],[-6.260967445699624,53.31607599918039],[-6.261027925526847,53.31468884909441]]]}},{"id":"9601","type":"Feature","properties":{},"geometry":{"type":"Polygon","coordinates":[[[-6.26831180230847,53.33247118835453],[-6.268107532898087,53.331216438005],[-6.269101678290499,53.33119875253422],[-6.269140468828081,53.33243858865013],[-6.26831180230847,53.33247118835453]]]}},{"id":"9604","type":"Feature","properties":{},"geometry":{"type":"Polygon","coordinates":[[[-6.288867507677812,53.40636530679494],[-6.286774464231902,53.406083936636875],[-6.286928785421742,53.405331179195535],[-6.289113527492957,53.40548885244813],[-6.288867507677812,53.40636530679494]]]}},{"id":"9612","type":"Feature","properties":{},"geometry":{"type":"Polygon","coordinates":[[[-6.241979147070894,53.39815574223857],[-6.242760317735202,53.396410427145895],[-6.241298774415032,53.39576544568443],[-6.243875448634447,53.39508191673269],[-6.243302486204212,53.39611727074028],[-6.2452869246269564,53.39624690011011],[-6.245045755170511,53.39732398903115],[-6.244120975117534,53.3985417368952],[-6.241979147070894,53.39815574223857]]]}},{"id":"9620","type":"Feature","properties":{},"geometry":{"type":"Polygon","coordinates":[[[-6.275799810788953,53.32588347325134],[-6.278114257182445,53.32611235882296],[-6.276739160588338,53.32804825827501],[-6.274837217694849,53.32640527907245],[-6.275799810788953,53.32588347325134]]]}},{"id":"9639","type":"Feature","properties":{},"geometry":{"type":"Polygon","coordinates":[[[-6.270817984304841,53.33744633221654],[-6.270547993841791,53.33649676117541],[-6.26893046024193,53.33621612391857],[-6.272996814187056,53.33631045484017],[-6.272455592495892,53.337562796672856],[-6.270817984304841,53.33744633221654]]]}},{"id":"9640","type":"Feature","properties":{},"geometry":{"type":"Polygon","coordinates":[[[-6.279376462028182,53.40480246277973],[-6.275859691381857,53.404294586314286],[-6.277066290978169,53.4041438222669],[-6.2801742957146764,53.4022090812844],[-6.279519114187611,53.40190967860291],[-6.2812438874655925,53.40268802375553],[-6.281799521186746,53.40343467435159],[-6.281134751008081,53.40418455548387],[-6.279376462028182,53.40480246277973]]]}},{"id":"9641","type":"Feature","properties":{},"geometry":{"type":"Polygon","coordinates":[[[-6.24882742121313,53.35274897359727],[-6.250074721112337,53.35138341729205],[-6.253074893631201,53.35094281379979],[-6.2533072157323915,53.35136240083581],[-6.250171329561987,53.352425505679186],[-6.250614193571738,53.3534504163483],[-6.2494257437141325,53.353693165018825],[-6.24882742121313,53.35274897359727]]]}},{"id":"9650","type":"Feature","properties":{},"geometry":{"type":"Polygon","coordinates":[[[-6.297686981187267,53.313447479610375],[-6.299689489024576,53.312025013133066],[-6.303002152993586,53.31265758832391],[-6.302273324909468,53.3135199519394],[-6.297686981187267,53.313447479610375]]]}},{"id":"9651","type":"Feature","properties":{},"geometry":{"type":"Polygon","coordinates":[[[-6.245105907958403,53.35596145236493],[-6.246942146500629,53.35491531680229],[-6.24860650737678,53.356138844898055],[-6.246790051566245,53.356911761242976],[-6.245105907958403,53.35596145236493]]]}},{"id":"9658","type":"Feature","properties":{},"geometry":{"type":"Polygon","coordinates":[[[-6.247671653258849,53.3452493169878],[-6.245862730589362,53.34505440495121],[-6.245943038552429,53.34406041922567],[-6.246768685214258,53.34417363572847],[-6.247671653258849,53.3452493169878]]]}},{"id":"9661","type":"Feature","properties":{},"geometry":{"type":"Polygon","coordinates":[[[-6.178192949194913,53.36433830850768],[-6.1798184634633735,53.36304176763119],[-6.182738902426669,53.36358705688821],[-6.181524122329481,53.365598679279735],[-6.178192949194913,53.36433830850768]]]}},{"id":"9662","type":"Feature","properties":{},"geometry":{"type":"Polygon","coordinates":[[[-6.299487971624575,53.36200973609322],[-6.294603000208431,53.36021026464187],[-6.297765082433832,53.36028084113917],[-6.299487971624575,53.36200973609322]]]}},{"id":"9665","type":"Feature","properties":{},"geometry":{"type":"Polygon","coordinates":[[[-6.207694015395555,53.31718210336196],[-6.206695973867601,53.31633813500937],[-6.208098731185482,53.31618890031333],[-6.208218042527166,53.31515021548212],[-6.209223911393968,53.31500357041256],[-6.2089849471039384,53.31386131739923],[-6.207804952979897,53.31351052376811],[-6.209008360109085,53.3115367380464],[-6.2111816586717685,53.31106063810838],[-6.210846530832038,53.310702301687265],[-6.213487461329386,53.31119745044999],[-6.213529283475919,53.312209539997355],[-6.2155830210454015,53.311691473436596],[-6.217121764714994,53.31040347294776],[-6.2185641191847125,53.310892818204714],[-6.218134756430095,53.31172858230363],[-6.220736033685431,53.31480708844112],[-6.21506088075669,53.317887742908724],[-6.212336696883985,53.3186889329006],[-6.207694015395555,53.31718210336196]]]}},{"id":"9680","type":"Feature","properties":{},"geometry":{"type":"Polygon","coordinates":[[[-6.246942146500629,53.35491531680229],[-6.249788663479946,53.35426388658708],[-6.250272109643858,53.35514515215316],[-6.247943566113039,53.35565656214315],[-6.246942146500629,53.35491531680229]]]}},{"id":"9690","type":"Feature","properties":{},"geometry":{"type":"Polygon","coordinates":[[[-6.327273446007694,53.34118405450112],[-6.325858267179748,53.33868885480285],[-6.329300673471128,53.33801400625313],[-6.330472388850986,53.33733380070863],[-6.3306354292214175,53.33623681880442],[-6.3324708030635675,53.33628698848666],[-6.3326847230891685,53.33753999768902],[-6.3390522204007205,53.3389167486764],[-6.327273446007694,53.34118405450112]]]}},{"id":"9703","type":"Feature","properties":{},"geometry":{"type":"Polygon","coordinates":[[[-6.308269828677964,53.346802744003206],[-6.30797006873432,53.34364091897554],[-6.324517894143041,53.341687348979235],[-6.328111538677476,53.342170257238415],[-6.328245673351471,53.345197362815995],[-6.325454249737787,53.34477853613053],[-6.3185840658852594,53.34609022221967],[-6.308269828677964,53.346802744003206]]]}},{"id":"9707","type":"Feature","properties":{},"geometry":{"type":"Polygon","coordinates":[[[-6.2606118270232445,53.309269562786966],[-6.266325925539547,53.30746850348541],[-6.265898206361989,53.306595682550615],[-6.266790987587499,53.30580704264769],[-6.2702035810291,53.307489800313874],[-6.2674933084604225,53.3078754909224],[-6.267084588313193,53.30739839350914],[-6.267324486249355,53.30789400769995],[-6.2624789433290715,53.30919762168598],[-6.263640144257989,53.31071928610765],[-6.262534477566996,53.31100249844735],[-6.2606118270232445,53.309269562786966]]]}},{"id":"9739","type":"Feature","properties":{},"geometry":{"type":"Polygon","coordinates":[[[-6.2574676929002395,53.34760575802741],[-6.257495311561313,53.34559325449561],[-6.249335454673333,53.344103757361495],[-6.250733021261872,53.34113769802868],[-6.259316041169969,53.34323800809334],[-6.2590885836211605,53.34727056059487],[-6.2574676929002395,53.34760575802741]]]}},{"id":"9744","type":"Feature","properties":{},"geometry":{"type":"Polygon","coordinates":[[[-6.238790789316249,53.3199200730165],[-6.240558113853132,53.32100430714567],[-6.238881039715201,53.32184813851141],[-6.237777668970505,53.320740776184095],[-6.238790789316249,53.3199200730165]]]}},{"id":"9748","type":"Feature","properties":{},"geometry":{"type":"Polygon","coordinates":[[[-6.272230309038743,53.354533512710574],[-6.268966817820529,53.35286778059296],[-6.273257339301295,53.35439097143517],[-6.272230309038743,53.354533512710574]]]}},{"id":"9761","type":"Feature","properties":{},"geometry":{"type":"Polygon","coordinates":[[[-6.214533761048234,53.394300109424194],[-6.214614720974875,53.393875158024436],[-6.215707075783962,53.394168702685384],[-6.217217308254079,53.39222369871059],[-6.218318338886973,53.39243998862633],[-6.216337425365538,53.39497584498693],[-6.214533761048234,53.394300109424194]]]}},{"id":"9780","type":"Feature","properties":{},"geometry":{"type":"Polygon","coordinates":[[[-6.280513979136184,53.34002972030631],[-6.280049714534078,53.339413095816525],[-6.281489695473429,53.338879119803146],[-6.2811146279241274,53.33827301497843],[-6.282109539947217,53.33817179462112],[-6.282740291370587,53.33970319803776],[-6.280513979136184,53.34002972030631]]]}},{"id":"9784","type":"Feature","properties":{},"geometry":{"type":"Polygon","coordinates":[[[-6.323516080541975,53.376880493499286],[-6.324702854604355,53.377384675133776],[-6.325615878127295,53.37848814318793],[-6.323977340128823,53.37809716806629],[-6.323016340607452,53.377246627030125],[-6.323516080541975,53.376880493499286]]]}},{"id":"9785","type":"Feature","properties":{},"geometry":{"type":"Polygon","coordinates":[[[-6.2336196571309,53.39421239545775],[-6.231887918603803,53.39387792654467],[-6.233582161932427,53.391227121547836],[-6.235875673534031,53.391056911427555],[-6.2336196571309,53.39421239545775]]]}},{"id":"9792","type":"Feature","properties":{},"geometry":{"type":"Polygon","coordinates":[[[-6.216649724185043,53.327925279739375],[-6.217780165122091,53.32667540512352],[-6.215978576453779,53.32529146180183],[-6.216853286050292,53.32480488691225],[-6.22073472665404,53.32782728098111],[-6.2195152077282385,53.32843572322908],[-6.218231359518176,53.32776685937732],[-6.216649724185043,53.327925279739375]]]}},{"id":"9795","type":"Feature","properties":{},"geometry":{"type":"Polygon","coordinates":[[[-6.271387147426244,53.398081749578644],[-6.264143905364239,53.39680476754738],[-6.26414378632209,53.39438192252097],[-6.268159335516838,53.39432211823508],[-6.268925206462979,53.395255741095525],[-6.2712370480189925,53.39502144551625],[-6.271387147426244,53.398081749578644]]]}},{"id":"9807","type":"Feature","properties":{},"geometry":{"type":"Polygon","coordinates":[[[-6.28076368444466,53.31057249626428],[-6.283524822864098,53.30984630792747],[-6.2825336218215915,53.3122367682162],[-6.2803446593427195,53.312388144312266],[-6.28076368444466,53.31057249626428]]]}},{"id":"9835","type":"Feature","properties":{},"geometry":{"type":"Polygon","coordinates":[[[-6.292934554869352,53.31741209810057],[-6.297164808701828,53.31385546500623],[-6.298149248123925,53.31425035999494],[-6.296978865981692,53.315347954992724],[-6.2960882499128825,53.31528531508559],[-6.296794043909672,53.3156167297535],[-6.295023616941235,53.3180151411752],[-6.292934554869352,53.31741209810057]]]}},{"id":"9839","type":"Feature","properties":{},"geometry":{"type":"Polygon","coordinates":[[[-6.28883826360266,53.384416135203416],[-6.287398748043375,53.3850969865567],[-6.286075392341098,53.38459728480989],[-6.286158386688932,53.384139781586235],[-6.287599221317919,53.384524269772406],[-6.287963324983119,53.383778094044295],[-6.290390351856058,53.38441869248896],[-6.293315898223161,53.38652844161396],[-6.28883826360266,53.384416135203416]]]}},{"id":"9848","type":"Feature","properties":{},"geometry":{"type":"Polygon","coordinates":[[[-6.2364323439261975,53.316779816037524],[-6.237226078183991,53.316702395874294],[-6.237433729264767,53.31802759078401],[-6.2400265902252965,53.317486572558145],[-6.241851791881935,53.318400884975645],[-6.235802331914567,53.31873704231081],[-6.2364323439261975,53.316779816037524]]]}},{"id":"9850","type":"Feature","properties":{},"geometry":{"type":"Polygon","coordinates":[[[-6.268242560564417,53.34908433766745],[-6.268545425525539,53.349792250522455],[-6.2678658399280085,53.34997815551618],[-6.267569783130878,53.34918668839657],[-6.268242560564417,53.34908433766745]]]}},{"id":"9858","type":"Feature","properties":{},"geometry":{"type":"Polygon","coordinates":[[[-6.296430235063087,53.35324215123873],[-6.297458483054087,53.352601831955766],[-6.298191019238903,53.352145640317694],[-6.298809398387504,53.352782687487874],[-6.297237206258304,53.35368036880121],[-6.296430235063087,53.35324215123873]]]}},{"id":"9881","type":"Feature","properties":{},"geometry":{"type":"Polygon","coordinates":[[[-6.2430653502887274,53.359844609330466],[-6.240981210487336,53.35876765023834],[-6.242829577698877,53.35746947805006],[-6.24335362984198,53.358672560376796],[-6.2428075024112974,53.35905830680883],[-6.243580958547887,53.35930281017047],[-6.2430653502887274,53.359844609330466]]]}},{"id":"9886","type":"Feature","properties":{},"geometry":{"type":"Polygon","coordinates":[[[-6.240991517781306,53.39350465117088],[-6.242597552708774,53.387528324546686],[-6.243352988969379,53.387581354388516],[-6.242367710676284,53.3938356494428],[-6.240991517781306,53.39350465117088]]]}},{"id":"9888","type":"Feature","properties":{},"geometry":{"type":"Polygon","coordinates":[[[-6.285357812556599,53.366754420500136],[-6.285072446021285,53.36468680665315],[-6.285934061697949,53.36386815016558],[-6.285744898806635,53.36525062693018],[-6.286755112778901,53.365706555694345],[-6.286315362120931,53.366792056109695],[-6.285357812556599,53.366754420500136]]]}},{"id":"9889","type":"Feature","properties":{},"geometry":{"type":"Polygon","coordinates":[[[-6.230453016649689,53.3846038860084],[-6.226396519864778,53.38393086734155],[-6.225159439138714,53.38331990093272],[-6.227067847375733,53.381299613177006],[-6.228801327706534,53.38178110180295],[-6.227658449897804,53.38342120184879],[-6.229224772511918,53.38308887190889],[-6.230453016649689,53.3846038860084]]]}},{"id":"9890","type":"Feature","properties":{},"geometry":{"type":"Polygon","coordinates":[[[-6.319151104836195,53.338405671510486],[-6.322503529856073,53.337203527867395],[-6.323008399538505,53.33741872596114],[-6.3224263392885165,53.33793973161282],[-6.322119545857183,53.33763942297371],[-6.319151104836195,53.338405671510486]]]}},{"id":"9891","type":"Feature","properties":{},"geometry":{"type":"Polygon","coordinates":[[[-6.20163361981231,53.37172459859269],[-6.20200622109859,53.37075090779536],[-6.196706207644005,53.370005291953916],[-6.1959979785268,53.3713579404609],[-6.194221517969046,53.371220365708425],[-6.194513372879868,53.36918597631131],[-6.202887650658739,53.37032943616804],[-6.202383265433931,53.371835310962446],[-6.20163361981231,53.37172459859269]]]}},{"id":"9894","type":"Feature","properties":{},"geometry":{"type":"Polygon","coordinates":[[[-6.238162589423946,53.345264462879534],[-6.2383749759314915,53.34429198969269],[-6.240794616275501,53.344488265752084],[-6.24056609812425,53.345543034093076],[-6.238162589423946,53.345264462879534]]]}},{"id":"9903","type":"Feature","properties":{},"geometry":{"type":"Polygon","coordinates":[[[-6.223337212535569,53.33957427575642],[-6.223136749139983,53.33893190736998],[-6.226965147835876,53.338196532790555],[-6.2277092351100425,53.339432721699126],[-6.226147659601141,53.33976549847067],[-6.225790571419017,53.33906438714552],[-6.223337212535569,53.33957427575642]]]}},{"id":"9905","type":"Feature","properties":{},"geometry":{"type":"Polygon","coordinates":[[[-6.197777387265382,53.362546360101526],[-6.19833606104861,53.36189046229103],[-6.199176878994557,53.36198165724474],[-6.199469069257965,53.36096785872278],[-6.201320285194653,53.36117837259674],[-6.202975328954873,53.3606677663679],[-6.202251975484484,53.362903545433916],[-6.197777387265382,53.362546360101526]]]}},{"id":"9926","type":"Feature","properties":{},"geometry":{"type":"Polygon","coordinates":[[[-6.27572748167984,53.31420117173488],[-6.275214868859769,53.31325517344383],[-6.277181750688811,53.312903501674946],[-6.277582441739251,53.31419234533238],[-6.27572748167984,53.31420117173488]]]}},{"id":"9933","type":"Feature","properties":{},"geometry":{"type":"Polygon","coordinates":[[[-6.244944506560973,53.3768368974251],[-6.243946899796796,53.37482015159916],[-6.2448353769552245,53.37506414359582],[-6.24526080150641,53.37624060434544],[-6.244944506560973,53.3768368974251]]]}},{"id":"9934","type":"Feature","properties":{},"geometry":{"type":"Polygon","coordinates":[[[-6.3121825766135755,53.33542010832361],[-6.317382582850877,53.334774996289475],[-6.317603505193612,53.335583881980426],[-6.312451676276971,53.336183442110595],[-6.3121825766135755,53.33542010832361]]]}},{"id":"9936","type":"Feature","properties":{},"geometry":{"type":"Polygon","coordinates":[[[-6.291707599308426,53.38114652561541],[-6.290293305220942,53.38007860356086],[-6.288587905507209,53.38016474169947],[-6.2882568860704104,53.37970919921584],[-6.293874137436039,53.37907617835364],[-6.291707599308426,53.38114652561541]]]}},{"id":"9950","type":"Feature","properties":{},"geometry":{"type":"Polygon","coordinates":[[[-6.229888241777119,53.35334118550815],[-6.231715950462026,53.35294216728182],[-6.230751085960926,53.3537351432463],[-6.229888241777119,53.35334118550815]]]}},{"id":"9971","type":"Feature","properties":{},"geometry":{"type":"Polygon","coordinates":[[[-6.238722777120878,53.387854247930754],[-6.238781893660836,53.38722096574707],[-6.235327419599212,53.385419988484024],[-6.233879790268819,53.38614761790525],[-6.233361763882323,53.385351389973664],[-6.2362255127071,53.38457151164572],[-6.237706134461783,53.385428555576205],[-6.239992239284956,53.383503890595115],[-6.243414287475634,53.38411146512318],[-6.243260210728735,53.38479129424916],[-6.243584404176887,53.38413966556443],[-6.242597552708774,53.387528324546686],[-6.238722777120878,53.387854247930754]]]}},{"id":"9999","type":"Feature","properties":{},"geometry":{"type":"Polygon","coordinates":[[[-6.269967304648297,53.35667297286742],[-6.2701661610324,53.35632123989799],[-6.268021429598143,53.3560588286709],[-6.268268636853262,53.35560760132804],[-6.270042617050965,53.355822901915396],[-6.270290084607595,53.35525117099076],[-6.271612108695268,53.35527773422825],[-6.27159935403188,53.35603096678068],[-6.270593116610906,53.35585107814606],[-6.269967304648297,53.35667297286742]]]}},{"id":"10001","type":"Feature","properties":{},"geometry":{"type":"Polygon","coordinates":[[[-6.239749468775306,53.35549396033471],[-6.2392347655033795,53.35365639152749],[-6.23712635907082,53.350358978865614],[-6.240063504917305,53.3505594250213],[-6.240219867742465,53.352633019957956],[-6.2414420621884075,53.35445520899101],[-6.240544442639977,53.354915857401664],[-6.240997943586638,53.35517848969805],[-6.239749468775306,53.35549396033471]]]}},{"id":"10007","type":"Feature","properties":{},"geometry":{"type":"Polygon","coordinates":[[[-6.214593112156034,53.32671198184765],[-6.2105979555048325,53.32193155142053],[-6.211685882754264,53.32095095771598],[-6.216853286050292,53.32480488691225],[-6.215156864522263,53.325786849867306],[-6.21587636546998,53.32632124852174],[-6.214593112156034,53.32671198184765]]]}},{"id":"10030","type":"Feature","properties":{},"geometry":{"type":"Polygon","coordinates":[[[-6.23561924114486,53.33768241820654],[-6.234624464450554,53.33724594106885],[-6.238072120155378,53.33610034365792],[-6.240332391492787,53.33754437799367],[-6.239902198202722,53.33782995801959],[-6.2380284514682325,53.336979333773655],[-6.23561924114486,53.33768241820654]]]}},{"id":"10038","type":"Feature","properties":{},"geometry":{"type":"Polygon","coordinates":[[[-6.23993820855172,53.3917353531455],[-6.241487736483328,53.38816907086011],[-6.242425306068542,53.388206311969746],[-6.2414034742219755,53.39229718695121],[-6.2403326626743585,53.3925018307381],[-6.23993820855172,53.3917353531455]]]}},{"id":"10039","type":"Feature","properties":{},"geometry":{"type":"Polygon","coordinates":[[[-6.297873891077764,53.366895238098806],[-6.294746850396029,53.367082299124334],[-6.293433972673205,53.366939075207924],[-6.296783158746259,53.366074770137324],[-6.297873891077764,53.366895238098806]]]}},{"id":"10053","type":"Feature","properties":{},"geometry":{"type":"Polygon","coordinates":[[[-6.221571922352508,53.32451267745902],[-6.219222043919891,53.323127464708854],[-6.2154732653915605,53.3204609204137],[-6.2245813079082275,53.31983593681286],[-6.221571922352508,53.32451267745902]]]}},{"id":"10056","type":"Feature","properties":{},"geometry":{"type":"Polygon","coordinates":[[[-6.316213215933706,53.38647240448304],[-6.316895714489318,53.38474877843801],[-6.3185212407239115,53.38470269717036],[-6.318128226051206,53.386469077703296],[-6.316213215933706,53.38647240448304]]]}},{"id":"10062","type":"Feature","properties":{},"geometry":{"type":"Polygon","coordinates":[[[-6.352694197734691,53.34525546001991],[-6.3554247914727915,53.343365430009165],[-6.3599348356747605,53.34436018576398],[-6.359232395032216,53.34627898974127],[-6.356461916921321,53.34593097987168],[-6.354178961119677,53.34626986936817],[-6.352694197734691,53.34525546001991]]]}},{"id":"10076","type":"Feature","properties":{},"geometry":{"type":"Polygon","coordinates":[[[-6.209028792416229,53.39731725639455],[-6.206505191333673,53.39676677134296],[-6.208003756093996,53.394361221225715],[-6.2087594597815485,53.394250514039236],[-6.210807684813252,53.394919505307854],[-6.209079130010928,53.39618489778908],[-6.209920495369644,53.39699683993102],[-6.209028792416229,53.39731725639455]]]}},{"id":"10081","type":"Feature","properties":{},"geometry":{"type":"Polygon","coordinates":[[[-6.270036987031137,53.341893255818675],[-6.27007401602529,53.34146827777975],[-6.272276528688931,53.34147133343889],[-6.272252109366446,53.341922254537764],[-6.270036987031137,53.341893255818675]]]}},{"id":"10085","type":"Feature","properties":{},"geometry":{"type":"Polygon","coordinates":[[[-6.256223893723933,53.359600095589485],[-6.2566596795177105,53.35881739774601],[-6.25876978048789,53.359248106124234],[-6.257791496479508,53.359716712401486],[-6.256223893723933,53.359600095589485]]]}},{"id":"10097","type":"Feature","properties":{},"geometry":{"type":"Polygon","coordinates":[[[-6.289817617870247,53.3574771514849],[-6.291166001531088,53.357058256375424],[-6.294575659872036,53.35818909962821],[-6.293997991922953,53.359221280964185],[-6.289817617870247,53.3574771514849]]]}},{"id":"10117","type":"Feature","properties":{},"geometry":{"type":"Polygon","coordinates":[[[-6.33542233887063,53.34330262539703],[-6.328111538677476,53.342170257238415],[-6.329357213291418,53.341515519129246],[-6.334921676617263,53.34272481010658],[-6.335036839729071,53.34318732288664],[-6.3353682570134,53.3426903979801],[-6.338126059626643,53.34226999682207],[-6.338225845554572,53.34179063573327],[-6.338917823152701,53.34239415505727],[-6.33542233887063,53.34330262539703]]]}},{"id":"10121","type":"Feature","properties":{},"geometry":{"type":"Polygon","coordinates":[[[-6.230008070351719,53.36783231518769],[-6.2293102194264005,53.36761742784264],[-6.233090178811133,53.366713901672014],[-6.234495353627613,53.36707812610683],[-6.234381197012194,53.36821125927361],[-6.232930936056499,53.368551277615246],[-6.23089924953934,53.367312749767564],[-6.230008070351719,53.36783231518769]]]}},{"id":"10133","type":"Feature","properties":{},"geometry":{"type":"Polygon","coordinates":[[[-6.279059511406127,53.323129043900636],[-6.279394948824956,53.32223554728295],[-6.282398627530251,53.321456208778535],[-6.283112372121521,53.322119300378056],[-6.280136796652137,53.32350763876154],[-6.279059511406127,53.323129043900636]]]}},{"id":"10158","type":"Feature","properties":{},"geometry":{"type":"Polygon","coordinates":[[[-6.336710513246445,53.33937278330911],[-6.3390522204007205,53.3389167486764],[-6.347517733726024,53.33733734042681],[-6.336874544706845,53.33968042010333],[-6.336710513246445,53.33937278330911]]]}},{"id":"10179","type":"Feature","properties":{},"geometry":{"type":"Polygon","coordinates":[[[-6.208211772776192,53.400233765568494],[-6.206269540182698,53.40000875364119],[-6.206087774821815,53.3986368894234],[-6.206814639707888,53.39805415418622],[-6.209391475612819,53.39898590279475],[-6.209671558143912,53.39953099029321],[-6.208211772776192,53.400233765568494]]]}},{"id":"10198","type":"Feature","properties":{},"geometry":{"type":"Polygon","coordinates":[[[-6.304478266276541,53.346330216336696],[-6.306194106461161,53.34632493423121],[-6.306206727776475,53.347264401644274],[-6.3044553260297,53.34738400748139],[-6.304478266276541,53.346330216336696]]]}},{"id":"10202","type":"Feature","properties":{},"geometry":{"type":"Polygon","coordinates":[[[-6.240843792258233,53.33380082136218],[-6.24256172319869,53.33290987187089],[-6.2452056256031625,53.33402156513508],[-6.241950829636581,53.335004566419215],[-6.240843792258233,53.33380082136218]]]}},{"id":"10225","type":"Feature","properties":{},"geometry":{"type":"Polygon","coordinates":[[[-6.252544681048532,53.329571219104736],[-6.251276675592034,53.32757090283712],[-6.252840708035099,53.32724624049823],[-6.253002986504142,53.32863874242095],[-6.255389685942113,53.32815298926703],[-6.255723572029014,53.32887500912535],[-6.252544681048532,53.329571219104736]]]}},{"id":"10230","type":"Feature","properties":{},"geometry":{"type":"Polygon","coordinates":[[[-6.295629841349811,53.35300431190218],[-6.296259618862513,53.35234296778461],[-6.297458483054087,53.352601831955766],[-6.296264323888437,53.353347342416214],[-6.295629841349811,53.35300431190218]]]}},{"id":"10240","type":"Feature","properties":{},"geometry":{"type":"Polygon","coordinates":[[[-6.230777254612314,53.35371340246167],[-6.231492175934072,53.353125786143835],[-6.232379330174372,53.353684710195964],[-6.231769764738174,53.35418056923908],[-6.230777254612314,53.35371340246167]]]}},{"id":"10244","type":"Feature","properties":{},"geometry":{"type":"Polygon","coordinates":[[[-6.283639242769458,53.3458198994902],[-6.283973756950494,53.34526096969866],[-6.2846766814392305,53.34536511111909],[-6.284405388805697,53.34593763410125],[-6.283639242769458,53.3458198994902]]]}},{"id":"10245","type":"Feature","properties":{},"geometry":{"type":"Polygon","coordinates":[[[-6.287666964346169,53.355593994661],[-6.287243521369262,53.354954123884696],[-6.288960322384169,53.35499329738117],[-6.2896061276730455,53.354503026736595],[-6.290846121993402,53.35513227059897],[-6.289791257678677,53.35619800649233],[-6.287666964346169,53.355593994661]]]}},{"id":"10251","type":"Feature","properties":{},"geometry":{"type":"Polygon","coordinates":[[[-6.304983142238885,53.38034646788083],[-6.308336417313856,53.38055198855988],[-6.308267729779921,53.38127862069536],[-6.3036343111520905,53.38144475682232],[-6.304983142238885,53.38034646788083]]]}},{"id":"10266","type":"Feature","properties":{},"geometry":{"type":"Polygon","coordinates":[[[-6.251989906433364,53.366780699532036],[-6.253556853141848,53.36620005247706],[-6.25462909626448,53.364363095521114],[-6.255434422660692,53.364509342538476],[-6.255714353792686,53.3638284158984],[-6.257918071135485,53.36338469702711],[-6.256185372576104,53.36547972573313],[-6.255184347182433,53.36831211693762],[-6.253253235019422,53.36814693310366],[-6.251989906433364,53.366780699532036]]]}},{"id":"10270","type":"Feature","properties":{},"geometry":{"type":"Polygon","coordinates":[[[-6.243291895296983,53.33317492860399],[-6.240397505534517,53.33259256736821],[-6.240721587097329,53.331598933420004],[-6.243738914440475,53.33217003751042],[-6.243291895296983,53.33317492860399]]]}},{"id":"10272","type":"Feature","properties":{},"geometry":{"type":"Polygon","coordinates":[[[-6.351143972209444,53.35067095404496],[-6.346319297627806,53.34789086164572],[-6.347784516776565,53.34703055236675],[-6.349840345106733,53.349139660296444],[-6.3530927025366895,53.350083655526234],[-6.352776940664386,53.35103240067976],[-6.351143972209444,53.35067095404496]]]}},{"id":"10276","type":"Feature","properties":{},"geometry":{"type":"Polygon","coordinates":[[[-6.212354239800062,53.39725180318175],[-6.215268367047012,53.39730645423945],[-6.214767015624849,53.39833052248792],[-6.215359976058665,53.39935142323919],[-6.2124197657030304,53.40005304771583],[-6.212354239800062,53.39725180318175]]]}},{"id":"10287","type":"Feature","properties":{},"geometry":{"type":"Polygon","coordinates":[[[-6.344643313017589,53.34945698681464],[-6.346650532814341,53.34934150371695],[-6.347438273373802,53.350398798821615],[-6.34654640205969,53.35071163762655],[-6.344643313017589,53.34945698681464]]]}},{"id":"10310","type":"Feature","properties":{},"geometry":{"type":"Polygon","coordinates":[[[-6.288995531584169,53.37230123872338],[-6.281303614590129,53.370740949593305],[-6.282115494027253,53.369817234644536],[-6.285556587256585,53.371201398982244],[-6.286912571193249,53.37067771457076],[-6.289812625280957,53.37131185366736],[-6.288995531584169,53.37230123872338]]]}},{"id":"10328","type":"Feature","properties":{},"geometry":{"type":"Polygon","coordinates":[[[-6.190162113782463,53.399219408774755],[-6.185802030677972,53.39850597986148],[-6.18653929786991,53.39761974296277],[-6.190164581160743,53.39816102254412],[-6.190162113782463,53.399219408774755]]]}},{"id":"10330","type":"Feature","properties":{},"geometry":{"type":"Polygon","coordinates":[[[-6.221510797853924,53.39227966722982],[-6.218802554659365,53.391366278182254],[-6.220013190649387,53.38978988290181],[-6.222955636441108,53.390014179737314],[-6.223688336592416,53.38816393656687],[-6.225730986568097,53.388904054119884],[-6.22710640718481,53.38834805733997],[-6.2287145161219755,53.38641711883808],[-6.230554504391629,53.38613616315065],[-6.230680963377629,53.38936868381003],[-6.226239176007273,53.38928034397719],[-6.225890668037672,53.392738603164126],[-6.221510797853924,53.39227966722982]]]}},{"id":"10331","type":"Feature","properties":{},"geometry":{"type":"Polygon","coordinates":[[[-6.214732166188821,53.39312556231186],[-6.208121909571147,53.39110340718979],[-6.209036892296163,53.39054967406391],[-6.212665751215974,53.391263004311924],[-6.213044656668937,53.39072716119322],[-6.214098584393001,53.39102920607025],[-6.213992258302501,53.389739895632374],[-6.215149461480258,53.38990577060056],[-6.214732166188821,53.39312556231186]]]}},{"id":"10334","type":"Feature","properties":{},"geometry":{"type":"Polygon","coordinates":[[[-6.307288607854902,53.348708656448636],[-6.308441244502218,53.34722365791597],[-6.3142727761231905,53.347278311077105],[-6.314916654504951,53.346252936971446],[-6.3185840658852594,53.34609022221967],[-6.325454249737787,53.34477853613053],[-6.329791221714427,53.34549541727659],[-6.32960211138964,53.346389765407984],[-6.33280594586326,53.346550360287395],[-6.332528700627429,53.3478474922937],[-6.328823594142848,53.34679471228555],[-6.327781569810751,53.34772946332476],[-6.326265277969568,53.346840480612194],[-6.32501809309329,53.347795159280146],[-6.323772769320881,53.34724085147369],[-6.315304887876299,53.34796891522951],[-6.315962580291883,53.34973869548174],[-6.315127460332571,53.34995601962302],[-6.313303166127658,53.34893394762506],[-6.307288607854902,53.348708656448636]]]}},{"id":"10336","type":"Feature","properties":{},"geometry":{"type":"Polygon","coordinates":[[[-6.235913793806399,53.31936852000256],[-6.235802331914567,53.31873704231081],[-6.241640300994939,53.31849244878086],[-6.241273476979273,53.31929153626535],[-6.240217535243888,53.318790231346334],[-6.238790789316249,53.3199200730165],[-6.237390284871433,53.31991646261026],[-6.23708379738093,53.319154642694826],[-6.235913793806399,53.31936852000256]]]}},{"id":"10337","type":"Feature","properties":{},"geometry":{"type":"Polygon","coordinates":[[[-6.28217696989165,53.31841775530943],[-6.2827585235050565,53.31800351699712],[-6.283825386032422,53.31881377262178],[-6.284459158339763,53.318475642821056],[-6.286291218202689,53.32028050273853],[-6.284825347945413,53.320870562016204],[-6.28217696989165,53.31841775530943]]]}},{"id":"10357","type":"Feature","properties":{},"geometry":{"type":"Polygon","coordinates":[[[-6.215687405106614,53.33049995757858],[-6.217530348097792,53.33012508172337],[-6.218482426312369,53.32930389585216],[-6.219469270281815,53.33067385273659],[-6.218803997019251,53.331341387833966],[-6.215784191027453,53.33208235708869],[-6.215687405106614,53.33049995757858]]]}},{"id":"10365","type":"Feature","properties":{},"geometry":{"type":"Polygon","coordinates":[[[-6.261152292374709,53.36829622984363],[-6.256284920452801,53.36735290558228],[-6.256378615618651,53.366941568437035],[-6.257647249640709,53.36711415366789],[-6.257800203657036,53.36676233694529],[-6.261517790914646,53.36751809969417],[-6.261152292374709,53.36829622984363]]]}},{"id":"10370","type":"Feature","properties":{},"geometry":{"type":"Polygon","coordinates":[[[-6.287109894985315,53.33619594588194],[-6.286454676175366,53.33567332526962],[-6.28746061641679,53.33527964771153],[-6.289566427635601,53.335501215063935],[-6.288606609871796,53.33623558239561],[-6.288162354457328,53.335811073527495],[-6.287109894985315,53.33619594588194]]]}},{"id":"10373","type":"Feature","properties":{},"geometry":{"type":"Polygon","coordinates":[[[-6.22693985254969,53.34966994288009],[-6.227381521382851,53.34556370434619],[-6.240670300152437,53.34683436898516],[-6.240350323472438,53.34967520507368],[-6.2395511271684825,53.34970201076069],[-6.239667256231128,53.34906044312148],[-6.22892527041662,53.34829201193295],[-6.2285051492769234,53.349782733028185],[-6.22693985254969,53.34966994288009]]]}},{"id":"10378","type":"Feature","properties":{},"geometry":{"type":"Polygon","coordinates":[[[-6.263795338814609,53.36123093496148],[-6.263930415170149,53.360581614297196],[-6.2650673407509245,53.3607184462946],[-6.264892585045279,53.361400662806034],[-6.263795338814609,53.36123093496148]]]}},{"id":"10388","type":"Feature","properties":{},"geometry":{"type":"Polygon","coordinates":[[[-6.3033693521766025,53.323661508184394],[-6.303991882256793,53.323038876168226],[-6.305865692377533,53.322949701669074],[-6.306345962876801,53.324535800000625],[-6.303865399413776,53.32438641420563],[-6.3033693521766025,53.323661508184394]]]}},{"id":"10389","type":"Feature","properties":{},"geometry":{"type":"Polygon","coordinates":[[[-6.286324326205658,53.36876176301227],[-6.277474391691594,53.36585491063884],[-6.278483397938556,53.36528582189875],[-6.276715607317316,53.36415070287973],[-6.280340061153533,53.364512672200085],[-6.279317468528338,53.36592777958492],[-6.283959175877845,53.366954883328745],[-6.286324326205658,53.36876176301227]]]}},{"id":"10390","type":"Feature","properties":{},"geometry":{"type":"Polygon","coordinates":[[[-6.188068844535886,53.40035560918522],[-6.1880894078285555,53.399120698933515],[-6.190162113782463,53.399219408774755],[-6.1900984983079015,53.40044002223773],[-6.188068844535886,53.40035560918522]]]}},{"id":"10397","type":"Feature","properties":{},"geometry":{"type":"Polygon","coordinates":[[[-6.241682046815589,53.37243684751653],[-6.241991695561326,53.37175261496458],[-6.239755236431581,53.36951341854879],[-6.243488285047004,53.370197410443915],[-6.241682046815589,53.37243684751653]]]}},{"id":"10402","type":"Feature","properties":{},"geometry":{"type":"MultiPolygon","coordinates":[[[[-6.237187574515255,53.314250970779256],[-6.236739471783944,53.316153592858086],[-6.233533973493033,53.3182543202571],[-6.233404670353109,53.316975336099034],[-6.234422279801336,53.316143905334926],[-6.233422170342997,53.31481460903313],[-6.233866585551474,53.31417086795743],[-6.236740470500052,53.314525576943495],[-6.237187574515255,53.314250970779256]]],[[[-6.238477256591185,53.313458834396876],[-6.238744789025622,53.31329450855539],[-6.239607481709923,53.313568181174205],[-6.238477256591185,53.313458834396876]]],[[[-6.238477256591185,53.313458834396876],[-6.237187574515255,53.314250970779256],[-6.238343936163201,53.3134459356018],[-6.238477256591185,53.313458834396876]]]]}},{"id":"10411","type":"Feature","properties":{},"geometry":{"type":"Polygon","coordinates":[[[-6.292649659765434,53.38302465205368],[-6.2909551409620965,53.38181365725822],[-6.291707599308426,53.38114652561541],[-6.294058300431958,53.38085960757694],[-6.2943994776846255,53.38257198246748],[-6.292649659765434,53.38302465205368]]]}},{"id":"10414","type":"Feature","properties":{},"geometry":{"type":"Polygon","coordinates":[[[-6.26980997205636,53.321958293233955],[-6.271355469953277,53.32174588627037],[-6.2725655299827805,53.322786428791225],[-6.270830913721859,53.32326311970528],[-6.26980997205636,53.321958293233955]]]}},{"id":"10445","type":"Feature","properties":{},"geometry":{"type":"Polygon","coordinates":[[[-6.237076109466171,53.33646517202482],[-6.234827840899068,53.333615745814654],[-6.2321863206757655,53.3347298570112],[-6.231869696433634,53.33384482723655],[-6.23536903154136,53.33228346413267],[-6.238072120155378,53.33610034365792],[-6.237076109466171,53.33646517202482]]]}},{"id":"10447","type":"Feature","properties":{},"geometry":{"type":"Polygon","coordinates":[[[-6.3201944216279555,53.3406818028277],[-6.323206691615701,53.3397796064386],[-6.321980794642794,53.339448400155284],[-6.325858267179748,53.33868885480285],[-6.326319432250162,53.33950284638633],[-6.3201944216279555,53.3406818028277]]]}},{"id":"10455","type":"Feature","properties":{},"geometry":{"type":"Polygon","coordinates":[[[-6.265802808923763,53.337612087668035],[-6.265464631856822,53.336438401084386],[-6.26893046024193,53.33621612391857],[-6.269184270618293,53.33765959473052],[-6.265802808923763,53.337612087668035]]]}},{"id":"10461","type":"Feature","properties":{},"geometry":{"type":"Polygon","coordinates":[[[-6.318327473298635,53.317550246459604],[-6.315789069432424,53.31736739618354],[-6.31694677635382,53.31631925985372],[-6.3216851794146,53.316633416042436],[-6.321272903802047,53.318423035536114],[-6.318327473298635,53.317550246459604]]]}},{"id":"10464","type":"Feature","properties":{},"geometry":{"type":"Polygon","coordinates":[[[-6.274870256278187,53.32211296562651],[-6.277781717882351,53.32171355058378],[-6.277844969847002,53.32250167066463],[-6.275825443408134,53.32243254363795],[-6.275423957769247,53.32286547695316],[-6.274870256278187,53.32211296562651]]]}},{"id":"10467","type":"Feature","properties":{},"geometry":{"type":"Polygon","coordinates":[[[-6.289568001126565,53.34306524971592],[-6.283717306422059,53.34340990584371],[-6.283851900152942,53.342270256051435],[-6.2889211826785205,53.34230551512513],[-6.289568001126565,53.34306524971592]]]}},{"id":"10474","type":"Feature","properties":{},"geometry":{"type":"Polygon","coordinates":[[[-6.351820275869032,53.338573424145466],[-6.351190920680577,53.338632344688],[-6.351012265652575,53.33798851845398],[-6.353421781623105,53.33823945157541],[-6.355618473303164,53.34125715258244],[-6.3544863242140925,53.34103609544547],[-6.351820275869032,53.338573424145466]]]}},{"id":"10484","type":"Feature","properties":{},"geometry":{"type":"Polygon","coordinates":[[[-6.20570103380134,53.32094835140784],[-6.207548522293525,53.321481914707945],[-6.207898074307876,53.32208875775674],[-6.209599146756774,53.32176990224286],[-6.210400320245968,53.32209998261118],[-6.208507579134833,53.32318579386358],[-6.206682041770054,53.32340716423109],[-6.2068381230182545,53.32433893755132],[-6.206301024244959,53.32435248764371],[-6.20570103380134,53.32094835140784]]]}},{"id":"10487","type":"Feature","properties":{},"geometry":{"type":"Polygon","coordinates":[[[-6.244575768084496,53.343174536017024],[-6.241154639869471,53.342741083493635],[-6.241467946822509,53.34111929700183],[-6.2448904913531225,53.34240882883191],[-6.244575768084496,53.343174536017024]]]}},{"id":"10488","type":"Feature","properties":{},"geometry":{"type":"Polygon","coordinates":[[[-6.152450329553938,53.395419774600434],[-6.154612125443421,53.39557820489901],[-6.155797282018632,53.39352551511389],[-6.157768170553109,53.393882472444645],[-6.1568362089082,53.395995806461784],[-6.152450329553938,53.395419774600434]]]}},{"id":"10490","type":"Feature","properties":{},"geometry":{"type":"Polygon","coordinates":[[[-6.209370612445847,53.36286609473669],[-6.208914058894813,53.36241955990179],[-6.210321137283609,53.36178704346785],[-6.210670344148279,53.36084478427771],[-6.212179094764989,53.36114850367372],[-6.212000587776733,53.36161190110453],[-6.213807787987239,53.36192518547796],[-6.213653684643204,53.36225132386502],[-6.214760092046195,53.36217643625941],[-6.214464027757523,53.36299672370146],[-6.209370612445847,53.36286609473669]]]}},{"id":"10507","type":"Feature","properties":{},"geometry":{"type":"Polygon","coordinates":[[[-6.25587445162831,53.32119881987414],[-6.254952982458432,53.318601192041974],[-6.256314750361879,53.31854576890352],[-6.257106682646074,53.32098163776909],[-6.25587445162831,53.32119881987414]]]}},{"id":"10511","type":"Feature","properties":{},"geometry":{"type":"Polygon","coordinates":[[[-6.289545952222238,53.382476803452626],[-6.28839080312298,53.38181040053648],[-6.28908199630703,53.38138856169629],[-6.290193686999319,53.382074819129855],[-6.289545952222238,53.382476803452626]]]}},{"id":"10515","type":"Feature","properties":{},"geometry":{"type":"Polygon","coordinates":[[[-6.28238308098225,53.34561441149886],[-6.280787576166081,53.345374216341234],[-6.281037475642384,53.34442032504793],[-6.2823200415040885,53.34453063733309],[-6.2826335341863,53.343348453142106],[-6.284834432646387,53.3434819838174],[-6.2846766814392305,53.34536511111909],[-6.282731012399555,53.34496380202983],[-6.28238308098225,53.34561441149886]]]}},{"id":"10518","type":"Feature","properties":{},"geometry":{"type":"Polygon","coordinates":[[[-6.306381011534179,53.39526427205292],[-6.307101942831424,53.394863675384194],[-6.306963916297106,53.39387014542105],[-6.308736123923749,53.39389764910089],[-6.308812957429873,53.39552151776141],[-6.307184837170339,53.395721486612004],[-6.306621309632806,53.39785792762375],[-6.306381011534179,53.39526427205292]]]}},{"id":"10519","type":"Feature","properties":{},"geometry":{"type":"Polygon","coordinates":[[[-6.278780927735455,53.34161972869819],[-6.281777957166144,53.3414562214062],[-6.28177482375366,53.34221989437973],[-6.279094007794232,53.34223743092097],[-6.278780927735455,53.34161972869819]]]}},{"id":"10527","type":"Feature","properties":{},"geometry":{"type":"Polygon","coordinates":[[[-6.283867751893079,53.321698363680255],[-6.28114767348542,53.31911894767031],[-6.28217696989165,53.31841775530943],[-6.284825347945413,53.320870562016204],[-6.283867751893079,53.321698363680255]]]}},{"id":"10535","type":"Feature","properties":{},"geometry":{"type":"Polygon","coordinates":[[[-6.224416747308482,53.33057451214236],[-6.226933291073583,53.32787385555859],[-6.228791049787119,53.32836284543291],[-6.226574606697783,53.33221399355203],[-6.224416747308482,53.33057451214236]]]}},{"id":"10557","type":"Feature","properties":{},"geometry":{"type":"Polygon","coordinates":[[[-6.361052856507459,53.33856680161877],[-6.36372096082985,53.338283983884416],[-6.372355699077887,53.339771811454035],[-6.372170941118409,53.34020742754422],[-6.365715291929054,53.3388013799548],[-6.361052856507459,53.33856680161877]]]}},{"id":"10558","type":"Feature","properties":{},"geometry":{"type":"Polygon","coordinates":[[[-6.265735839056334,53.313724282204994],[-6.269249027852489,53.31340498540818],[-6.2693804288483435,53.31484906714853],[-6.2664542878259875,53.315263593127256],[-6.265735839056334,53.313724282204994]]]}},{"id":"10563","type":"Feature","properties":{},"geometry":{"type":"Polygon","coordinates":[[[-6.2306991752420675,53.402098448982436],[-6.230992600513882,53.400426619554544],[-6.233550890461188,53.400903183643],[-6.233754573901103,53.40166653464203],[-6.232486711588,53.40284450476891],[-6.2306991752420675,53.402098448982436]]]}},{"id":"10566","type":"Feature","properties":{},"geometry":{"type":"Polygon","coordinates":[[[-6.164203060564716,53.402115392478414],[-6.16451187563985,53.40073295134193],[-6.161924274909076,53.40015413346372],[-6.161732294555734,53.39938374847681],[-6.1616512600088384,53.39848006020887],[-6.161702890998902,53.39888183607859],[-6.16710767540951,53.400425667756515],[-6.166149897899009,53.401145696139054],[-6.165062486087936,53.400802400963315],[-6.164913888868997,53.40140780715103],[-6.166004146752967,53.40149051727601],[-6.165607426814493,53.40228895202465],[-6.164203060564716,53.402115392478414]]]}},{"id":"10594","type":"Feature","properties":{},"geometry":{"type":"Polygon","coordinates":[[[-6.234314015391414,53.356571610487315],[-6.23533406181188,53.35698426364466],[-6.234747716659722,53.357481415910605],[-6.233885484228423,53.35695263013014],[-6.234314015391414,53.356571610487315]]]}},{"id":"10603","type":"Feature","properties":{},"geometry":{"type":"Polygon","coordinates":[[[-6.278894660393582,53.38295599659537],[-6.283373181945809,53.38261441280065],[-6.28437481460518,53.38333886886624],[-6.279877437233264,53.383651627975354],[-6.278894660393582,53.38295599659537]]]}},{"id":"10614","type":"Feature","properties":{},"geometry":{"type":"Polygon","coordinates":[[[-6.362879600004171,53.34529218216867],[-6.362756887745109,53.34409992347826],[-6.363790844662124,53.34393228960809],[-6.366543343769786,53.34540401870704],[-6.368151822771198,53.34554036481127],[-6.368385136735189,53.34609410664213],[-6.362879600004171,53.34529218216867]]]}},{"id":"10619","type":"Feature","properties":{},"geometry":{"type":"Polygon","coordinates":[[[-6.235875673534031,53.391056911427555],[-6.240145635708053,53.390887572873446],[-6.23993820855172,53.3917353531455],[-6.2368321942385565,53.39213748041907],[-6.234560014138168,53.3931314772254],[-6.235875673534031,53.391056911427555]]]}},{"id":"10629","type":"Feature","properties":{},"geometry":{"type":"Polygon","coordinates":[[[-6.178878813217204,53.38114868815332],[-6.187679208732968,53.37964532475881],[-6.188082048103272,53.38034129218671],[-6.1852032818894545,53.38286504118317],[-6.183014122182801,53.38184460896198],[-6.178878813217204,53.38114868815332]]]}},{"id":"10630","type":"Feature","properties":{},"geometry":{"type":"Polygon","coordinates":[[[-6.270224371598656,53.35684327593637],[-6.270593116610906,53.35585107814606],[-6.27159935403188,53.35603096678068],[-6.271830683590482,53.35523382951225],[-6.272593720306974,53.35564875797021],[-6.272369430259061,53.35692470383265],[-6.270224371598656,53.35684327593637]]]}},{"id":"10647","type":"Feature","properties":{},"geometry":{"type":"Polygon","coordinates":[[[-6.1777182579509855,53.377017504175264],[-6.17463075628616,53.37491261784427],[-6.175973809678913,53.374555055314865],[-6.179101893069133,53.37535820949192],[-6.179134519018113,53.37635316932016],[-6.1777182579509855,53.377017504175264]]]}},{"id":"10654","type":"Feature","properties":{},"geometry":{"type":"Polygon","coordinates":[[[-6.291197421443145,53.34343618554841],[-6.2933434717739205,53.342572429249735],[-6.2936545672377555,53.34317868357958],[-6.291197421443145,53.34343618554841]]]}},{"id":"10667","type":"Feature","properties":{},"geometry":{"type":"Polygon","coordinates":[[[-6.26768069194357,53.3299041838011],[-6.2688406058195225,53.32983540246696],[-6.268952054991024,53.33118398007242],[-6.267804022046833,53.33122285287816],[-6.26768069194357,53.3299041838011]]]}},{"id":"10683","type":"Feature","properties":{},"geometry":{"type":"Polygon","coordinates":[[[-6.305706521071151,53.362932539590574],[-6.309343202378129,53.36195968988574],[-6.310425466938269,53.363020263423174],[-6.309162381138786,53.36375124653669],[-6.305706521071151,53.362932539590574]]]}},{"id":"10688","type":"Feature","properties":{},"geometry":{"type":"Polygon","coordinates":[[[-6.1957777267183465,53.376904785254226],[-6.194093337389813,53.372662852153454],[-6.196860041126549,53.37239172808936],[-6.198125955124493,53.373939034036596],[-6.199502580944279,53.37349267826912],[-6.199968740533875,53.37383517540736],[-6.19870676539062,53.374462598905055],[-6.199296582954256,53.37524110205018],[-6.1957777267183465,53.376904785254226]]]}},{"id":"10702","type":"Feature","properties":{},"geometry":{"type":"Polygon","coordinates":[[[-6.240327985355306,53.34978504321818],[-6.240460888751997,53.34904187769752],[-6.242647744873075,53.349597702763646],[-6.243024553242663,53.349218910574464],[-6.242902177218771,53.34995769466968],[-6.240327985355306,53.34978504321818]]]}},{"id":"10703","type":"Feature","properties":{},"geometry":{"type":"Polygon","coordinates":[[[-6.286207794085456,53.36495036053231],[-6.286393237795728,53.364097064293446],[-6.287854709719239,53.36447262051774],[-6.289378629612591,53.36345216705394],[-6.291210749148921,53.36428475203551],[-6.290186303489493,53.36614816662686],[-6.289016203778041,53.3652726508871],[-6.286207794085456,53.36495036053231]]]}},{"id":"10721","type":"Feature","properties":{},"geometry":{"type":"Polygon","coordinates":[[[-6.192386793197646,53.38090307353214],[-6.1924607780471606,53.37931304660381],[-6.193695124828897,53.37912662462827],[-6.195180912499936,53.37797592272059],[-6.195906945747379,53.379302631669766],[-6.19512982863475,53.380801791583735],[-6.192386793197646,53.38090307353214]]]}},{"id":"10731","type":"Feature","properties":{},"geometry":{"type":"Polygon","coordinates":[[[-6.157768170553109,53.393882472444645],[-6.1581809210837255,53.39227589251987],[-6.157440334590188,53.392032216690225],[-6.159394496964308,53.392035410734614],[-6.1587412672022115,53.39360013943842],[-6.159582333568869,53.39325878679618],[-6.16354981234817,53.39381183456813],[-6.160845571950523,53.39419186180209],[-6.157768170553109,53.393882472444645]]]}},{"id":"10747","type":"Feature","properties":{},"geometry":{"type":"Polygon","coordinates":[[[-6.284933853644114,53.39431878826149],[-6.279310861509113,53.393442885841225],[-6.279437786772917,53.39138938785621],[-6.280040264222488,53.39140336439291],[-6.280007696077923,53.392523854548266],[-6.285626023452898,53.39259550920841],[-6.2848892518195925,53.393422186140285],[-6.2858416631570355,53.39363921141366],[-6.284933853644114,53.39431878826149]]]}},{"id":"10752","type":"Feature","properties":{},"geometry":{"type":"Polygon","coordinates":[[[-6.257106682646074,53.32098163776909],[-6.259551063411665,53.3208000057331],[-6.260308490027207,53.323476598357765],[-6.2589047016729555,53.32378458789226],[-6.257106682646074,53.32098163776909]]]}},{"id":"10773","type":"Feature","properties":{},"geometry":{"type":"Polygon","coordinates":[[[-6.215939320953503,53.38591458546771],[-6.216372560420855,53.38431249218694],[-6.221055093904039,53.38455611624078],[-6.220924512310744,53.38592535991791],[-6.219231100497799,53.385679610474874],[-6.218940315260792,53.386294651845226],[-6.215939320953503,53.38591458546771]]]}},{"id":"10775","type":"Feature","properties":{},"geometry":{"type":"Polygon","coordinates":[[[-6.275859691381857,53.404294586314286],[-6.272394894265969,53.40225703060292],[-6.27372977988101,53.40119659200201],[-6.277330165317439,53.4037926307012],[-6.275859691381857,53.404294586314286]]]}},{"id":"10777","type":"Feature","properties":{},"geometry":{"type":"Polygon","coordinates":[[[-6.323354080775198,53.3198958367826],[-6.3205124489007005,53.31959919611637],[-6.321388686513281,53.31820860978056],[-6.325534863744106,53.319288048891785],[-6.323354080775198,53.3198958367826]]]}},{"id":"10780","type":"Feature","properties":{},"geometry":{"type":"Polygon","coordinates":[[[-6.20880274732858,53.39316039224376],[-6.209774121903742,53.391500792190996],[-6.214732166188821,53.39312556231186],[-6.211600073690319,53.392425402762846],[-6.210735309021899,53.39383214090573],[-6.20880274732858,53.39316039224376]]]}},{"id":"10787","type":"Feature","properties":{},"geometry":{"type":"Polygon","coordinates":[[[-6.279920338150883,53.362005604315755],[-6.277795591842721,53.36204650334869],[-6.277855795277504,53.36180182715688],[-6.279920338150883,53.362005604315755]]]}},{"id":"10791","type":"Feature","properties":{},"geometry":{"type":"Polygon","coordinates":[[[-6.250356478780175,53.35294661058313],[-6.251996907398382,53.3525999572635],[-6.252604655899611,53.35300988202508],[-6.250614193571738,53.3534504163483],[-6.250356478780175,53.35294661058313]]]}},{"id":"10793","type":"Feature","properties":{},"geometry":{"type":"Polygon","coordinates":[[[-6.16896695289024,53.39904466724988],[-6.164848935431177,53.39832754069017],[-6.164894740242731,53.397434766048384],[-6.169186392113273,53.39721433817866],[-6.16896695289024,53.39904466724988]]]}},{"id":"10795","type":"Feature","properties":{},"geometry":{"type":"Polygon","coordinates":[[[-6.234524261264065,53.39041854145802],[-6.231036209610405,53.38950840292543],[-6.231216994936466,53.38900508732384],[-6.2355756248680665,53.389873634954476],[-6.2352602591840585,53.38794780451688],[-6.237022676827726,53.387922922102554],[-6.236138113666276,53.39030412774267],[-6.234524261264065,53.39041854145802]]]}},{"id":"10797","type":"Feature","properties":{},"geometry":{"type":"Polygon","coordinates":[[[-6.299738347306851,53.38073612625686],[-6.300095780753924,53.37835127753109],[-6.302678543034832,53.37829715756491],[-6.302242286300231,53.38090958285498],[-6.299738347306851,53.38073612625686]]]}},{"id":"10798","type":"Feature","properties":{},"geometry":{"type":"Polygon","coordinates":[[[-6.202755443582094,53.40158838430785],[-6.203110970144437,53.3994366864993],[-6.204529287691486,53.3994008179881],[-6.205341512179542,53.40208580070063],[-6.202755443582094,53.40158838430785]]]}},{"id":"10811","type":"Feature","properties":{},"geometry":{"type":"Polygon","coordinates":[[[-6.286158386688932,53.384139781586235],[-6.286576191603763,53.38186332428731],[-6.288103168532669,53.381644526847204],[-6.288899047970363,53.382163538150486],[-6.287599221317919,53.384524269772406],[-6.286158386688932,53.384139781586235]]]}},{"id":"10816","type":"Feature","properties":{},"geometry":{"type":"Polygon","coordinates":[[[-6.259051839315694,53.398484360626284],[-6.260773763121369,53.39811190130194],[-6.26178202369226,53.39543100991159],[-6.264143905364239,53.39680476754738],[-6.264064616410331,53.39780761443164],[-6.261448693475451,53.39777107328247],[-6.260665436121148,53.39844130764149],[-6.259051839315694,53.398484360626284]]]}},{"id":"10830","type":"Feature","properties":{},"geometry":{"type":"Polygon","coordinates":[[[-6.2778804186374595,53.331778682824805],[-6.278823968799643,53.33157946192369],[-6.278481720788518,53.333701280561776],[-6.277605724773234,53.33410836263693],[-6.2778804186374595,53.331778682824805]]]}},{"id":"10831","type":"Feature","properties":{},"geometry":{"type":"Polygon","coordinates":[[[-6.351820275869032,53.338573424145466],[-6.3544863242140925,53.34103609544547],[-6.355618473303164,53.34125715258244],[-6.355742852017468,53.3420147480878],[-6.353817717568859,53.34199342311095],[-6.3537246577144115,53.34068064651786],[-6.351820275869032,53.338573424145466]]]}},{"id":"10862","type":"Feature","properties":{},"geometry":{"type":"Polygon","coordinates":[[[-6.181996157141665,53.40486569684897],[-6.1794878731848195,53.40407124583794],[-6.180784829605144,53.40340723487434],[-6.182373594592456,53.40395755662855],[-6.181996157141665,53.40486569684897]]]}},{"id":"10874","type":"Feature","properties":{},"geometry":{"type":"Polygon","coordinates":[[[-6.235591783304278,53.34278895676392],[-6.234045832918699,53.34278291822227],[-6.234101302021815,53.34256912010212],[-6.235591783304278,53.34278895676392]]]}},{"id":"10878","type":"Feature","properties":{},"geometry":{"type":"Polygon","coordinates":[[[-6.276294408529905,53.32785523100325],[-6.272711901552057,53.32565816012396],[-6.275318389563833,53.324707217228685],[-6.275834650132892,53.32585869774179],[-6.274837217694849,53.32640527907245],[-6.276294408529905,53.32785523100325]]]}},{"id":"10881","type":"Feature","properties":{},"geometry":{"type":"Polygon","coordinates":[[[-6.185011591847241,53.37682966964726],[-6.189082686293839,53.375934021034524],[-6.1834741590324525,53.37507741992796],[-6.179101893069133,53.37535820949192],[-6.175973809678913,53.374555055314865],[-6.171088976940757,53.37719942839586],[-6.164590717679479,53.374091848508186],[-6.167217217956361,53.370867319063755],[-6.17259934670531,53.36709305360216],[-6.1814321503126415,53.36982143279274],[-6.18224391751343,53.36829633439251],[-6.186242036714283,53.36922739601717],[-6.194513372879868,53.36918597631131],[-6.194093337389813,53.372662852153454],[-6.194826750229859,53.37545545346533],[-6.185222016738748,53.37753428892961],[-6.185011591847241,53.37682966964726]]]}},{"id":"10898","type":"Feature","properties":{},"geometry":{"type":"Polygon","coordinates":[[[-6.2668965743709215,53.39445336124961],[-6.266789287705203,53.39365260504726],[-6.2651673664340795,53.39301035231916],[-6.266299457375965,53.39244882400972],[-6.2678990955535365,53.39246854104736],[-6.269079309296193,53.39287335081256],[-6.270345536951421,53.39492630862551],[-6.268925206462979,53.395255741095525],[-6.268159335516838,53.39432211823508],[-6.2668965743709215,53.39445336124961]]]}},{"id":"10900","type":"Feature","properties":{},"geometry":{"type":"Polygon","coordinates":[[[-6.233359951022993,53.314751552051796],[-6.234422279801336,53.316143905334926],[-6.233404670353109,53.316975336099034],[-6.231661188364893,53.31534232951488],[-6.233359951022993,53.314751552051796]]]}},{"id":"10904","type":"Feature","properties":{},"geometry":{"type":"Polygon","coordinates":[[[-6.263427489164169,53.3286012083373],[-6.263788655663245,53.32716022979842],[-6.264810796539554,53.32708119473698],[-6.2645212308875,53.32867914401149],[-6.263427489164169,53.3286012083373]]]}},{"id":"10908","type":"Feature","properties":{},"geometry":{"type":"Polygon","coordinates":[[[-6.256602085639898,53.35379646482954],[-6.258043740367092,53.35365658934234],[-6.258174194231248,53.353875826212416],[-6.256889181969891,53.354200631034615],[-6.256602085639898,53.35379646482954]]]}},{"id":"10930","type":"Feature","properties":{},"geometry":{"type":"Polygon","coordinates":[[[-6.327317480393968,53.34212363167475],[-6.327273446007694,53.34118405450112],[-6.32852953391895,53.34093958587661],[-6.328111538677476,53.342170257238415],[-6.327317480393968,53.34212363167475]]]}},{"id":"10931","type":"Feature","properties":{},"geometry":{"type":"Polygon","coordinates":[[[-6.231231456027995,53.32696252094194],[-6.23224482106919,53.327203550802686],[-6.232386065020604,53.32792512061611],[-6.2312549103354,53.328643253826],[-6.231231456027995,53.32696252094194]]]}},{"id":"10932","type":"Feature","properties":{},"geometry":{"type":"Polygon","coordinates":[[[-6.245045755170511,53.39732398903115],[-6.245706713699501,53.3906620226552],[-6.2462314525561915,53.39167399774377],[-6.25306838894277,53.39108210851768],[-6.25227228115478,53.39256629305142],[-6.251146570497856,53.39235150196366],[-6.250415939500079,53.39443515771572],[-6.251478008158156,53.395889905508746],[-6.250211380165115,53.39728241693048],[-6.251942130359219,53.398217832370825],[-6.251585444593902,53.39907591133125],[-6.245045755170511,53.39732398903115]]]}},{"id":"10933","type":"Feature","properties":{},"geometry":{"type":"Polygon","coordinates":[[[-6.2430806270242485,53.39009423441693],[-6.245577314594806,53.390349897462904],[-6.245736711756172,53.39279954834416],[-6.24450824523642,53.392698941665856],[-6.244379984647913,53.39322936488773],[-6.242426475588057,53.393621430104986],[-6.2430806270242485,53.39009423441693]]]}},{"id":"10952","type":"Feature","properties":{},"geometry":{"type":"Polygon","coordinates":[[[-6.267609582727391,53.32124397599793],[-6.269286385079267,53.318864287671445],[-6.270573015105047,53.31910837253103],[-6.270998295738198,53.31997924175362],[-6.267609582727391,53.32124397599793]]]}},{"id":"10953","type":"Feature","properties":{},"geometry":{"type":"Polygon","coordinates":[[[-6.201277394117967,53.3721284789137],[-6.19769561994673,53.371552928156],[-6.197684452651711,53.370725407691545],[-6.199227599248515,53.370379891896924],[-6.20200622109859,53.37075090779536],[-6.201277394117967,53.3721284789137]]]}},{"id":"10956","type":"Feature","properties":{},"geometry":{"type":"Polygon","coordinates":[[[-6.246724853921748,53.33972503140477],[-6.249093415275856,53.336813207840315],[-6.253590079853252,53.338134987157865],[-6.250733021261872,53.34113769802868],[-6.246724853921748,53.33972503140477]]]}},{"id":"10959","type":"Feature","properties":{},"geometry":{"type":"Polygon","coordinates":[[[-6.291484545076575,53.31520033839739],[-6.293029661496006,53.31360929461091],[-6.2961892340737835,53.31466509604471],[-6.2945695839854,53.31605840145092],[-6.291484545076575,53.31520033839739]]]}},{"id":"10973","type":"Feature","properties":{},"geometry":{"type":"Polygon","coordinates":[[[-6.248338895627516,53.35123757744364],[-6.246697530053868,53.35087453608516],[-6.248374189986971,53.35097911179241],[-6.248338895627516,53.35123757744364]]]}},{"id":"10988","type":"Feature","properties":{},"geometry":{"type":"Polygon","coordinates":[[[-6.243147893492089,53.34029820043725],[-6.241190312690448,53.33946217591971],[-6.242097199553589,53.33848878749622],[-6.241221947658088,53.33834502870595],[-6.2400706955074465,53.33901423316114],[-6.2387423165912,53.338603078294994],[-6.240332391492787,53.33754437799367],[-6.244448845522642,53.33892448552812],[-6.243147893492089,53.34029820043725]]]}},{"id":"10993","type":"Feature","properties":{},"geometry":{"type":"Polygon","coordinates":[[[-6.273012398938783,53.31358930851535],[-6.274257834691375,53.311976509314405],[-6.274599221212262,53.311902406825475],[-6.275552888079003,53.31386866601675],[-6.273012398938783,53.31358930851535]]]}},{"id":"11014","type":"Feature","properties":{},"geometry":{"type":"Polygon","coordinates":[[[-6.21457358826694,53.32840433004407],[-6.214593112156034,53.32671198184765],[-6.21587636546998,53.32632124852174],[-6.215156864522263,53.325786849867306],[-6.215978576453779,53.32529146180183],[-6.217780165122091,53.32667540512352],[-6.216649724185043,53.327925279739375],[-6.21457358826694,53.32840433004407]]]}},{"id":"11019","type":"Feature","properties":{},"geometry":{"type":"Polygon","coordinates":[[[-6.16814840828473,53.39466561775326],[-6.169137138209907,53.39396571474594],[-6.16910347373575,53.39287699969286],[-6.17150383557219,53.39249162834878],[-6.1712843524117735,53.39439962827536],[-6.170075377284324,53.39574372563697],[-6.16814840828473,53.39466561775326]]]}},{"id":"11025","type":"Feature","properties":{},"geometry":{"type":"Polygon","coordinates":[[[-6.308458717174019,53.374800427489944],[-6.306932899843245,53.37371525750852],[-6.308167137888048,53.373486974986456],[-6.309037199357158,53.373882078102525],[-6.308981710881863,53.372602118141245],[-6.311038979460587,53.37284272008813],[-6.31084371788807,53.37503556512523],[-6.308458717174019,53.374800427489944]]]}},{"id":"11037","type":"Feature","properties":{},"geometry":{"type":"Polygon","coordinates":[[[-6.294380565104756,53.34981278524691],[-6.289913069211926,53.349562506789574],[-6.290042641101932,53.3486066849603],[-6.294043666673171,53.348864249008315],[-6.294380565104756,53.34981278524691]]]}},{"id":"11042","type":"Feature","properties":{},"geometry":{"type":"Polygon","coordinates":[[[-6.3815719590916915,53.337745937764325],[-6.38004005501938,53.33653097818066],[-6.380778810673235,53.33620396733723],[-6.3818556127785655,53.3368121786847],[-6.377863064836999,53.33403447742246],[-6.382577222116969,53.3336694250768],[-6.385771136694562,53.33701249793817],[-6.3855976047141825,53.33794151025829],[-6.383867485847302,53.33798501040266],[-6.382565186382115,53.33737749075545],[-6.3815719590916915,53.337745937764325]]]}},{"id":"11045","type":"Feature","properties":{},"geometry":{"type":"Polygon","coordinates":[[[-6.284022922634342,53.33068906528808],[-6.284470392930179,53.32960304217496],[-6.287412934880543,53.32772683090306],[-6.288485797356037,53.329742081267376],[-6.28527813094903,53.32944664108907],[-6.284022922634342,53.33068906528808]]]}},{"id":"11063","type":"Feature","properties":{},"geometry":{"type":"Polygon","coordinates":[[[-6.167343547456599,53.37674497599856],[-6.166649012223132,53.37642803557079],[-6.167441379840419,53.37582903436409],[-6.16829813738267,53.37627169740516],[-6.167343547456599,53.37674497599856]]]}},{"id":"11069","type":"Feature","properties":{},"geometry":{"type":"Polygon","coordinates":[[[-6.229653306614881,53.317485808097445],[-6.232003900785781,53.316559621085624],[-6.229331593564606,53.314615217368825],[-6.232310681225777,53.31332666506331],[-6.233359951022993,53.314751552051796],[-6.231661188364893,53.31534232951488],[-6.233404670353109,53.316975336099034],[-6.233533973493033,53.3182543202571],[-6.232226294094313,53.3193784146048],[-6.229653306614881,53.317485808097445]]]}},{"id":"11074","type":"Feature","properties":{},"geometry":{"type":"Polygon","coordinates":[[[-6.229214536498854,53.35498204175889],[-6.2297823672812465,53.35452744317182],[-6.231687749911117,53.35541839611836],[-6.232401350061182,53.35508489449559],[-6.232482484813242,53.355628090229004],[-6.231609616038339,53.35638602487411],[-6.229214536498854,53.35498204175889]]]}},{"id":"11076","type":"Feature","properties":{},"geometry":{"type":"Polygon","coordinates":[[[-6.2955287445846775,53.341963385021856],[-6.296857964248698,53.341649396477386],[-6.297946095435778,53.342303607446574],[-6.296191399589202,53.34259166099362],[-6.2955287445846775,53.341963385021856]]]}},{"id":"11078","type":"Feature","properties":{},"geometry":{"type":"Polygon","coordinates":[[[-6.279842067543014,53.34845742436561],[-6.280015690951749,53.34770007470467],[-6.282176598026004,53.34794077253629],[-6.281115807803599,53.34908084103603],[-6.279842067543014,53.34845742436561]]]}},{"id":"11087","type":"Feature","properties":{},"geometry":{"type":"Polygon","coordinates":[[[-6.27165431717532,53.3302205735461],[-6.271550252167971,53.32967397303306],[-6.273567932723039,53.329620167175754],[-6.27354822014179,53.33169984914741],[-6.2728201722818335,53.33171681387022],[-6.272372899562368,53.33020129490088],[-6.27165431717532,53.3302205735461]]]}},{"id":"11101","type":"Feature","properties":{},"geometry":{"type":"Polygon","coordinates":[[[-6.233523015351157,53.35145374028887],[-6.229404356276125,53.349847511728974],[-6.232783027444179,53.35007787846358],[-6.23263298463166,53.34854302394839],[-6.237733352070344,53.34895439882938],[-6.23762590330613,53.34953269065729],[-6.2366745293929355,53.349468489213784],[-6.236555952802832,53.35031923499536],[-6.234995268537941,53.35021566019153],[-6.233523015351157,53.35145374028887]]]}},{"id":"11105","type":"Feature","properties":{},"geometry":{"type":"Polygon","coordinates":[[[-6.282766340021119,53.31164257921836],[-6.283524822864098,53.30984630792747],[-6.285505765909295,53.309690041506066],[-6.284630447236162,53.31130098110945],[-6.285638029171781,53.31148447233232],[-6.285269228340685,53.31209668190088],[-6.282766340021119,53.31164257921836]]]}},{"id":"11123","type":"Feature","properties":{},"geometry":{"type":"Polygon","coordinates":[[[-6.210216714095779,53.319930437941515],[-6.212336696883985,53.3186889329006],[-6.2154732653915605,53.3204609204137],[-6.211685882754264,53.32095095771598],[-6.210216714095779,53.319930437941515]]]}},{"id":"11132","type":"Feature","properties":{},"geometry":{"type":"Polygon","coordinates":[[[-6.2908254173509395,53.361336537132374],[-6.287049618509927,53.359501124751105],[-6.287098487464786,53.358840520755024],[-6.285838393195366,53.35845958666892],[-6.286620147538738,53.358251361781555],[-6.286289018309684,53.35773762168369],[-6.289062139420932,53.35741389410577],[-6.288372205415608,53.35890984103577],[-6.2914832910956475,53.36045339964442],[-6.2908254173509395,53.361336537132374]]]}},{"id":"11134","type":"Feature","properties":{},"geometry":{"type":"Polygon","coordinates":[[[-6.28614162748857,53.39132141083299],[-6.279437786772917,53.39138938785621],[-6.279484267049784,53.390307144417605],[-6.2861449018370745,53.390482140593605],[-6.28614162748857,53.39132141083299]]]}},{"id":"11136","type":"Feature","properties":{},"geometry":{"type":"Polygon","coordinates":[[[-6.36565976161033,53.34186384963945],[-6.362429430132938,53.34128215464946],[-6.361804251637174,53.34163656084358],[-6.361750053079495,53.34093842977841],[-6.3645801170375,53.34118660500634],[-6.365032637804156,53.33978957619819],[-6.366049238441314,53.339997895483],[-6.366762483770768,53.340205289323855],[-6.36565976161033,53.34186384963945]]]}},{"id":"11150","type":"Feature","properties":{},"geometry":{"type":"Polygon","coordinates":[[[-6.285799462488371,53.339922676565365],[-6.287654367494987,53.3394208868053],[-6.287596822548466,53.340761793288344],[-6.286322416785254,53.340745975240544],[-6.285799462488371,53.339922676565365]]]}},{"id":"11154","type":"Feature","properties":{},"geometry":{"type":"Polygon","coordinates":[[[-6.2784520268819115,53.32989379448647],[-6.278731954397895,53.328045231099736],[-6.277320668137025,53.32739506111283],[-6.2803242203683585,53.327852059095214],[-6.281062011602737,53.32915001513481],[-6.2807487219219915,53.330196345948174],[-6.2784520268819115,53.32989379448647]]]}},{"id":"11163","type":"Feature","properties":{},"geometry":{"type":"Polygon","coordinates":[[[-6.183001857876964,53.38890288515053],[-6.18580738666978,53.38848185204884],[-6.18560591193153,53.38787223251421],[-6.189620316926829,53.38665783203711],[-6.190751160838098,53.38801788124519],[-6.188783340793263,53.38876543142771],[-6.186420247199527,53.38891814808115],[-6.186579406115235,53.38975853225824],[-6.183985691171957,53.389931803368626],[-6.183001857876964,53.38890288515053]]]}},{"id":"11176","type":"Feature","properties":{},"geometry":{"type":"Polygon","coordinates":[[[-6.292879338545731,53.34976203256767],[-6.294380565104756,53.34981278524691],[-6.294383710562498,53.350630537179974],[-6.291396047854535,53.35104721638107],[-6.290646113869535,53.35057076735585],[-6.292924351207433,53.350241821332645],[-6.292879338545731,53.34976203256767]]]}},{"id":"11178","type":"Feature","properties":{},"geometry":{"type":"Polygon","coordinates":[[[-6.279148571928164,53.31860277725713],[-6.279613783105154,53.31788334644689],[-6.281609611703166,53.31828302998837],[-6.281958975967769,53.31713279218712],[-6.284616403792595,53.31660297338998],[-6.282622880017257,53.31733810569004],[-6.2827585235050565,53.31800351699712],[-6.28114767348542,53.31911894767031],[-6.279148571928164,53.31860277725713]]]}},{"id":"11193","type":"Feature","properties":{},"geometry":{"type":"Polygon","coordinates":[[[-6.333088377099104,53.376603548328035],[-6.332828878533217,53.375613088970645],[-6.334020595652781,53.37579114491675],[-6.333088377099104,53.376603548328035]]]}},{"id":"11206","type":"Feature","properties":{},"geometry":{"type":"Polygon","coordinates":[[[-6.2503517435446225,53.37581144799135],[-6.251532607370227,53.374335158619694],[-6.252412295580155,53.37542108591592],[-6.254182292260979,53.375808949956316],[-6.254967893562087,53.374448246784844],[-6.256495227134239,53.37477284743543],[-6.2554218802898065,53.3768957581183],[-6.2503517435446225,53.37581144799135]]]}},{"id":"11221","type":"Feature","properties":{},"geometry":{"type":"Polygon","coordinates":[[[-6.224683157205207,53.378577581523345],[-6.2253936140887545,53.37746255636475],[-6.230098318696017,53.37845059057615],[-6.22964390003432,53.37960254424903],[-6.228301123719867,53.37996901787141],[-6.224683157205207,53.378577581523345]]]}},{"id":"11223","type":"Feature","properties":{},"geometry":{"type":"Polygon","coordinates":[[[-6.2333757260074965,53.37058224181252],[-6.236561814526285,53.37174250598815],[-6.235962749562112,53.37235262414074],[-6.234753314857442,53.37210723279586],[-6.233594767854998,53.372525032474435],[-6.232294378195362,53.37159065909893],[-6.2333757260074965,53.37058224181252]]]}},{"id":"11236","type":"Feature","properties":{},"geometry":{"type":"Polygon","coordinates":[[[-6.303475968998513,53.391604438159945],[-6.299349061183561,53.388227882475135],[-6.301679852041832,53.38771314132844],[-6.304313238632834,53.38803587020249],[-6.304144162112312,53.3889518059494],[-6.306205863044992,53.38893409004603],[-6.307673421899067,53.389468722140016],[-6.307803459920277,53.39015662795258],[-6.306619297674799,53.39048944976251],[-6.3060663942831034,53.391474364344454],[-6.303475968998513,53.391604438159945]]]}},{"id":"11237","type":"Feature","properties":{},"geometry":{"type":"Polygon","coordinates":[[[-6.149934267045317,53.381946771092984],[-6.155232257733091,53.37954897499702],[-6.160713734195779,53.38043097502632],[-6.16113972797813,53.38140355575824],[-6.159402402842494,53.380966378430195],[-6.159706656125743,53.380566006717864],[-6.150198251989504,53.38245973099371],[-6.149934267045317,53.381946771092984]]]}},{"id":"11266","type":"Feature","properties":{},"geometry":{"type":"Polygon","coordinates":[[[-6.237770106597444,53.382698351109596],[-6.238516418521841,53.38176965352129],[-6.239594846609237,53.382041195046725],[-6.239992239284956,53.383503890595115],[-6.238143664213554,53.383406995589795],[-6.237770106597444,53.382698351109596]]]}},{"id":"11283","type":"Feature","properties":{},"geometry":{"type":"Polygon","coordinates":[[[-6.315041505851557,53.36711730374793],[-6.307684762379778,53.36471628559709],[-6.310425466938269,53.363020263423174],[-6.311208596185936,53.36309807587794],[-6.309929336465187,53.36438296771157],[-6.310191504126654,53.36512546875771],[-6.315212948580739,53.36667221834492],[-6.315041505851557,53.36711730374793]]]}},{"id":"11285","type":"Feature","properties":{},"geometry":{"type":"Polygon","coordinates":[[[-6.274606539601123,53.350752625368905],[-6.274608047050746,53.35015372586306],[-6.276165949507814,53.34989391941058],[-6.276151580475674,53.3507033856532],[-6.274606539601123,53.350752625368905]]]}},{"id":"11296","type":"Feature","properties":{},"geometry":{"type":"Polygon","coordinates":[[[-6.266890291980211,53.33198830349499],[-6.26684738562278,53.331270445699595],[-6.268107532898087,53.331216438005],[-6.268237043118529,53.33201859374844],[-6.266890291980211,53.33198830349499]]]}},{"id":"11312","type":"Feature","properties":{},"geometry":{"type":"Polygon","coordinates":[[[-6.216525522329361,53.33924375414882],[-6.220251565340317,53.3381057147317],[-6.221630495005878,53.3397215541221],[-6.218197146140554,53.33987260359681],[-6.216525522329361,53.33924375414882]]]}},{"id":"11316","type":"Feature","properties":{},"geometry":{"type":"Polygon","coordinates":[[[-6.152974928667382,53.40188298949741],[-6.1530242494084835,53.40070175161394],[-6.152137645952245,53.40040403966351],[-6.1549989441543245,53.4005719208939],[-6.154647867461145,53.4021275897221],[-6.152974928667382,53.40188298949741]]]}},{"id":"11344","type":"Feature","properties":{},"geometry":{"type":"Polygon","coordinates":[[[-6.173347482611932,53.38884377338374],[-6.175198521022539,53.38695217642349],[-6.17829130826453,53.387226812383574],[-6.178177200514296,53.38763155188238],[-6.175787811741987,53.38766661242353],[-6.173347482611932,53.38884377338374]]]}},{"id":"11346","type":"Feature","properties":{},"geometry":{"type":"Polygon","coordinates":[[[-6.24540631993522,53.38829077757551],[-6.249760568758427,53.3884213690298],[-6.2499126347008325,53.38955440573354],[-6.24624644330348,53.38978701041702],[-6.24540631993522,53.38829077757551]]]}},{"id":"11350","type":"Feature","properties":{},"geometry":{"type":"Polygon","coordinates":[[[-6.226972517924287,53.33139267408781],[-6.227465651802869,53.330612278514984],[-6.2285600380962896,53.330908490059315],[-6.22807380254241,53.331802504187436],[-6.226972517924287,53.33139267408781]]]}},{"id":"11379","type":"Feature","properties":{},"geometry":{"type":"Polygon","coordinates":[[[-6.3282281315264015,53.34203269343002],[-6.32852953391895,53.34093958587661],[-6.336710513246445,53.33937278330911],[-6.336874544706845,53.33968042010333],[-6.3282281315264015,53.34203269343002]]]}},{"id":"11385","type":"Feature","properties":{},"geometry":{"type":"Polygon","coordinates":[[[-6.3554247914727915,53.343365430009165],[-6.356093906647879,53.34258424730357],[-6.36042971775467,53.342786207602146],[-6.3599348356747605,53.34436018576398],[-6.3554247914727915,53.343365430009165]]]}},{"id":"11390","type":"Feature","properties":{},"geometry":{"type":"Polygon","coordinates":[[[-6.239992239284956,53.383503890595115],[-6.239594846609237,53.382041195046725],[-6.242689674692764,53.382791090584846],[-6.242167164287957,53.38390466929568],[-6.239992239284956,53.383503890595115]]]}},{"id":"11396","type":"Feature","properties":{},"geometry":{"type":"Polygon","coordinates":[[[-6.279913075186127,53.35275635990635],[-6.283210879942761,53.352625603725855],[-6.283704749140793,53.35296055760236],[-6.283018273336703,53.35364005754676],[-6.279913075186127,53.35275635990635]]]}},{"id":"11410","type":"Feature","properties":{},"geometry":{"type":"Polygon","coordinates":[[[-6.25467999224437,53.31782801793252],[-6.258918837624955,53.317421362821044],[-6.259378173495159,53.31842513202096],[-6.254952982458432,53.318601192041974],[-6.25467999224437,53.31782801793252]]]}},{"id":"11414","type":"Feature","properties":{},"geometry":{"type":"Polygon","coordinates":[[[-6.223778580423256,53.34007293251286],[-6.220251565340317,53.3381057147317],[-6.222614027544554,53.33795286726697],[-6.223778580423256,53.34007293251286]]]}},{"id":"11427","type":"Feature","properties":{},"geometry":{"type":"Polygon","coordinates":[[[-6.280459616127671,53.33321881512991],[-6.282427858395593,53.33285214266151],[-6.283029283169905,53.334029127676175],[-6.2810702357449015,53.33441797264675],[-6.280459616127671,53.33321881512991]]]}},{"id":"11469","type":"Feature","properties":{},"geometry":{"type":"Polygon","coordinates":[[[-6.306594263559232,53.31676276928594],[-6.307615005126063,53.31609384742619],[-6.3100988947125005,53.31717402086663],[-6.308445956736723,53.31816309859196],[-6.306594263559232,53.31676276928594]]]}},{"id":"11471","type":"Feature","properties":{},"geometry":{"type":"Polygon","coordinates":[[[-6.231888866957516,53.34929611749994],[-6.228817957454111,53.34892216032423],[-6.22892527041662,53.34829201193295],[-6.232022521075278,53.348505693825814],[-6.231888866957516,53.34929611749994]]]}},{"id":"11481","type":"Feature","properties":{},"geometry":{"type":"Polygon","coordinates":[[[-6.292534457833953,53.3930874743235],[-6.29393441530031,53.39185909313171],[-6.296333961196686,53.39184049686579],[-6.294674024238239,53.393966454924595],[-6.293793804896549,53.39311815441275],[-6.292534457833953,53.3930874743235]]]}},{"id":"11483","type":"Feature","properties":{},"geometry":{"type":"Polygon","coordinates":[[[-6.260622943521582,53.37459291604357],[-6.257325503193202,53.37367912557471],[-6.25821307664669,53.373291690737354],[-6.261169574347428,53.37400468461488],[-6.260622943521582,53.37459291604357]]]}},{"id":"11502","type":"Feature","properties":{},"geometry":{"type":"Polygon","coordinates":[[[-6.33518299368077,53.318447314021185],[-6.336044508491483,53.318216990669946],[-6.336300080477181,53.317154753367504],[-6.339322723694914,53.318204587969305],[-6.338057684306564,53.319152185894545],[-6.336546801024911,53.31936200976466],[-6.33518299368077,53.318447314021185]]]}},{"id":"11512","type":"Feature","properties":{},"geometry":{"type":"Polygon","coordinates":[[[-6.272267041591373,53.34166920398769],[-6.27231317272436,53.34097322202581],[-6.273142136910918,53.340992998470895],[-6.273613392046011,53.34190404882023],[-6.272267041591373,53.34166920398769]]]}},{"id":"11519","type":"Feature","properties":{},"geometry":{"type":"Polygon","coordinates":[[[-6.320114474556062,53.32278809429818],[-6.32321908967709,53.32194291239982],[-6.324149474194227,53.32454484372107],[-6.321721983764716,53.324779854215514],[-6.320114474556062,53.32278809429818]]]}},{"id":"11522","type":"Feature","properties":{},"geometry":{"type":"Polygon","coordinates":[[[-6.287898738230357,53.33124260681817],[-6.284530830510977,53.330751592373666],[-6.28527813094903,53.32944664108907],[-6.288485797356037,53.329742081267376],[-6.287898738230357,53.33124260681817]]]}},{"id":"11530","type":"Feature","properties":{},"geometry":{"type":"Polygon","coordinates":[[[-6.231752590869455,53.38133344635016],[-6.232706240515191,53.379491608307944],[-6.235111660661091,53.3804416431476],[-6.2330638348403875,53.38178538215619],[-6.231752590869455,53.38133344635016]]]}},{"id":"11534","type":"Feature","properties":{},"geometry":{"type":"Polygon","coordinates":[[[-6.307838716606557,53.341987303246974],[-6.313623949305237,53.34237083784472],[-6.315006898498183,53.34206909980674],[-6.314537483798457,53.34142144258188],[-6.315625669026411,53.34141912132606],[-6.315788215480141,53.341952834282374],[-6.316676052871291,53.34186859003623],[-6.31683253836137,53.34280247146518],[-6.311229453302023,53.34333064200623],[-6.3110162656913,53.34271347072227],[-6.30863525568964,53.342722361273076],[-6.308739233011198,53.343564272173346],[-6.30797006873432,53.34364091897554],[-6.307838716606557,53.341987303246974]]]}},{"id":"11537","type":"Feature","properties":{},"geometry":{"type":"Polygon","coordinates":[[[-6.161667081265548,53.398603181291016],[-6.167339840750039,53.39864175445644],[-6.166450822929465,53.40009756997849],[-6.16710767540951,53.400425667756515],[-6.161667081265548,53.398603181291016]]]}},{"id":"11551","type":"Feature","properties":{},"geometry":{"type":"Polygon","coordinates":[[[-6.227242440787581,53.34650154773735],[-6.22693985254969,53.34966994288009],[-6.229404360779741,53.3498475117958],[-6.23246474589538,53.35119551363701],[-6.2302504131472425,53.3514178992518],[-6.227033130524673,53.353675371253686],[-6.234185315346683,53.357878423356595],[-6.2310889438845605,53.357323293209674],[-6.227009340511362,53.35918861624158],[-6.217949581638194,53.357099047383805],[-6.210427731771206,53.35669165120008],[-6.2107797974059125,53.35362231149227],[-6.19593697953049,53.3532095106391],[-6.195642871855985,53.350406084987114],[-6.191717541774896,53.35043656649358],[-6.191783278466292,53.34980520664636],[-6.190815073249549,53.3497542077463],[-6.190782586668375,53.350478335291434],[-6.189198435239475,53.35035261046437],[-6.1897835479608725,53.3464779356599],[-6.191482183435498,53.34652934895982],[-6.19118746049318,53.348314424430924],[-6.19332573384155,53.34828466060952],[-6.192890257920776,53.345156047584474],[-6.197589788564007,53.344963541477014],[-6.198642856452937,53.348119177012165],[-6.200082501047374,53.34805475255094],[-6.200332264759967,53.34511307909276],[-6.203028925560379,53.345195674384094],[-6.2032073055039465,53.344682672277564],[-6.212423790398352,53.34544709372587],[-6.215927648664957,53.34860766051478],[-6.2218037309177765,53.34891608618674],[-6.221435722452851,53.348069533351804],[-6.218852681796723,53.34779808935842],[-6.22150992167304,53.34797398967992],[-6.222781466546295,53.34947886017958],[-6.224101171617875,53.3469674623403],[-6.217260391104185,53.346483956730054],[-6.2163392740938805,53.34573652073487],[-6.227242440787581,53.34650154773735]]]}},{"id":"11557","type":"Feature","properties":{},"geometry":{"type":"Polygon","coordinates":[[[-6.2700812511417565,53.323470562529],[-6.272332684106767,53.32285404381175],[-6.272861532000724,53.323391453843364],[-6.270656903563677,53.32414191024426],[-6.2700812511417565,53.323470562529]]]}},{"id":"11586","type":"Feature","properties":{},"geometry":{"type":"Polygon","coordinates":[[[-6.317876205514256,53.37853444610277],[-6.31588748309415,53.378309869520244],[-6.31681033257771,53.376375809377315],[-6.318759921746102,53.37673656326637],[-6.317876205514256,53.37853444610277]]]}},{"id":"11601","type":"Feature","properties":{},"geometry":{"type":"Polygon","coordinates":[[[-6.306615698201538,53.3598256731574],[-6.30073007056192,53.358141998988216],[-6.3004355605778395,53.35847179134198],[-6.297590905259102,53.3577423791441],[-6.298043395578545,53.357119958211946],[-6.295599839892788,53.35633233081948],[-6.297237206258304,53.35368036880121],[-6.298809398387504,53.352782687487874],[-6.303722868912772,53.35793562081365],[-6.306615698201538,53.3598256731574]]]}},{"id":"11603","type":"Feature","properties":{},"geometry":{"type":"Polygon","coordinates":[[[-6.351510473469788,53.345761502000435],[-6.348948824534822,53.34271925410989],[-6.350559922567751,53.3422005596924],[-6.351063595435534,53.34383197671791],[-6.352871855995697,53.34513016642533],[-6.351510473469788,53.345761502000435]]]}},{"id":"11608","type":"Feature","properties":{},"geometry":{"type":"Polygon","coordinates":[[[-6.275853347796203,53.351696241724994],[-6.274606539601123,53.350752625368905],[-6.2769426009527045,53.35063959922509],[-6.277502013867719,53.351660354924604],[-6.275853347796203,53.351696241724994]]]}},{"id":"11612","type":"Feature","properties":{},"geometry":{"type":"Polygon","coordinates":[[[-6.281777957166144,53.3414562214062],[-6.282054966683551,53.34104459223812],[-6.283404879380765,53.34057843243466],[-6.283665105292817,53.34146135539159],[-6.281777957166144,53.3414562214062]]]}},{"id":"11621","type":"Feature","properties":{},"geometry":{"type":"Polygon","coordinates":[[[-6.320389829151344,53.3403296342123],[-6.324054698056107,53.33748588320655],[-6.324988134782266,53.33768405623635],[-6.321980794642794,53.339448400155284],[-6.323206691615701,53.3397796064386],[-6.320389829151344,53.3403296342123]]]}},{"id":"11627","type":"Feature","properties":{},"geometry":{"type":"Polygon","coordinates":[[[-6.346832462304733,53.341895048965796],[-6.346396124023951,53.3380422424625],[-6.3469804227857285,53.33800167866339],[-6.347950304885915,53.34178651647669],[-6.346832462304733,53.341895048965796]]]}},{"id":"11637","type":"Feature","properties":{},"geometry":{"type":"Polygon","coordinates":[[[-6.178734617529443,53.38243670509541],[-6.179933814868174,53.38279171348245],[-6.1799605734558565,53.38455335452436],[-6.177783813648398,53.38486090994707],[-6.176599256175701,53.382778611678525],[-6.178734617529443,53.38243670509541]]]}},{"id":"11641","type":"Feature","properties":{},"geometry":{"type":"Polygon","coordinates":[[[-6.272008196374921,53.379284687964834],[-6.27263920119017,53.37650563971667],[-6.270287355654502,53.375848021993775],[-6.269801850461954,53.37520390178501],[-6.27001213368304,53.37449798082666],[-6.272105153518251,53.37414145599383],[-6.274383969278469,53.37470411131882],[-6.272459808218072,53.372597884505204],[-6.2735096730016835,53.37181648326458],[-6.273010435675573,53.371316291664996],[-6.270909589430636,53.371384372086816],[-6.274081351282791,53.3683134127487],[-6.283386405157113,53.37261130952383],[-6.285606827338426,53.3742087290612],[-6.286466909790679,53.37594935501462],[-6.283212314511729,53.374884785967424],[-6.281518818301754,53.37635271625578],[-6.279929311265086,53.37653995908532],[-6.27720325841881,53.375359705510064],[-6.2766200231792055,53.3759896163818],[-6.275561450654684,53.375829600288284],[-6.275031730939926,53.37711046346677],[-6.276700464600454,53.37758650729464],[-6.276274017713258,53.37954660135874],[-6.272008196374921,53.379284687964834]]]}},{"id":"11643","type":"Feature","properties":{},"geometry":{"type":"Polygon","coordinates":[[[-6.231231456027995,53.32696252094194],[-6.233346906123801,53.32460340940761],[-6.233628065110444,53.323180241953324],[-6.23572805051409,53.32406690629205],[-6.235167804682162,53.32501414267959],[-6.232386065020604,53.32792512061611],[-6.23224482106919,53.327203550802686],[-6.231231456027995,53.32696252094194]]]}},{"id":"11654","type":"Feature","properties":{},"geometry":{"type":"Polygon","coordinates":[[[-6.222991886823442,53.33571802201826],[-6.225039716664812,53.33410045442111],[-6.225549444014645,53.33435322611177],[-6.225017340715067,53.3350019504185],[-6.225967799860423,53.33652314504281],[-6.223833689714932,53.33715970577676],[-6.222991886823442,53.33571802201826]]]}},{"id":"11659","type":"Feature","properties":{},"geometry":{"type":"Polygon","coordinates":[[[-6.197572391017158,53.3894231677293],[-6.201079336384046,53.38677225206221],[-6.206957618621179,53.387882167620326],[-6.205669141776224,53.38970935373141],[-6.201709104936216,53.38879886913088],[-6.199847509636647,53.39018791376049],[-6.197572391017158,53.3894231677293]]]}},{"id":"11667","type":"Feature","properties":{},"geometry":{"type":"Polygon","coordinates":[[[-6.224298199436211,53.32644492208446],[-6.221571922352508,53.32451267745902],[-6.223463419226716,53.32164352774056],[-6.227081635524928,53.3230069070755],[-6.225978891330166,53.32358916975785],[-6.226673908395125,53.324177661006146],[-6.228404599613368,53.32391058819855],[-6.229301437531375,53.32459620345238],[-6.224298199436211,53.32644492208446]]]}},{"id":"11670","type":"Feature","properties":{},"geometry":{"type":"Polygon","coordinates":[[[-6.36372096082985,53.338283983884416],[-6.3661488186020625,53.335770843436684],[-6.368341419384129,53.33650392764323],[-6.36869350962693,53.33783953933958],[-6.367219640272713,53.337996494330966],[-6.368248931747403,53.338137460067514],[-6.367973067747973,53.33902537271434],[-6.36372096082985,53.338283983884416]]]}},{"id":"11681","type":"Feature","properties":{},"geometry":{"type":"Polygon","coordinates":[[[-6.256467821552047,53.390207038760096],[-6.257832889370336,53.38873375708026],[-6.261943430811151,53.38985010149079],[-6.26173002038439,53.39087652122613],[-6.256467821552047,53.390207038760096]]]}},{"id":"11685","type":"Feature","properties":{},"geometry":{"type":"Polygon","coordinates":[[[-6.284987211092538,53.3286485576238],[-6.288204079027094,53.32673017089401],[-6.286472168727977,53.32398111725186],[-6.287038981708789,53.32379668810767],[-6.288127888374355,53.32561726699584],[-6.289602337298212,53.32545857496813],[-6.290243624189785,53.32694728191402],[-6.285450419141811,53.32888349525649],[-6.284987211092538,53.3286485576238]]]}},{"id":"11687","type":"Feature","properties":{},"geometry":{"type":"Polygon","coordinates":[[[-6.315315329830356,53.331439464844856],[-6.314806198121058,53.32939225306533],[-6.3169979129062215,53.32940826568421],[-6.3201831515283695,53.33078665679236],[-6.31751169615982,53.33207203288825],[-6.315315329830356,53.331439464844856]]]}},{"id":"11697","type":"Feature","properties":{},"geometry":{"type":"Polygon","coordinates":[[[-6.291197421443145,53.34343618554841],[-6.296433614170355,53.34258576322212],[-6.295818470777174,53.34392779513079],[-6.297158159402816,53.34328928459901],[-6.296148261106847,53.34582674959389],[-6.29165026589623,53.346240091734096],[-6.291197421443145,53.34343618554841]]]}},{"id":"11706","type":"Feature","properties":{},"geometry":{"type":"Polygon","coordinates":[[[-6.204878509754354,53.3164349864412],[-6.205261216236816,53.31617414419576],[-6.212336696883985,53.3186889329006],[-6.208993050874405,53.31911887721735],[-6.204878509754354,53.3164349864412]]]}},{"id":"11729","type":"Feature","properties":{},"geometry":{"type":"Polygon","coordinates":[[[-6.159394496964308,53.392035410734614],[-6.16370341264542,53.39306625474367],[-6.16354981234817,53.39381183456813],[-6.159582333568869,53.39325878679618],[-6.1587412672022115,53.39360013943842],[-6.159394496964308,53.392035410734614]]]}},{"id":"11731","type":"Feature","properties":{},"geometry":{"type":"Polygon","coordinates":[[[-6.293029661496006,53.31360929461091],[-6.294200503896513,53.31212249602202],[-6.2984430387524775,53.31283896063994],[-6.2961892340737835,53.31466509604471],[-6.293029661496006,53.31360929461091]]]}},{"id":"11747","type":"Feature","properties":{},"geometry":{"type":"Polygon","coordinates":[[[-6.233061156192097,53.36383147441633],[-6.235586556035303,53.363113173936355],[-6.235440510463301,53.3645473526223],[-6.2338801287213625,53.36498846970221],[-6.234393121982696,53.36587943168056],[-6.232869004702167,53.36568003931922],[-6.233061156192097,53.36383147441633]]]}},{"id":"11752","type":"Feature","properties":{},"geometry":{"type":"Polygon","coordinates":[[[-6.2281810180966755,53.3431915424582],[-6.227513816893654,53.341766822796124],[-6.22901370674836,53.34166107894136],[-6.229366762715618,53.34307451270652],[-6.2281810180966755,53.3431915424582]]]}},{"id":"11770","type":"Feature","properties":{},"geometry":{"type":"Polygon","coordinates":[[[-6.210309169843475,53.37993125997016],[-6.213164471681397,53.37842491902686],[-6.2145475372107715,53.3794668224233],[-6.21345551356549,53.38026236098131],[-6.213825311688923,53.38087044224014],[-6.213032002011324,53.380460473790905],[-6.21174088953486,53.38111554240775],[-6.210309169843475,53.37993125997016]]]}},{"id":"11772","type":"Feature","properties":{},"geometry":{"type":"Polygon","coordinates":[[[-6.291533344072866,53.34221513959354],[-6.29313755517174,53.341987315948195],[-6.2933434717739205,53.342572429249735],[-6.291629901146878,53.34292916889532],[-6.291533344072866,53.34221513959354]]]}},{"id":"11777","type":"Feature","properties":{},"geometry":{"type":"Polygon","coordinates":[[[-6.259051839315694,53.398484360626284],[-6.256905901525782,53.39808836438665],[-6.2585696423325885,53.397158466522086],[-6.25881983257142,53.39566116609273],[-6.259482109192649,53.39583504494507],[-6.260273920968837,53.39476157736833],[-6.26178202369226,53.39543100991159],[-6.260773763121369,53.39811190130194],[-6.259051839315694,53.398484360626284]]]}},{"id":"11779","type":"Feature","properties":{},"geometry":{"type":"Polygon","coordinates":[[[-6.166812439481867,53.406253846615684],[-6.166080542984936,53.405478452432],[-6.167086833129807,53.40507724783827],[-6.167851302136365,53.40623831353304],[-6.168514649754997,53.40612424064763],[-6.168581629485731,53.407388494829576],[-6.167081718085671,53.4077270478745],[-6.166281592958117,53.4067340001926],[-6.166812439481867,53.406253846615684]]]}},{"id":"11797","type":"Feature","properties":{},"geometry":{"type":"Polygon","coordinates":[[[-6.268310714183809,53.32944835849062],[-6.270487965514848,53.32910971553206],[-6.270618453744811,53.32973727151877],[-6.270081819541357,53.329352491742206],[-6.268310714183809,53.32944835849062]]]}},{"id":"11798","type":"Feature","properties":{},"geometry":{"type":"Polygon","coordinates":[[[-6.259187575322912,53.35688830947982],[-6.26046721263695,53.35606702444388],[-6.2612385538848025,53.356592269359105],[-6.25997405483013,53.356946842601914],[-6.259187575322912,53.35688830947982]]]}},{"id":"11804","type":"Feature","properties":{},"geometry":{"type":"Polygon","coordinates":[[[-6.242871644433519,53.330235184170306],[-6.243414058244423,53.32875775339299],[-6.245127000125542,53.32896336677534],[-6.244470969438574,53.33048501746928],[-6.242871644433519,53.330235184170306]]]}},{"id":"11810","type":"Feature","properties":{},"geometry":{"type":"Polygon","coordinates":[[[-6.207872000016564,53.37471373370856],[-6.205483921204014,53.37443150173297],[-6.2066119133095,53.372728754643035],[-6.208623662779409,53.373562644527325],[-6.207872000016564,53.37471373370856]]]}},{"id":"11814","type":"Feature","properties":{},"geometry":{"type":"Polygon","coordinates":[[[-6.259363611509916,53.34324229738897],[-6.260661027292303,53.34000928957723],[-6.26539169190824,53.341470686221335],[-6.264421770712563,53.343033221203505],[-6.262020885685914,53.34305924592307],[-6.260886861040668,53.343794621610854],[-6.259363611509916,53.34324229738897]]]}},{"id":"11820","type":"Feature","properties":{},"geometry":{"type":"Polygon","coordinates":[[[-6.206993258828731,53.38065465963133],[-6.207185800050799,53.37995213573123],[-6.206383382276935,53.37978400040207],[-6.207627953049133,53.378498751894725],[-6.210600447870243,53.3791819720941],[-6.207883863387566,53.38089535490717],[-6.206993258828731,53.38065465963133]]]}},{"id":"11821","type":"Feature","properties":{},"geometry":{"type":"Polygon","coordinates":[[[-6.180080428810694,53.385184408229485],[-6.179933814868174,53.38279171348245],[-6.178845314264876,53.382748171811926],[-6.178395534889657,53.381230394862264],[-6.183014122182801,53.38184460896198],[-6.1852032818894545,53.38286504118317],[-6.183255019471439,53.384745262581134],[-6.180080428810694,53.385184408229485]]]}},{"id":"11824","type":"Feature","properties":{},"geometry":{"type":"Polygon","coordinates":[[[-6.258412936823401,53.35068509020394],[-6.259351406597831,53.350536513603366],[-6.260034221681649,53.35217245763546],[-6.257477733055676,53.35272404969206],[-6.25679633010153,53.351581190948224],[-6.258493685570066,53.35131016950523],[-6.258412936823401,53.35068509020394]]]}},{"id":"11840","type":"Feature","properties":{},"geometry":{"type":"Polygon","coordinates":[[[-6.2550800097749315,53.311186358684076],[-6.257853592885852,53.31119764911869],[-6.258308616022468,53.31479766348825],[-6.255737423512246,53.31490884283656],[-6.2550800097749315,53.311186358684076]]]}},{"id":"11849","type":"Feature","properties":{},"geometry":{"type":"Polygon","coordinates":[[[-6.226339249794319,53.385450948047506],[-6.230677958819942,53.38565162914887],[-6.230554504391629,53.38613616315065],[-6.2287145161219755,53.38641711883808],[-6.22794045767318,53.387414831495185],[-6.2255877034892455,53.3863998963142],[-6.226339249794319,53.385450948047506]]]}},{"id":"11851","type":"Feature","properties":{},"geometry":{"type":"Polygon","coordinates":[[[-6.222614027544554,53.33795286726697],[-6.226631357884661,53.33763449353669],[-6.226965147835876,53.338196532790555],[-6.223136749139983,53.33893190736998],[-6.222614027544554,53.33795286726697]]]}},{"id":"11855","type":"Feature","properties":{},"geometry":{"type":"Polygon","coordinates":[[[-6.184202292514289,53.36454913984363],[-6.1850581152747255,53.362404534195996],[-6.188350842905325,53.36285920110354],[-6.188073945115424,53.36402232924989],[-6.186654138390711,53.3640165362805],[-6.186901333218534,53.36484356587945],[-6.184202292514289,53.36454913984363]]]}},{"id":"11859","type":"Feature","properties":{},"geometry":{"type":"Polygon","coordinates":[[[-6.32568207335024,53.37650632272007],[-6.329092235084012,53.376624372749724],[-6.32924330547186,53.375582380913954],[-6.332224167991587,53.37555125176949],[-6.330909653762008,53.377249480555896],[-6.325664983957953,53.377232707564225],[-6.32568207335024,53.37650632272007]]]}},{"id":"11872","type":"Feature","properties":{},"geometry":{"type":"Polygon","coordinates":[[[-6.261006619200694,53.36380043270162],[-6.261777823488375,53.3620235055214],[-6.264305387925347,53.36258929143797],[-6.263263059588549,53.364328384663814],[-6.261006619200694,53.36380043270162]]]}},{"id":"11882","type":"Feature","properties":{},"geometry":{"type":"Polygon","coordinates":[[[-6.226809401334157,53.38551500807532],[-6.2280147141282844,53.383925915784076],[-6.233361763882323,53.385351389973664],[-6.230677958819942,53.38565162914887],[-6.226809401334157,53.38551500807532]]]}},{"id":"11887","type":"Feature","properties":{},"geometry":{"type":"Polygon","coordinates":[[[-6.2628651492069825,53.37620708751561],[-6.2600898928268505,53.375338742155556],[-6.261132706650184,53.37526375411571],[-6.260622943521582,53.37459291604357],[-6.261644703254628,53.37398341961529],[-6.2617896452754245,53.369898796029645],[-6.262954810948316,53.371342960053774],[-6.265879486588188,53.372584789945506],[-6.264690928535853,53.376132155003724],[-6.2628651492069825,53.37620708751561]]]}},{"id":"11909","type":"Feature","properties":{},"geometry":{"type":"Polygon","coordinates":[[[-6.247440271381066,53.358209049591586],[-6.244268433230383,53.35653179643513],[-6.245105907958403,53.35596145236493],[-6.24839078365002,53.35769129647323],[-6.247440271381066,53.358209049591586]]]}},{"id":"11912","type":"Feature","properties":{},"geometry":{"type":"Polygon","coordinates":[[[-6.265442738770368,53.361497490335964],[-6.26099300243702,53.360961920953606],[-6.260856136396968,53.360773827809744],[-6.265442738770368,53.361497490335964]]]}},{"id":"11914","type":"Feature","properties":{},"geometry":{"type":"Polygon","coordinates":[[[-6.264021885872188,53.36012890270888],[-6.262981233213638,53.36004771419676],[-6.2619485430971285,53.359038584920626],[-6.264254648985409,53.35953936240678],[-6.264021885872188,53.36012890270888]]]}},{"id":"11921","type":"Feature","properties":{},"geometry":{"type":"Polygon","coordinates":[[[-6.266339522737277,53.37491239954033],[-6.266905441305391,53.373891368479],[-6.267903840517692,53.374130034153],[-6.268651966310453,53.37348373624571],[-6.268916140073816,53.37503418945438],[-6.267144296169505,53.374548368121964],[-6.266339522737277,53.37491239954033]]]}},{"id":"11940","type":"Feature","properties":{},"geometry":{"type":"Polygon","coordinates":[[[-6.307875141804388,53.3913101469255],[-6.308269498786606,53.39022740804227],[-6.31083686538931,53.390608761223795],[-6.311568712868076,53.39206593783878],[-6.307875141804388,53.3913101469255]]]}},{"id":"11942","type":"Feature","properties":{},"geometry":{"type":"Polygon","coordinates":[[[-6.235065349089407,53.357213953838986],[-6.236914203330045,53.35572035971006],[-6.238236990921969,53.356476124758615],[-6.239749468775306,53.35549396033471],[-6.240086428127212,53.35643852279177],[-6.236721227260012,53.35820464197358],[-6.235065349089407,53.357213953838986]]]}},{"id":"11943","type":"Feature","properties":{},"geometry":{"type":"Polygon","coordinates":[[[-6.24338675672803,53.31957272023536],[-6.2421727373579845,53.31864344259735],[-6.243913378677181,53.317737521553084],[-6.246083337526823,53.314661915033966],[-6.248313383495214,53.31514578667152],[-6.248793954733909,53.314368329012005],[-6.2513169732419,53.315102982180605],[-6.2505136955445595,53.3164935813037],[-6.250894690726198,53.31799853023737],[-6.249063266460653,53.31833480790186],[-6.2488778526057835,53.3191491732441],[-6.24639268261076,53.317836673758165],[-6.2458380451306175,53.319287765647026],[-6.244124220842542,53.318958334577225],[-6.24338675672803,53.31957272023536]]]}},{"id":"11945","type":"Feature","properties":{},"geometry":{"type":"Polygon","coordinates":[[[-6.275680827208298,53.32060490156187],[-6.278769778828362,53.31986774730731],[-6.279332444531872,53.321664295387194],[-6.275864403419021,53.321846766375906],[-6.275680827208298,53.32060490156187]]]}},{"id":"11947","type":"Feature","properties":{},"geometry":{"type":"Polygon","coordinates":[[[-6.24434439583264,53.35431843825854],[-6.245263513078312,53.35365242043806],[-6.246942146500629,53.35491531680229],[-6.246177385628343,53.355161129699056],[-6.24434439583264,53.35431843825854]]]}},{"id":"11951","type":"Feature","properties":{},"geometry":{"type":"Polygon","coordinates":[[[-6.279189596631063,53.360903324223436],[-6.278848686753187,53.360463978229454],[-6.282621569545064,53.360522426945266],[-6.2826325888086805,53.36103111220865],[-6.279189596631063,53.360903324223436]]]}},{"id":"11987","type":"Feature","properties":{},"geometry":{"type":"Polygon","coordinates":[[[-6.149063486173539,53.40680002175959],[-6.1487978239123,53.40444255148449],[-6.151492273703811,53.40432370298012],[-6.151586648039759,53.40243668268292],[-6.156533713265964,53.402867916940544],[-6.15669773079167,53.40398236869892],[-6.1573116558332925,53.404034207953366],[-6.156919732009501,53.404823531671134],[-6.156374260980687,53.40458911823044],[-6.155637467815018,53.4051976791655],[-6.15416982620555,53.404928686223535],[-6.153031037811962,53.405899878449596],[-6.151465694284487,53.40561517263335],[-6.151358637204778,53.40738538201648],[-6.149063486173539,53.40680002175959]]]}},{"id":"11993","type":"Feature","properties":{},"geometry":{"type":"Polygon","coordinates":[[[-6.262025733234918,53.32041587560981],[-6.261719390301072,53.319512605664585],[-6.262287938234253,53.319069100821785],[-6.263391909952977,53.31940580456818],[-6.263574328626146,53.320276526532695],[-6.262025733234918,53.32041587560981]]]}},{"id":"11997","type":"Feature","properties":{},"geometry":{"type":"Polygon","coordinates":[[[-6.1553378574704976,53.407981084496846],[-6.155852400217439,53.40695478672955],[-6.158114773663938,53.407210197652084],[-6.15768930090228,53.408308891297516],[-6.1553378574704976,53.407981084496846]]]}},{"id":"12002","type":"Feature","properties":{},"geometry":{"type":"Polygon","coordinates":[[[-6.2660139229080025,53.35389240254222],[-6.266769142978386,53.35309157945862],[-6.263947452884825,53.351308502138046],[-6.2647870506818935,53.35095599618789],[-6.268347698590955,53.352923529238026],[-6.266916232957751,53.354210289072576],[-6.2660139229080025,53.35389240254222]]]}},{"id":"12003","type":"Feature","properties":{},"geometry":{"type":"Polygon","coordinates":[[[-6.246441115120155,53.34586362427951],[-6.243715423079823,53.345526968103954],[-6.2439263076559675,53.344796289657154],[-6.2466363981216535,53.34515262078058],[-6.246441115120155,53.34586362427951]]]}},{"id":"12011","type":"Feature","properties":{},"geometry":{"type":"Polygon","coordinates":[[[-6.233179924328597,53.37759130918948],[-6.230073119023967,53.37663940872438],[-6.231361884319378,53.37589840760117],[-6.2337828840646585,53.376768968654766],[-6.233179924328597,53.37759130918948]]]}},{"id":"12022","type":"Feature","properties":{},"geometry":{"type":"Polygon","coordinates":[[[-6.322736844665462,53.32735924033093],[-6.324654324097574,53.326904147460105],[-6.32509529074341,53.326235660505255],[-6.326137130886989,53.32781906808844],[-6.323390001126388,53.32840074536478],[-6.322736844665462,53.32735924033093]]]}},{"id":"12024","type":"Feature","properties":{},"geometry":{"type":"Polygon","coordinates":[[[-6.282401580244612,53.3138922689085],[-6.282766340021119,53.31164257921836],[-6.285269228340685,53.31209668190088],[-6.285045476865689,53.31253053044855],[-6.283884963569854,53.312371178199946],[-6.2829647065606276,53.31394520992636],[-6.282401580244612,53.3138922689085]]]}},{"id":"12044","type":"Feature","properties":{},"geometry":{"type":"Polygon","coordinates":[[[-6.294768706874062,53.35429044100615],[-6.296430235063087,53.35324215123873],[-6.297237206258304,53.35368036880121],[-6.295547370120495,53.35472546108594],[-6.294768706874062,53.35429044100615]]]}},{"id":"12061","type":"Feature","properties":{},"geometry":{"type":"Polygon","coordinates":[[[-6.282518486775858,53.363881786437354],[-6.285569064175651,53.36514119700341],[-6.284816114005624,53.36610810680435],[-6.283471022533133,53.36535324694069],[-6.282518486775858,53.363881786437354]]]}},{"id":"12065","type":"Feature","properties":{},"geometry":{"type":"Polygon","coordinates":[[[-6.203866042413765,53.40565463130944],[-6.206335328907828,53.40455884158978],[-6.2064064357598285,53.4035200485235],[-6.208970131636774,53.40356421013629],[-6.208538746034856,53.404924370001986],[-6.206617105761257,53.40474641431438],[-6.206586526849317,53.405484759464386],[-6.203866042413765,53.40565463130944]]]}},{"id":"12080","type":"Feature","properties":{},"geometry":{"type":"Polygon","coordinates":[[[-6.268824117958198,53.335572433765385],[-6.26831180230847,53.33247118835453],[-6.269329768532878,53.33243031568598],[-6.26983309331377,53.33545500891185],[-6.268824117958198,53.335572433765385]]]}},{"id":"12099","type":"Feature","properties":{},"geometry":{"type":"Polygon","coordinates":[[[-6.244414047904641,53.347091136254626],[-6.245021665290425,53.345716236178994],[-6.246441115120155,53.34586362427951],[-6.247142072705251,53.345183501230515],[-6.247325224665352,53.345936943723835],[-6.248160165068793,53.34605304618322],[-6.247645796228525,53.347366162581054],[-6.244414047904641,53.347091136254626]]]}},{"id":"12114","type":"Feature","properties":{},"geometry":{"type":"Polygon","coordinates":[[[-6.231330056037338,53.32921675318768],[-6.2251614011084,53.32726744304764],[-6.2244269981498235,53.32655405950065],[-6.229301437531375,53.32459620345238],[-6.228404599613368,53.32391058819855],[-6.226673908395125,53.324177661006146],[-6.225978891330166,53.32358916975785],[-6.229587157645345,53.32225352086366],[-6.230448441102351,53.32435799644922],[-6.233346906123801,53.32460340940761],[-6.231231456027995,53.32696252094194],[-6.231330056037338,53.32921675318768]]]}},{"id":"12126","type":"Feature","properties":{},"geometry":{"type":"Polygon","coordinates":[[[-6.278751039359825,53.34610272875148],[-6.279140728393044,53.34507240980783],[-6.280377402020028,53.345304193107616],[-6.2798787968217615,53.3463111135968],[-6.278751039359825,53.34610272875148]]]}},{"id":"12144","type":"Feature","properties":{},"geometry":{"type":"Polygon","coordinates":[[[-6.277628872792105,53.395682954456696],[-6.278191601662603,53.3936201959913],[-6.272257110259861,53.39297013494955],[-6.2719767503944786,53.3937485569131],[-6.270013717018528,53.391897169906095],[-6.273190122453891,53.39217708556463],[-6.272892054375201,53.39251852493677],[-6.275041487117541,53.392883114907036],[-6.278627806153137,53.39306413333626],[-6.2786279277513115,53.39256225275897],[-6.279365297140966,53.39257584085711],[-6.278357950554266,53.39575389819971],[-6.277628872792105,53.395682954456696]]]}},{"id":"12145","type":"Feature","properties":{},"geometry":{"type":"Polygon","coordinates":[[[-6.27007401602529,53.34146827777975],[-6.270027482472797,53.340510243672156],[-6.270592565472104,53.34059623749941],[-6.27007401602529,53.34146827777975]]]}},{"id":"12150","type":"Feature","properties":{},"geometry":{"type":"Polygon","coordinates":[[[-6.186579406115235,53.38975853225824],[-6.186420247199527,53.38891814808115],[-6.188783340793263,53.38876543142771],[-6.190751160838098,53.38801788124519],[-6.192856718764868,53.38999591985245],[-6.190061696283338,53.39031009441593],[-6.1899155519320725,53.38953657793059],[-6.186579406115235,53.38975853225824]]]}},{"id":"12153","type":"Feature","properties":{},"geometry":{"type":"Polygon","coordinates":[[[-6.167343547456599,53.37674497599856],[-6.16829813738267,53.37627169740516],[-6.167441379840419,53.37582903436409],[-6.166649012223132,53.37642803557079],[-6.165187366934043,53.375698542522116],[-6.166350097182315,53.374927230551585],[-6.170138736256352,53.376794438561],[-6.169327978972748,53.377463470284376],[-6.167343547456599,53.37674497599856]]]}},{"id":"12156","type":"Feature","properties":{},"geometry":{"type":"Polygon","coordinates":[[[-6.263773477298605,53.39983604292548],[-6.264976152167651,53.39928601508978],[-6.266247992383795,53.4002104779197],[-6.265087698258751,53.400600284645115],[-6.263773477298605,53.39983604292548]]]}},{"id":"12158","type":"Feature","properties":{},"geometry":{"type":"Polygon","coordinates":[[[-6.265407668731926,53.356086734639305],[-6.266043102858884,53.35561371415329],[-6.266713312540633,53.35577232139941],[-6.266394157327386,53.3562801319732],[-6.265407668731926,53.356086734639305]]]}},{"id":"12163","type":"Feature","properties":{},"geometry":{"type":"Polygon","coordinates":[[[-6.301732301902272,53.39257402141938],[-6.299691944346912,53.391236727891226],[-6.300958165585522,53.390879526625454],[-6.3051414546260105,53.396431268786245],[-6.304314326652434,53.39647674903877],[-6.301907882831435,53.39413032752527],[-6.301732301902272,53.39257402141938]]]}},{"id":"12181","type":"Feature","properties":{},"geometry":{"type":"Polygon","coordinates":[[[-6.273846226613082,53.33504497156171],[-6.271022907139243,53.33438195566688],[-6.270989001450101,53.33414661377023],[-6.274799409594234,53.334119412415454],[-6.273846226613082,53.33504497156171]]]}},{"id":"12204","type":"Feature","properties":{},"geometry":{"type":"Polygon","coordinates":[[[-6.303206823392543,53.382385629757685],[-6.3036343111520905,53.38144475682232],[-6.308788880987235,53.381327908339415],[-6.308843882687623,53.38205653589006],[-6.305627064526787,53.38176980149429],[-6.305717494855664,53.38233740132015],[-6.303206823392543,53.382385629757685]]]}},{"id":"12213","type":"Feature","properties":{},"geometry":{"type":"Polygon","coordinates":[[[-6.248253078711783,53.38304151636698],[-6.246635453252112,53.3820228730467],[-6.248329052504229,53.3808969066915],[-6.249888499128099,53.381486032645626],[-6.248253078711783,53.38304151636698]]]}},{"id":"12216","type":"Feature","properties":{},"geometry":{"type":"Polygon","coordinates":[[[-6.212609152708562,53.33162654574965],[-6.211071890304069,53.33134321258701],[-6.2117983080604136,53.330257435636724],[-6.211236905417332,53.32915901888333],[-6.212116599933614,53.328803466098215],[-6.213567989851124,53.32933897675492],[-6.212635115467679,53.32951894081538],[-6.212609152708562,53.33162654574965]]]}},{"id":"12223","type":"Feature","properties":{},"geometry":{"type":"Polygon","coordinates":[[[-6.273451130986509,53.34888167744895],[-6.273557691709703,53.34969782815959],[-6.273199278701306,53.34969804333753],[-6.273451130986509,53.34888167744895]]]}},{"id":"12227","type":"Feature","properties":{},"geometry":{"type":"Polygon","coordinates":[[[-6.303475968998513,53.391604438159945],[-6.3060663942831034,53.391474364344454],[-6.306619297674799,53.39048944976251],[-6.307803459920277,53.39015662795258],[-6.307734372408454,53.392079230782244],[-6.306834973127661,53.392262729589135],[-6.307101942831424,53.394863675384194],[-6.306381011534179,53.39526427205292],[-6.303475968998513,53.391604438159945]]]}},{"id":"12235","type":"Feature","properties":{},"geometry":{"type":"Polygon","coordinates":[[[-6.19440279599815,53.38079745507639],[-6.1985781189964,53.380741761122664],[-6.199431290118154,53.38034132427255],[-6.2005804002813605,53.381337347421635],[-6.200531701549874,53.382382644942986],[-6.194263831859953,53.3826617166499],[-6.19440279599815,53.38079745507639]]]}},{"id":"12245","type":"Feature","properties":{},"geometry":{"type":"Polygon","coordinates":[[[-6.264254648985409,53.35953936240678],[-6.263737630830842,53.358707686552],[-6.263987996588064,53.35838206849409],[-6.264254648985409,53.35953936240678]]]}},{"id":"12257","type":"Feature","properties":{},"geometry":{"type":"Polygon","coordinates":[[[-6.259628589683684,53.361493781269935],[-6.261732658781299,53.359275503252945],[-6.2631061546630535,53.35977607889047],[-6.261069105006731,53.360171969918916],[-6.26099300243702,53.360961920953606],[-6.259628589683684,53.361493781269935]]]}},{"id":"12278","type":"Feature","properties":{},"geometry":{"type":"Polygon","coordinates":[[[-6.27009555784289,53.33157533684394],[-6.2718054349277494,53.33153794955524],[-6.271885238861284,53.332269614966386],[-6.270170223437867,53.332382051779746],[-6.27009555784289,53.33157533684394]]]}},{"id":"12281","type":"Feature","properties":{},"geometry":{"type":"Polygon","coordinates":[[[-6.264950349545552,53.3173774346247],[-6.265031051788146,53.31571286193724],[-6.268899839941436,53.31664740656582],[-6.268366351736396,53.31711908101329],[-6.2669638511161905,53.31664701168484],[-6.266544161143065,53.31725605255008],[-6.264950349545552,53.3173774346247]]]}},{"id":"12291","type":"Feature","properties":{},"geometry":{"type":"Polygon","coordinates":[[[-6.235783987317468,53.35479645472466],[-6.236304879800474,53.3533408687464],[-6.238528229161834,53.35451880975034],[-6.238538968573705,53.35499896152835],[-6.23735412357732,53.355328873645384],[-6.235783987317468,53.35479645472466]]]}},{"id":"12312","type":"Feature","properties":{},"geometry":{"type":"Polygon","coordinates":[[[-6.2708154321949765,53.311872154321776],[-6.274119499524366,53.311263590401275],[-6.274599221212262,53.311902406825475],[-6.271185492740586,53.3126361087161],[-6.2708154321949765,53.311872154321776]]]}},{"id":"12316","type":"Feature","properties":{},"geometry":{"type":"Polygon","coordinates":[[[-6.287082320425603,53.35135881158716],[-6.287862968188024,53.35111406275933],[-6.289070023573727,53.35210093815067],[-6.288251533447756,53.35257262204722],[-6.287082320425603,53.35135881158716]]]}},{"id":"12319","type":"Feature","properties":{},"geometry":{"type":"Polygon","coordinates":[[[-6.341626241307065,53.33874956936573],[-6.346325912777987,53.337834796682415],[-6.346518218819748,53.33840302369798],[-6.341922529895645,53.33929067652555],[-6.341626241307065,53.33874956936573]]]}},{"id":"12325","type":"Feature","properties":{},"geometry":{"type":"Polygon","coordinates":[[[-6.2573608652840855,53.35896251454692],[-6.255096063434181,53.35849377503399],[-6.254880960718025,53.358266932505096],[-6.256505380756794,53.35767102076331],[-6.2573608652840855,53.35896251454692]]]}},{"id":"12330","type":"Feature","properties":{},"geometry":{"type":"Polygon","coordinates":[[[-6.27955684169307,53.34024677167324],[-6.280513979136184,53.34002972030631],[-6.281057039628625,53.340766597380906],[-6.279885093030659,53.340971514230176],[-6.27955684169307,53.34024677167324]]]}},{"id":"12337","type":"Feature","properties":{},"geometry":{"type":"Polygon","coordinates":[[[-6.179705949865076,53.39639709745423],[-6.179271315107874,53.394222084046724],[-6.181560646443514,53.39391484751571],[-6.181607844820381,53.39425947146823],[-6.183455358848688,53.394313424501235],[-6.1840192999064705,53.39350351688249],[-6.187438447121589,53.39378028788622],[-6.186303687767689,53.394657597175296],[-6.184880993442612,53.394475569377256],[-6.182870452376442,53.39668630210943],[-6.179705949865076,53.39639709745423]]]}},{"id":"12383","type":"Feature","properties":{},"geometry":{"type":"Polygon","coordinates":[[[-6.224191193154913,53.34031694703987],[-6.223337212535569,53.33957427575642],[-6.225790571419017,53.33906438714552],[-6.226147659601141,53.33976549847067],[-6.2277092351100425,53.339432721699126],[-6.22792261402456,53.339791813888056],[-6.224191193154913,53.34031694703987]]]}},{"id":"12389","type":"Feature","properties":{},"geometry":{"type":"Polygon","coordinates":[[[-6.2189716153535075,53.331057940218656],[-6.219469270281815,53.33067385273659],[-6.218482426312369,53.32930389585216],[-6.22073472665404,53.32782728098111],[-6.224416747308482,53.33057451214236],[-6.223581023224635,53.33105723776357],[-6.222055461364494,53.329535082051414],[-6.221202405045559,53.32984206533078],[-6.2215357608469235,53.330332676721966],[-6.2189716153535075,53.331057940218656]]]}},{"id":"12399","type":"Feature","properties":{},"geometry":{"type":"Polygon","coordinates":[[[-6.246192386633654,53.32834926204122],[-6.2479197659459516,53.32739360703655],[-6.248385364209893,53.32760054823545],[-6.246971246811812,53.32864157262007],[-6.246192386633654,53.32834926204122]]]}},{"id":"12401","type":"Feature","properties":{},"geometry":{"type":"Polygon","coordinates":[[[-6.3266789414344204,53.318784962799555],[-6.329331725221437,53.317579306575624],[-6.331813748727371,53.31759544944716],[-6.3276015613180565,53.31949996985169],[-6.3266789414344204,53.318784962799555]]]}},{"id":"12407","type":"Feature","properties":{},"geometry":{"type":"Polygon","coordinates":[[[-6.238063456473829,53.349605485453196],[-6.238139110679035,53.34896356410849],[-6.238854547751896,53.349007922116115],[-6.238750184981273,53.34964871898392],[-6.238063456473829,53.349605485453196]]]}},{"id":"12422","type":"Feature","properties":{},"geometry":{"type":"Polygon","coordinates":[[[-6.278073271499323,53.34895989736505],[-6.278161837617056,53.34849135924442],[-6.27979779586744,53.348634759146194],[-6.279614773277652,53.349367938769035],[-6.278073271499323,53.34895989736505]]]}},{"id":"12436","type":"Feature","properties":{},"geometry":{"type":"Polygon","coordinates":[[[-6.2300859102070945,53.34434774229829],[-6.22901370674836,53.34166107894136],[-6.231392173021188,53.34151301292717],[-6.2300859102070945,53.34434774229829]]]}},{"id":"12438","type":"Feature","properties":{},"geometry":{"type":"Polygon","coordinates":[[[-6.155520877435882,53.379639929499646],[-6.15903742006222,53.37797835719657],[-6.1615335828965865,53.37888977956399],[-6.162853371769479,53.37852893100212],[-6.164009743033942,53.379496096076856],[-6.16079683491908,53.379359557948945],[-6.160713734195779,53.38043097502632],[-6.155520877435882,53.379639929499646]]]}},{"id":"12443","type":"Feature","properties":{},"geometry":{"type":"Polygon","coordinates":[[[-6.311421078147211,53.37814875782421],[-6.309867159458728,53.37715949200776],[-6.314290891283388,53.37780000999898],[-6.314106760714565,53.37843317523175],[-6.311421078147211,53.37814875782421]]]}},{"id":"12445","type":"Feature","properties":{},"geometry":{"type":"Polygon","coordinates":[[[-6.237348599634063,53.379723178504385],[-6.231999762665245,53.378017943801886],[-6.2322866326358985,53.377403981915556],[-6.233179924328597,53.37759130918948],[-6.233493252305167,53.37719391816811],[-6.235336455379102,53.37789345122369],[-6.234999780117192,53.37836826677742],[-6.237348599634063,53.379723178504385]]]}},{"id":"12454","type":"Feature","properties":{},"geometry":{"type":"Polygon","coordinates":[[[-6.208090531495164,53.366912350189736],[-6.210718667410948,53.364101218437554],[-6.208559628371485,53.363909087760156],[-6.209370612445847,53.36286609473669],[-6.212779349404342,53.363212071675534],[-6.2091816239376865,53.3673171072855],[-6.208090531495164,53.366912350189736]]]}},{"id":"12457","type":"Feature","properties":{},"geometry":{"type":"Polygon","coordinates":[[[-6.281037475642384,53.34442032504793],[-6.2812190919032105,53.34319148350253],[-6.2826335341863,53.343348453142106],[-6.2823200415040885,53.34453063733309],[-6.281037475642384,53.34442032504793]]]}},{"id":"12473","type":"Feature","properties":{},"geometry":{"type":"Polygon","coordinates":[[[-6.276165949507814,53.34989391941058],[-6.27773577233679,53.34974854739942],[-6.2777047812490805,53.350544058804566],[-6.276151580475674,53.3507033856532],[-6.276165949507814,53.34989391941058]]]}},{"id":"12475","type":"Feature","properties":{},"geometry":{"type":"Polygon","coordinates":[[[-6.311018597458913,53.34155523150079],[-6.307649532726441,53.340634928224134],[-6.311261454969956,53.340643586696494],[-6.311018597458913,53.34155523150079]]]}},{"id":"12477","type":"Feature","properties":{},"geometry":{"type":"Polygon","coordinates":[[[-6.211653429587835,53.38396835032864],[-6.212375008955327,53.384214990388905],[-6.2110391304104136,53.385467855968656],[-6.210737237125193,53.385013996141],[-6.211653429587835,53.38396835032864]]]}},{"id":"12480","type":"Feature","properties":{},"geometry":{"type":"Polygon","coordinates":[[[-6.302012296816489,53.31669480609198],[-6.303397431427496,53.31622370383539],[-6.304810045250457,53.31671114315445],[-6.305202941371567,53.317472301695915],[-6.303304133593446,53.318369399177236],[-6.302012296816489,53.31669480609198]]]}},{"id":"12502","type":"Feature","properties":{},"geometry":{"type":"Polygon","coordinates":[[[-6.215268367047012,53.39730645423945],[-6.216253085907033,53.39606221765855],[-6.213997202312825,53.39512834550175],[-6.214533761048234,53.394300109424194],[-6.222766656948344,53.396771793576185],[-6.22476306194173,53.39411597358841],[-6.225823156009769,53.39449929368076],[-6.223363893529631,53.39922459164117],[-6.219831949378808,53.39799295126029],[-6.215268367047012,53.39730645423945]]]}},{"id":"12508","type":"Feature","properties":{},"geometry":{"type":"Polygon","coordinates":[[[-6.296433614170355,53.34258576322212],[-6.297158159402816,53.34328928459901],[-6.295818470777174,53.34392779513079],[-6.295772263275867,53.343247574099806],[-6.296433614170355,53.34258576322212]]]}},{"id":"12519","type":"Feature","properties":{},"geometry":{"type":"Polygon","coordinates":[[[-6.311018597458913,53.34155523150079],[-6.311261454969956,53.340643586696494],[-6.315527039105982,53.34030715669227],[-6.313369648088676,53.34183302942805],[-6.311018597458913,53.34155523150079]]]}},{"id":"12533","type":"Feature","properties":{},"geometry":{"type":"Polygon","coordinates":[[[-6.304060663143535,53.38533056838071],[-6.3086381738597685,53.382663807310976],[-6.309796036854008,53.383149877013835],[-6.304618391470328,53.38600709090355],[-6.304060663143535,53.38533056838071]]]}},{"id":"12539","type":"Feature","properties":{},"geometry":{"type":"Polygon","coordinates":[[[-6.164009743033942,53.379496096076856],[-6.162823116832317,53.37835532543264],[-6.167692559542683,53.37777292267726],[-6.168429182884751,53.37851184250974],[-6.1694631647981115,53.378518655115414],[-6.16885812595612,53.37937592564273],[-6.164009743033942,53.379496096076856]]]}},{"id":"12541","type":"Feature","properties":{},"geometry":{"type":"Polygon","coordinates":[[[-6.260481102522015,53.349762421985396],[-6.263313482350003,53.34932826573824],[-6.2647870506818935,53.35095599618789],[-6.26185054282307,53.352416676510224],[-6.260481102522015,53.349762421985396]]]}},{"id":"12549","type":"Feature","properties":{},"geometry":{"type":"Polygon","coordinates":[[[-6.2984430387524775,53.31283896063994],[-6.292636197541548,53.3118631409257],[-6.292478915135997,53.312672660085745],[-6.29158280730042,53.31236463970223],[-6.29199322374598,53.3107966173141],[-6.299568904450265,53.31210421393209],[-6.2984430387524775,53.31283896063994]]]}},{"id":"12569","type":"Feature","properties":{},"geometry":{"type":"Polygon","coordinates":[[[-6.152934745894824,53.38934614099165],[-6.1533799318045155,53.3889959818224],[-6.156781039269312,53.38951621748184],[-6.16001949028218,53.3875953314823],[-6.160648108112608,53.38787424481009],[-6.157351030112163,53.390309481337994],[-6.152934745894824,53.38934614099165]]]}},{"id":"12580","type":"Feature","properties":{},"geometry":{"type":"Polygon","coordinates":[[[-6.309285684592908,53.336549001305926],[-6.3118517540709105,53.33625164947906],[-6.3115833325646635,53.336836397924195],[-6.312645437168179,53.33703911347055],[-6.312607106911198,53.33770416384561],[-6.3096193164416965,53.33816574664204],[-6.309285684592908,53.336549001305926]]]}},{"id":"12583","type":"Feature","properties":{},"geometry":{"type":"Polygon","coordinates":[[[-6.315648307429336,53.387450047546565],[-6.315734903226052,53.386691910733546],[-6.318681886312826,53.38656664068089],[-6.318314387984712,53.38837116625279],[-6.315648307429336,53.387450047546565]]]}},{"id":"12591","type":"Feature","properties":{},"geometry":{"type":"Polygon","coordinates":[[[-6.168830729863076,53.39068167720265],[-6.174520841644736,53.38666548117639],[-6.175198521022539,53.38695217642349],[-6.173459278374316,53.388156046013805],[-6.1739217107422695,53.388436937547354],[-6.172591689191439,53.39015052755428],[-6.170952464171228,53.38973458688993],[-6.168830729863076,53.39068167720265]]]}},{"id":"12602","type":"Feature","properties":{},"geometry":{"type":"Polygon","coordinates":[[[-6.297716971270856,53.36335902660927],[-6.294079158658232,53.36275349493032],[-6.293493315403722,53.36202016060703],[-6.296668507556155,53.362108182868155],[-6.297716971270856,53.36335902660927]]]}},{"id":"12605","type":"Feature","properties":{},"geometry":{"type":"Polygon","coordinates":[[[-6.285072446021285,53.36468680665315],[-6.281494130595204,53.363947849868154],[-6.281112975924833,53.36349021671429],[-6.283145157923019,53.36331546043512],[-6.285230864714062,53.36401570703839],[-6.285072446021285,53.36468680665315]]]}},{"id":"12626","type":"Feature","properties":{},"geometry":{"type":"Polygon","coordinates":[[[-6.161074761843877,53.3921152291277],[-6.160363213671268,53.39083090027984],[-6.163796704286093,53.3908944378384],[-6.1637025662825415,53.39204831158415],[-6.164545953917066,53.39225059254842],[-6.164163303368989,53.392640556629345],[-6.161074761843877,53.3921152291277]]]}},{"id":"12628","type":"Feature","properties":{},"geometry":{"type":"Polygon","coordinates":[[[-6.255241906935973,53.33440385915637],[-6.2527637582405635,53.33205654955637],[-6.257435140418174,53.3310668940986],[-6.25791212040797,53.33270394033924],[-6.254226308689272,53.33213298768869],[-6.256229921292621,53.33405441263897],[-6.255241906935973,53.33440385915637]]]}},{"id":"12633","type":"Feature","properties":{},"geometry":{"type":"Polygon","coordinates":[[[-6.244116359134125,53.33130782329918],[-6.245015312327598,53.3292222903665],[-6.246308177493417,53.32942885118132],[-6.245398831329099,53.33150673543456],[-6.244116359134125,53.33130782329918]]]}},{"id":"12638","type":"Feature","properties":{},"geometry":{"type":"Polygon","coordinates":[[[-6.289817617870247,53.3574771514849],[-6.288724107648284,53.35723719504448],[-6.291166001531088,53.357058256375424],[-6.289817617870247,53.3574771514849]]]}},{"id":"12640","type":"Feature","properties":{},"geometry":{"type":"Polygon","coordinates":[[[-6.277855795277504,53.36180182715688],[-6.278944348795387,53.36125694618654],[-6.279920338150883,53.362005604315755],[-6.277855795277504,53.36180182715688]]]}},{"id":"12644","type":"Feature","properties":{},"geometry":{"type":"Polygon","coordinates":[[[-6.184234594166097,53.392305542901504],[-6.184498708477427,53.39112496601406],[-6.189344378003949,53.39126072286443],[-6.189560786922662,53.39236461346773],[-6.187561952500136,53.39271611453041],[-6.184234594166097,53.392305542901504]]]}},{"id":"12651","type":"Feature","properties":{},"geometry":{"type":"Polygon","coordinates":[[[-6.205131781868535,53.39041423108617],[-6.206957618621179,53.387882167620326],[-6.209401285206779,53.388401981546025],[-6.2092182678703765,53.388993566761634],[-6.210405637134142,53.38931680943307],[-6.208121909571147,53.39110340718979],[-6.205131781868535,53.39041423108617]]]}},{"id":"12666","type":"Feature","properties":{},"geometry":{"type":"Polygon","coordinates":[[[-6.232427798316224,53.37895040865277],[-6.232824245933344,53.37833247866493],[-6.2394991050757485,53.380188136452006],[-6.241170974988662,53.37621505115935],[-6.24230696194061,53.3759039101443],[-6.239181972868855,53.381074133529026],[-6.232427798316224,53.37895040865277]]]}},{"id":"12668","type":"Feature","properties":{},"geometry":{"type":"Polygon","coordinates":[[[-6.26414378632209,53.39438192252097],[-6.2639060101073065,53.39186954179948],[-6.264443921843191,53.38970745171244],[-6.26759750392865,53.39113126481333],[-6.2651673664340795,53.39301035231916],[-6.266789287705203,53.39365260504726],[-6.2668965743709215,53.39445336124961],[-6.26414378632209,53.39438192252097]]]}},{"id":"12671","type":"Feature","properties":{},"geometry":{"type":"Polygon","coordinates":[[[-6.250461502979357,53.326351489989065],[-6.2516792874606475,53.325873675309666],[-6.252840708035099,53.32724624049823],[-6.251276675592034,53.32757090283712],[-6.250461502979357,53.326351489989065]]]}},{"id":"12678","type":"Feature","properties":{},"geometry":{"type":"Polygon","coordinates":[[[-6.279913075186127,53.35275635990635],[-6.279819286048814,53.351966807192355],[-6.2812938274736085,53.352093621267315],[-6.281228274395546,53.351698567750674],[-6.28246847174133,53.35153204501352],[-6.283210879942761,53.352625603725855],[-6.279913075186127,53.35275635990635]]]}},{"id":"12679","type":"Feature","properties":{},"geometry":{"type":"Polygon","coordinates":[[[-6.230592559532874,53.353869133669846],[-6.231769764738174,53.35418056923908],[-6.232379330174372,53.353684710195964],[-6.231836420608989,53.35284332133604],[-6.234672503493374,53.354114362967],[-6.233428858433999,53.355136064138755],[-6.230592559532874,53.353869133669846]]]}},{"id":"12683","type":"Feature","properties":{},"geometry":{"type":"Polygon","coordinates":[[[-6.225823156009769,53.39449929368076],[-6.220486643556533,53.392935697247154],[-6.214958409084128,53.39178187924175],[-6.215756140022611,53.39150784038452],[-6.2186852707354285,53.39243925417313],[-6.219981984017148,53.39194898144539],[-6.221510797853924,53.39227966722982],[-6.221978815445794,53.393218210597055],[-6.225294513102331,53.393891875330866],[-6.226599352564967,53.3934288677821],[-6.225823156009769,53.39449929368076]]]}},{"id":"12687","type":"Feature","properties":{},"geometry":{"type":"Polygon","coordinates":[[[-6.311242568510378,53.3204735749974],[-6.313381030713082,53.320189725848095],[-6.3142091438835015,53.3209553974623],[-6.312944917004761,53.32189537379676],[-6.311242568510378,53.3204735749974]]]}},{"id":"12711","type":"Feature","properties":{},"geometry":{"type":"Polygon","coordinates":[[[-6.204628047018524,53.36584578620378],[-6.205371074292455,53.363342946077324],[-6.207789152399415,53.363342130868126],[-6.208914058894813,53.36241955990179],[-6.209370612445847,53.36286609473669],[-6.207263937373137,53.365612614900606],[-6.206761360419599,53.365439879114106],[-6.206075937029907,53.36623140202741],[-6.204628047018524,53.36584578620378]]]}},{"id":"12718","type":"Feature","properties":{},"geometry":{"type":"Polygon","coordinates":[[[-6.27311845056372,53.397564768008614],[-6.271542171653823,53.396959162341766],[-6.2712370480189925,53.39502144551625],[-6.274305083955703,53.39614965916951],[-6.27311845056372,53.397564768008614]]]}},{"id":"12724","type":"Feature","properties":{},"geometry":{"type":"Polygon","coordinates":[[[-6.292024208016602,53.36667751032312],[-6.290186303489493,53.36614816662686],[-6.292785830955079,53.36141127518807],[-6.294079158658232,53.36275349493032],[-6.29627375220803,53.363278749720756],[-6.294316429926687,53.3641993598948],[-6.2934719513762944,53.36393823669594],[-6.292024208016602,53.36667751032312]]]}},{"id":"12729","type":"Feature","properties":{},"geometry":{"type":"Polygon","coordinates":[[[-6.366049238441314,53.339997895483],[-6.361543858129739,53.33970809973101],[-6.3612835240422925,53.33910280525214],[-6.366459893036593,53.33939402580357],[-6.366049238441314,53.339997895483]]]}},{"id":"12733","type":"Feature","properties":{},"geometry":{"type":"Polygon","coordinates":[[[-6.254987062097694,53.36873749684086],[-6.25698895185957,53.367878172245945],[-6.258779477922518,53.36894906803362],[-6.2583670556462865,53.369445852287214],[-6.254987062097694,53.36873749684086]]]}},{"id":"12743","type":"Feature","properties":{},"geometry":{"type":"Polygon","coordinates":[[[-6.331653620674247,53.32721400244797],[-6.330967661288211,53.32611012106281],[-6.333282537646107,53.32655825667413],[-6.331653620674247,53.32721400244797]]]}},{"id":"12755","type":"Feature","properties":{},"geometry":{"type":"Polygon","coordinates":[[[-6.3123171571069125,53.3709633343868],[-6.311059315795069,53.37047367839473],[-6.311488381607516,53.36991502400908],[-6.31303953478135,53.37039934869789],[-6.314954884087795,53.369814099701465],[-6.314920372250614,53.36920248175565],[-6.312672949901639,53.36824127680985],[-6.315800115353456,53.36913139281639],[-6.3154865140672305,53.37014859756313],[-6.3123171571069125,53.3709633343868]]]}},{"id":"12756","type":"Feature","properties":{},"geometry":{"type":"Polygon","coordinates":[[[-6.272124060211436,53.34528166250925],[-6.271659184175442,53.34294740623291],[-6.275255072188827,53.34351505559336],[-6.276316897083293,53.34414240047215],[-6.275737718600616,53.345544614100284],[-6.272124060211436,53.34528166250925]]]}},{"id":"12771","type":"Feature","properties":{},"geometry":{"type":"Polygon","coordinates":[[[-6.155852899400619,53.39931127430262],[-6.156082993683111,53.39827423908464],[-6.161642522819469,53.398606712944925],[-6.161732294555734,53.39938374847681],[-6.155852899400619,53.39931127430262]]]}},{"id":"12772","type":"Feature","properties":{},"geometry":{"type":"Polygon","coordinates":[[[-6.337163607113535,53.34021867029642],[-6.341922529895645,53.33929067652555],[-6.342213296781894,53.33982062391045],[-6.337453021966767,53.34075537867117],[-6.337163607113535,53.34021867029642]]]}},{"id":"12784","type":"Feature","properties":{},"geometry":{"type":"Polygon","coordinates":[[[-6.23844097993551,53.35044449406928],[-6.23869298377311,53.34998645778392],[-6.2402628864155085,53.35002341021377],[-6.240063504917305,53.3505594250213],[-6.23844097993551,53.35044449406928]]]}},{"id":"12808","type":"Feature","properties":{},"geometry":{"type":"Polygon","coordinates":[[[-6.233090178811133,53.366713901672014],[-6.234393121982696,53.36587943168056],[-6.2338801287213625,53.36498846970221],[-6.235440510463301,53.3645473526223],[-6.237301550713128,53.364929519610186],[-6.237314172607353,53.36580049395011],[-6.235079938751438,53.36627137103171],[-6.234495353627613,53.36707812610683],[-6.233090178811133,53.366713901672014]]]}},{"id":"12823","type":"Feature","properties":{},"geometry":{"type":"Polygon","coordinates":[[[-6.257853592885852,53.31119764911869],[-6.262534477566996,53.31100249844735],[-6.262867966601423,53.31256752076757],[-6.265078600268458,53.31228742281283],[-6.265263949234148,53.31312381504461],[-6.258143995562531,53.31342519399175],[-6.257853592885852,53.31119764911869]]]}},{"id":"12839","type":"Feature","properties":{},"geometry":{"type":"Polygon","coordinates":[[[-6.269211273173982,53.34963013882791],[-6.269787334775738,53.34933636709045],[-6.270579170842824,53.34913369768961],[-6.270583623563881,53.34977618637445],[-6.269211273173982,53.34963013882791]]]}},{"id":"12853","type":"Feature","properties":{},"geometry":{"type":"Polygon","coordinates":[[[-6.299826344118629,53.317871056320875],[-6.2960882499128825,53.31528531508559],[-6.296978865981692,53.315347954992724],[-6.298149248123925,53.31425035999494],[-6.299628106291831,53.314441444390035],[-6.299001179262319,53.315572915811856],[-6.297916138173194,53.31583628359085],[-6.300284107969584,53.317598940419394],[-6.299826344118629,53.317871056320875]]]}},{"id":"12864","type":"Feature","properties":{},"geometry":{"type":"Polygon","coordinates":[[[-6.298575622679297,53.320991506573364],[-6.3000163576136,53.32261836508081],[-6.295652581692772,53.324015823213166],[-6.297254842356781,53.32160357895165],[-6.298575622679297,53.320991506573364]]]}},{"id":"12888","type":"Feature","properties":{},"geometry":{"type":"Polygon","coordinates":[[[-6.320050482397668,53.330849367715295],[-6.323465901818488,53.32997983561413],[-6.324233003005342,53.33021498276593],[-6.321551835075946,53.33203897500307],[-6.320050482397668,53.330849367715295]]]}},{"id":"12892","type":"Feature","properties":{},"geometry":{"type":"Polygon","coordinates":[[[-6.262748531858794,53.33163909027485],[-6.260173093673565,53.33046612084503],[-6.26318728442143,53.33012010419411],[-6.262748531858794,53.33163909027485]]]}},{"id":"12916","type":"Feature","properties":{},"geometry":{"type":"Polygon","coordinates":[[[-6.292075981625067,53.36668853273122],[-6.295733623681402,53.36511186519563],[-6.296248028333238,53.365564584018806],[-6.293433972673205,53.366939075207924],[-6.292075981625067,53.36668853273122]]]}},{"id":"12931","type":"Feature","properties":{},"geometry":{"type":"Polygon","coordinates":[[[-6.235031864642044,53.33192097165442],[-6.235351315247862,53.331004590140395],[-6.237917230506424,53.33129011719018],[-6.2375957635513,53.332290919207466],[-6.235031864642044,53.33192097165442]]]}},{"id":"12952","type":"Feature","properties":{},"geometry":{"type":"Polygon","coordinates":[[[-6.331822092514858,53.37654156331678],[-6.332224167991587,53.37555125176949],[-6.332803176525676,53.3755077144241],[-6.333088377099104,53.376603548328035],[-6.331822092514858,53.37654156331678]]]}},{"id":"12957","type":"Feature","properties":{},"geometry":{"type":"Polygon","coordinates":[[[-6.273577608679639,53.33915978643873],[-6.275894374138655,53.33966275672363],[-6.275857404652632,53.34006987780649],[-6.274082981703457,53.340201908146895],[-6.273577608679639,53.33915978643873]]]}},{"id":"12991","type":"Feature","properties":{},"geometry":{"type":"Polygon","coordinates":[[[-6.245588999887499,53.38719424789063],[-6.244732429838839,53.38586053264257],[-6.245829183430977,53.38411686191341],[-6.247623954147161,53.38451098216971],[-6.247225086882003,53.386573327145115],[-6.246093092887586,53.38650702157602],[-6.247021419419874,53.38790546093059],[-6.245588999887499,53.38719424789063]]]}},{"id":"12993","type":"Feature","properties":{},"geometry":{"type":"Polygon","coordinates":[[[-6.174611374865585,53.39922137165292],[-6.174980824514936,53.39850794059447],[-6.177156621189001,53.39864753333228],[-6.179262634479419,53.400256196462195],[-6.178518623844889,53.40066194156397],[-6.174611374865585,53.39922137165292]]]}},{"id":"12997","type":"Feature","properties":{},"geometry":{"type":"Polygon","coordinates":[[[-6.267113704506725,53.32527609536124],[-6.267366883442377,53.32433491352584],[-6.269291897373979,53.32459354018374],[-6.268393955743346,53.32541375309823],[-6.267113704506725,53.32527609536124]]]}},{"id":"12999","type":"Feature","properties":{},"geometry":{"type":"Polygon","coordinates":[[[-6.285866634295346,53.353743244125084],[-6.285297446905412,53.35332521889045],[-6.287002740813904,53.3532690809829],[-6.289291891839656,53.35377059661962],[-6.288880766872937,53.35415654523367],[-6.287052021733881,53.35351724795848],[-6.285866634295346,53.353743244125084]]]}},{"id":"13009","type":"Feature","properties":{},"geometry":{"type":"Polygon","coordinates":[[[-6.2221931480770625,53.3847036513597],[-6.221365524928528,53.38459028659051],[-6.222585345647257,53.38171207275218],[-6.222172961662852,53.38062169397106],[-6.223718545638573,53.38149064118961],[-6.2221931480770625,53.3847036513597]]]}},{"id":"13013","type":"Feature","properties":{},"geometry":{"type":"Polygon","coordinates":[[[-6.289545952222238,53.382476803452626],[-6.291426007950741,53.38211531363439],[-6.29205998103245,53.38256459444422],[-6.291017660150924,53.38304584862964],[-6.289545952222238,53.382476803452626]]]}},{"id":"13015","type":"Feature","properties":{},"geometry":{"type":"Polygon","coordinates":[[[-6.369078217547995,53.346253500055965],[-6.368151822771198,53.34554036481127],[-6.366543343769786,53.34540401870704],[-6.363790844662124,53.34393228960809],[-6.36899550306543,53.34434759350283],[-6.3699490665085,53.344021023499344],[-6.369078217547995,53.346253500055965]]]}},{"id":"13020","type":"Feature","properties":{},"geometry":{"type":"Polygon","coordinates":[[[-6.315744823291533,53.34027865640569],[-6.307621089684859,53.340424482817106],[-6.3103760873263965,53.340282853911994],[-6.311609811635309,53.33954348986299],[-6.314575976936139,53.33961727509945],[-6.315744823291533,53.34027865640569]]]}},{"id":"13027","type":"Feature","properties":{},"geometry":{"type":"Polygon","coordinates":[[[-6.265396095329808,53.3207314985437],[-6.26676140241686,53.3204326353419],[-6.2670286584143104,53.31981284946024],[-6.2684474332407225,53.32003903116656],[-6.267556906534504,53.3213218391575],[-6.265947233567461,53.3217714766566],[-6.265396095329808,53.3207314985437]]]}},{"id":"13032","type":"Feature","properties":{},"geometry":{"type":"Polygon","coordinates":[[[-6.279613783105154,53.31788334644689],[-6.281255286260706,53.31601315967043],[-6.2848677717943495,53.31535831782298],[-6.285426478213881,53.31636527265226],[-6.281958975967769,53.31713279218712],[-6.281609611703166,53.31828302998837],[-6.279613783105154,53.31788334644689]]]}},{"id":"13038","type":"Feature","properties":{},"geometry":{"type":"Polygon","coordinates":[[[-6.185167006450529,53.36895596718594],[-6.185713837224579,53.36791315842882],[-6.188340127970457,53.36816890951607],[-6.188689900699214,53.36708548021337],[-6.190014309382195,53.36723660534259],[-6.189318025614037,53.36930038024826],[-6.185167006450529,53.36895596718594]]]}},{"id":"13039","type":"Feature","properties":{},"geometry":{"type":"Polygon","coordinates":[[[-6.269064065316156,53.35219734038483],[-6.2697199998200075,53.351339251507156],[-6.2704333622593875,53.351558243883574],[-6.269703971056759,53.352381709829025],[-6.269064065316156,53.35219734038483]]]}},{"id":"13044","type":"Feature","properties":{},"geometry":{"type":"Polygon","coordinates":[[[-6.276843784017354,53.33028864714035],[-6.277080237677814,53.32977135410973],[-6.2784520268819115,53.32989379448647],[-6.278266125456263,53.330427539971076],[-6.276843784017354,53.33028864714035]]]}},{"id":"13045","type":"Feature","properties":{},"geometry":{"type":"Polygon","coordinates":[[[-6.2360401228254085,53.36805636232051],[-6.235079938751438,53.36627137103171],[-6.237225896700053,53.36580833000093],[-6.237372754199776,53.36739196758175],[-6.2360401228254085,53.36805636232051]]]}},{"id":"13052","type":"Feature","properties":{},"geometry":{"type":"Polygon","coordinates":[[[-6.256185372576104,53.36547972573313],[-6.256569175561987,53.36496180414241],[-6.260110443174467,53.36603651293971],[-6.259992332815428,53.36642657256747],[-6.256185372576104,53.36547972573313]]]}},{"id":"13067","type":"Feature","properties":{},"geometry":{"type":"Polygon","coordinates":[[[-6.208844912477244,53.329442413629394],[-6.2096384320265745,53.32920529890338],[-6.2101545308994615,53.330985293397255],[-6.212609152708562,53.33162654574965],[-6.210664464373302,53.332752501067745],[-6.208844912477244,53.329442413629394]]]}},{"id":"13087","type":"Feature","properties":{},"geometry":{"type":"Polygon","coordinates":[[[-6.256731446574485,53.33582156542399],[-6.255241906935973,53.33440385915637],[-6.256229921292621,53.33405441263897],[-6.263033354531103,53.3340891593773],[-6.263270383085963,53.3365114119251],[-6.2625554569713655,53.33758607695311],[-6.256731446574485,53.33582156542399]]]}},{"id":"13110","type":"Feature","properties":{},"geometry":{"type":"Polygon","coordinates":[[[-6.252682304068195,53.39782318171047],[-6.254012318839436,53.39619614763719],[-6.256026341932742,53.39633813689168],[-6.255599430468953,53.397823933564375],[-6.256759080571142,53.39836653966662],[-6.252682304068195,53.39782318171047]]]}},{"id":"13121","type":"Feature","properties":{},"geometry":{"type":"Polygon","coordinates":[[[-6.202811255421512,53.40815079039431],[-6.203866042413765,53.40565463130944],[-6.206586526849317,53.405484759464386],[-6.206617105761257,53.40474641431438],[-6.216216039160192,53.40656916618766],[-6.214579098188117,53.4040033660839],[-6.2166432974222126,53.40163899972807],[-6.214767015624849,53.39833052248792],[-6.215268367047012,53.39730645423945],[-6.219831949378808,53.39799295126029],[-6.220988513838246,53.398736566125635],[-6.224547235850608,53.39939344883075],[-6.232486711588,53.40284450476891],[-6.2256949815055735,53.41099182691205],[-6.222953117368614,53.4104622577935],[-6.21644573219115,53.4106103623354],[-6.202811255421512,53.40815079039431]]]}},{"id":"13122","type":"Feature","properties":{},"geometry":{"type":"Polygon","coordinates":[[[-6.235132980211013,53.323739957545584],[-6.236230226883735,53.32205642377149],[-6.238176835987456,53.32288622783748],[-6.235373898492867,53.32462561280575],[-6.235132980211013,53.323739957545584]]]}},{"id":"13126","type":"Feature","properties":{},"geometry":{"type":"Polygon","coordinates":[[[-6.283524822864098,53.30984630792747],[-6.283659831672239,53.306775405354685],[-6.28563971615664,53.30639967700243],[-6.287968280374914,53.30753313962059],[-6.283524822864098,53.30984630792747]]]}},{"id":"13129","type":"Feature","properties":{},"geometry":{"type":"Polygon","coordinates":[[[-6.161508526903126,53.408833462845166],[-6.162026858441457,53.40814200176794],[-6.163283184378535,53.40822004045367],[-6.163578465950021,53.40914651526281],[-6.161508526903126,53.408833462845166]]]}},{"id":"13138","type":"Feature","properties":{},"geometry":{"type":"Polygon","coordinates":[[[-6.275136741820194,53.33557603182716],[-6.275981735627124,53.33423982326977],[-6.276669522525368,53.3341915809675],[-6.276107451917523,53.334279911390006],[-6.277967680408985,53.334802634262985],[-6.278350879970379,53.33569672916813],[-6.275136741820194,53.33557603182716]]]}},{"id":"13146","type":"Feature","properties":{},"geometry":{"type":"Polygon","coordinates":[[[-6.195082527558234,53.40125732762495],[-6.194128866020274,53.39953886282409],[-6.194402954154057,53.398538288300365],[-6.198145288484829,53.399939074271465],[-6.19803898140626,53.40164431299865],[-6.196418726374419,53.400869407925946],[-6.195082527558234,53.40125732762495]]]}},{"id":"13154","type":"Feature","properties":{},"geometry":{"type":"Polygon","coordinates":[[[-6.227978316154827,53.33304569674415],[-6.228852020081617,53.33180775155451],[-6.229954263793632,53.33182959472694],[-6.229094922198677,53.33240926027385],[-6.229456160935033,53.33327699288075],[-6.227978316154827,53.33304569674415]]]}},{"id":"13161","type":"Feature","properties":{},"geometry":{"type":"Polygon","coordinates":[[[-6.264053520416236,53.357578093096905],[-6.264732354541441,53.35730317026299],[-6.2665599837427814,53.357730801172025],[-6.267074997272838,53.35699642279341],[-6.267983055196045,53.35727736216572],[-6.2670405054311535,53.35845179457484],[-6.264053520416236,53.357578093096905]]]}},{"id":"13165","type":"Feature","properties":{},"geometry":{"type":"Polygon","coordinates":[[[-6.312162658930887,53.38375667482956],[-6.3110829002439655,53.38209347033424],[-6.314511987174302,53.3820070243499],[-6.314387893633536,53.3838647622363],[-6.312162658930887,53.38375667482956]]]}},{"id":"13185","type":"Feature","properties":{},"geometry":{"type":"Polygon","coordinates":[[[-6.253344599516737,53.31627295878194],[-6.251932160850911,53.311367941607294],[-6.2550800097749315,53.311186358684076],[-6.255737423512246,53.31490884283656],[-6.258308616022468,53.31479766348825],[-6.258508010511052,53.31613873218261],[-6.253344599516737,53.31627295878194]]]}},{"id":"13187","type":"Feature","properties":{},"geometry":{"type":"Polygon","coordinates":[[[-6.280040264222488,53.39140336439291],[-6.28614162748857,53.39132141083299],[-6.285626023452898,53.39259550920841],[-6.280007696077923,53.392523854548266],[-6.280040264222488,53.39140336439291]]]}},{"id":"13188","type":"Feature","properties":{},"geometry":{"type":"Polygon","coordinates":[[[-6.293189710053373,53.33218715154115],[-6.287898738230357,53.33124260681817],[-6.28827876345388,53.33041078228229],[-6.292022504440068,53.33038007181269],[-6.293901380525626,53.33185853478429],[-6.293189710053373,53.33218715154115]]]}},{"id":"13190","type":"Feature","properties":{},"geometry":{"type":"Polygon","coordinates":[[[-6.325764721815926,53.379664600783705],[-6.325651954766666,53.37818965508474],[-6.328678205176085,53.37806633238743],[-6.329023644573985,53.37937850637554],[-6.325764721815926,53.379664600783705]]]}},{"id":"13202","type":"Feature","properties":{},"geometry":{"type":"Polygon","coordinates":[[[-6.324668350575601,53.376109865225104],[-6.323360250855069,53.37649885864307],[-6.323016340607452,53.377246627030125],[-6.325615878127295,53.37848814318793],[-6.325764721815926,53.379664600783705],[-6.32092898735559,53.37980255765337],[-6.317876205514256,53.37853444610277],[-6.318195251373988,53.3778830794481],[-6.320496761303823,53.3784740017938],[-6.322911761564334,53.37656682514501],[-6.320664446935366,53.3755522444332],[-6.324527316221288,53.37555790150816],[-6.324668350575601,53.376109865225104]]]}},{"id":"13204","type":"Feature","properties":{},"geometry":{"type":"Polygon","coordinates":[[[-6.235809742234707,53.35437551663028],[-6.231836420608989,53.35284332133604],[-6.232176278406598,53.35256837654917],[-6.232864442873979,53.35229106686055],[-6.236306296659982,53.35386500594043],[-6.235809742234707,53.35437551663028]]]}},{"id":"13210","type":"Feature","properties":{},"geometry":{"type":"Polygon","coordinates":[[[-6.281112975924833,53.36349021671429],[-6.279526639407324,53.36148916384771],[-6.282691288303787,53.36147429552537],[-6.282261516705911,53.363133507824905],[-6.281112975924833,53.36349021671429]]]}},{"id":"13211","type":"Feature","properties":{},"geometry":{"type":"Polygon","coordinates":[[[-6.176237665227205,53.387038903723834],[-6.174520841644736,53.38666548117639],[-6.1762034180793695,53.382958412244896],[-6.175899174681891,53.38165397261696],[-6.178395534889657,53.381230394862264],[-6.178734617529443,53.38243670509541],[-6.176599256175701,53.382778611678525],[-6.177783813648398,53.38486090994707],[-6.175566547800268,53.385793896305344],[-6.176237665227205,53.387038903723834]]]}},{"id":"13225","type":"Feature","properties":{},"geometry":{"type":"Polygon","coordinates":[[[-6.301959437206514,53.36037602205542],[-6.300859532582144,53.359989653731176],[-6.301809371384474,53.35841432305575],[-6.30336391801565,53.35880272593482],[-6.301959437206514,53.36037602205542]]]}},{"id":"13230","type":"Feature","properties":{},"geometry":{"type":"Polygon","coordinates":[[[-6.3105419040910355,53.36410021399745],[-6.311777185466037,53.36272262024846],[-6.313660888583838,53.363041068569004],[-6.313063195593127,53.36512328786936],[-6.3105419040910355,53.36410021399745]]]}},{"id":"13231","type":"Feature","properties":{},"geometry":{"type":"Polygon","coordinates":[[[-6.25167075223578,53.34778917572281],[-6.2521162573823545,53.34579460592431],[-6.255132130185169,53.34590419317193],[-6.254943092706413,53.34785347741619],[-6.25167075223578,53.34778917572281]]]}},{"id":"13237","type":"Feature","properties":{},"geometry":{"type":"Polygon","coordinates":[[[-6.268916140073816,53.37503418945438],[-6.268651966310453,53.37348373624571],[-6.265879486588188,53.372584789945506],[-6.266586603373172,53.37179448628059],[-6.267845932312379,53.37213422035295],[-6.268758192709116,53.37153252093362],[-6.271254444937077,53.37170634113052],[-6.272502072602831,53.37220494502937],[-6.274383969278469,53.37470411131882],[-6.272105153518251,53.37414145599383],[-6.27001213368304,53.37449798082666],[-6.270287355654502,53.375848021993775],[-6.268916140073816,53.37503418945438]]]}},{"id":"13251","type":"Feature","properties":{},"geometry":{"type":"Polygon","coordinates":[[[-6.265442738770368,53.361497490335964],[-6.2650673407509245,53.3607184462946],[-6.263930415170149,53.360581614297196],[-6.264021885872188,53.36012890270888],[-6.26608736435245,53.360420468869684],[-6.265442738770368,53.361497490335964]]]}},{"id":"13276","type":"Feature","properties":{},"geometry":{"type":"Polygon","coordinates":[[[-6.2850616444453005,53.319030919293425],[-6.287123294580175,53.31782121720663],[-6.290555990295251,53.31946701312325],[-6.286291218202689,53.32028050273853],[-6.2850616444453005,53.319030919293425]]]}},{"id":"13288","type":"Feature","properties":{},"geometry":{"type":"Polygon","coordinates":[[[-6.225967799860423,53.33652314504281],[-6.229282693898668,53.335865510660526],[-6.2295697850175245,53.33743823423767],[-6.226631357884661,53.33763449353669],[-6.225967799860423,53.33652314504281]]]}},{"id":"13296","type":"Feature","properties":{},"geometry":{"type":"Polygon","coordinates":[[[-6.315477099743774,53.389025858194884],[-6.315648307429336,53.387450047546565],[-6.317713254935933,53.388303365981116],[-6.318829773159005,53.38787757113505],[-6.31952238320824,53.388767939030146],[-6.318818768144868,53.38979302358141],[-6.315477099743774,53.389025858194884]]]}},{"id":"13300","type":"Feature","properties":{},"geometry":{"type":"Polygon","coordinates":[[[-6.301330608006815,53.33391881410627],[-6.300452233131936,53.33212715840057],[-6.301628506775142,53.33226871018899],[-6.30186522646058,53.33182965996216],[-6.305863269842716,53.33219687214702],[-6.305793085308876,53.333283512954495],[-6.301330608006815,53.33391881410627]]]}},{"id":"13309","type":"Feature","properties":{},"geometry":{"type":"Polygon","coordinates":[[[-6.24860650737678,53.356138844898055],[-6.250881118484972,53.3560144953837],[-6.252643473777321,53.3553189037174],[-6.252980670882223,53.35561891284008],[-6.249768106610538,53.35702819461744],[-6.24860650737678,53.356138844898055]]]}},{"id":"13316","type":"Feature","properties":{},"geometry":{"type":"Polygon","coordinates":[[[-6.312283149677685,53.383928431420486],[-6.309211590836237,53.3834859744818],[-6.3103568339789256,53.38271186860453],[-6.308843882687623,53.38205653589006],[-6.308336417313856,53.38055198855988],[-6.31067795865039,53.380377593303734],[-6.312283149677685,53.383928431420486]]]}},{"id":"13317","type":"Feature","properties":{},"geometry":{"type":"Polygon","coordinates":[[[-6.292531761704324,53.36187406586252],[-6.283198233057027,53.361234930650305],[-6.279632609579797,53.36146313424802],[-6.279189596631063,53.360903324223436],[-6.292785830955079,53.36141127518807],[-6.292531761704324,53.36187406586252]]]}},{"id":"13328","type":"Feature","properties":{},"geometry":{"type":"Polygon","coordinates":[[[-6.306932899843245,53.37371525750852],[-6.306063896995525,53.37234695045321],[-6.306077965582557,53.36973332660331],[-6.302627301969644,53.367463248973436],[-6.308287030840557,53.36492299473737],[-6.315322194236249,53.36769852870163],[-6.314896322424845,53.36872063653819],[-6.312672949901639,53.36824127680985],[-6.311059315795069,53.37047367839473],[-6.3123171571069125,53.3709633343868],[-6.3119989299501205,53.37143947658942],[-6.308918995515212,53.372154462361394],[-6.309037199357158,53.373882078102525],[-6.308167137888048,53.373486974986456],[-6.306932899843245,53.37371525750852]]]}},{"id":"13332","type":"Feature","properties":{},"geometry":{"type":"Polygon","coordinates":[[[-6.206993258828731,53.38065465963133],[-6.208658574320121,53.38114724698953],[-6.205807478740785,53.38293250089845],[-6.204440223724223,53.382708978448704],[-6.205128776621448,53.38240200878817],[-6.205017144144253,53.38079111089111],[-6.206993258828731,53.38065465963133]]]}},{"id":"13345","type":"Feature","properties":{},"geometry":{"type":"Polygon","coordinates":[[[-6.273538616684176,53.33218671324357],[-6.2735726934041205,53.330908359240176],[-6.275240596020764,53.330947837894946],[-6.275219783911815,53.3322425264839],[-6.273538616684176,53.33218671324357]]]}},{"id":"13351","type":"Feature","properties":{},"geometry":{"type":"Polygon","coordinates":[[[-6.316012253229327,53.37205128184945],[-6.318848221291367,53.372654605379736],[-6.318567370778198,53.37355884118843],[-6.314987607719395,53.37353502074817],[-6.316012253229327,53.37205128184945]]]}},{"id":"13360","type":"Feature","properties":{},"geometry":{"type":"Polygon","coordinates":[[[-6.351319195451686,53.34217236991485],[-6.350017908188292,53.33876767431096],[-6.351190920680577,53.338632344688],[-6.3533320572837,53.34179193323646],[-6.351319195451686,53.34217236991485]]]}},{"id":"13365","type":"Feature","properties":{},"geometry":{"type":"Polygon","coordinates":[[[-6.249888499128099,53.381486032645626],[-6.247729614960779,53.38094667394465],[-6.246635453252112,53.3820228730467],[-6.246759026961886,53.382866727904144],[-6.245821711940535,53.3825003532116],[-6.245814139110822,53.38120257813153],[-6.247768567207052,53.38023056294523],[-6.251206169306046,53.38146789336971],[-6.250900602182931,53.38310425221401],[-6.249844838557038,53.38307235462152],[-6.250611798937489,53.382324887804764],[-6.249888499128099,53.381486032645626]]]}},{"id":"13371","type":"Feature","properties":{},"geometry":{"type":"Polygon","coordinates":[[[-6.293278653804822,53.31100654500371],[-6.289891818073415,53.310450608035],[-6.296009259480303,53.308176745893356],[-6.29669897784568,53.30926333881187],[-6.301275977404278,53.30863837640798],[-6.293278653804822,53.31100654500371]]]}},{"id":"13374","type":"Feature","properties":{},"geometry":{"type":"Polygon","coordinates":[[[-6.245327782669668,53.350880061197344],[-6.240063504917305,53.3505594250213],[-6.240327985355306,53.34978504321818],[-6.245700036151285,53.35018648339138],[-6.245327782669668,53.350880061197344]]]}},{"id":"13375","type":"Feature","properties":{},"geometry":{"type":"Polygon","coordinates":[[[-6.152934745894824,53.38934614099165],[-6.151125313510727,53.3884313857428],[-6.1514284337692535,53.38811154341752],[-6.15241669860134,53.38836766632065],[-6.152833720164287,53.387949751524104],[-6.153288262114985,53.38855040230631],[-6.1563626354844825,53.389263613617054],[-6.1595384088575145,53.38738132142204],[-6.16001949028218,53.3875953314823],[-6.156781039269312,53.38951621748184],[-6.1533799318045155,53.3889959818224],[-6.152934745894824,53.38934614099165]]]}},{"id":"13398","type":"Feature","properties":{},"geometry":{"type":"Polygon","coordinates":[[[-6.29132167785342,53.398029872022285],[-6.295170012372149,53.39479283172485],[-6.296333961196686,53.39184049686579],[-6.299472170050838,53.39214444093147],[-6.2984600753696265,53.392304745087884],[-6.299404398721762,53.39369110963201],[-6.300800973694839,53.393540683962144],[-6.301851179180365,53.39562621909979],[-6.303982010248584,53.39729995637583],[-6.3051414546260105,53.396431268786245],[-6.309632964924582,53.40274591875203],[-6.308274507222448,53.40279501191265],[-6.30812851798297,53.40187546885578],[-6.302905439937268,53.40079288202569],[-6.302791198903298,53.400237571294014],[-6.301090734382726,53.40039204698365],[-6.29132167785342,53.398029872022285]]]}},{"id":"13400","type":"Feature","properties":{},"geometry":{"type":"Polygon","coordinates":[[[-6.279597836976392,53.33136810641003],[-6.2816111231819,53.33115337624154],[-6.280089372610286,53.33276454883519],[-6.279526451235486,53.33255756972484],[-6.279597836976392,53.33136810641003]]]}},{"id":"13406","type":"Feature","properties":{},"geometry":{"type":"Polygon","coordinates":[[[-6.209298070531935,53.31931881511264],[-6.21035399662359,53.318704212631125],[-6.211484219041732,53.319115892520884],[-6.210216714095779,53.319930437941515],[-6.209298070531935,53.31931881511264]]]}},{"id":"13415","type":"Feature","properties":{},"geometry":{"type":"Polygon","coordinates":[[[-6.165092622659675,53.38204270357616],[-6.164557453240609,53.381036676503214],[-6.168241734864735,53.38081255986817],[-6.171812208939978,53.3812130094489],[-6.170878666968834,53.38211235554975],[-6.16849206962841,53.382526792258346],[-6.165092622659675,53.38204270357616]]]}},{"id":"13416","type":"Feature","properties":{},"geometry":{"type":"Polygon","coordinates":[[[-6.187679208732968,53.37964532475881],[-6.1957777267183465,53.376904785254226],[-6.196353604374442,53.37730134690284],[-6.196227418901653,53.37798163221821],[-6.195594982165818,53.37776468823975],[-6.193695124828897,53.37912662462827],[-6.192966393790575,53.378952574922415],[-6.191620690281302,53.38045394231575],[-6.189915948655323,53.37980841089224],[-6.1870074377045485,53.380855203121506],[-6.188082048103272,53.38034129218671],[-6.187679208732968,53.37964532475881]]]}},{"id":"13417","type":"Feature","properties":{},"geometry":{"type":"Polygon","coordinates":[[[-6.1846248869034905,53.361116442645795],[-6.189208597037893,53.359614504023874],[-6.188231481659385,53.36082504149784],[-6.1846248869034905,53.361116442645795]]]}},{"id":"13421","type":"Feature","properties":{},"geometry":{"type":"Polygon","coordinates":[[[-6.198472688880777,53.37562584576913],[-6.199296582954256,53.37524110205018],[-6.200542861279698,53.3746462343033],[-6.199767198619368,53.37640978655224],[-6.198472688880777,53.37562584576913]]]}},{"id":"13426","type":"Feature","properties":{},"geometry":{"type":"Polygon","coordinates":[[[-6.322837852584528,53.37061579853918],[-6.319465928892647,53.36984057872964],[-6.318035790188585,53.37033761907719],[-6.317846613119172,53.368236649059504],[-6.3242471875120465,53.370136043272176],[-6.322837852584528,53.37061579853918]]]}},{"id":"13438","type":"Feature","properties":{},"geometry":{"type":"Polygon","coordinates":[[[-6.235799488648952,53.33289273921421],[-6.237593721713473,53.33303711338646],[-6.242031282231843,53.33349390827476],[-6.237094359920762,53.33472083073695],[-6.235799488648952,53.33289273921421]]]}},{"id":"13445","type":"Feature","properties":{},"geometry":{"type":"Polygon","coordinates":[[[-6.31812011859494,53.367799417535366],[-6.318628907077404,53.36700410177835],[-6.320373093594115,53.36737413503367],[-6.320979257619943,53.3667720828581],[-6.3211327122775485,53.36751383763263],[-6.322782659642782,53.3675246703012],[-6.322022194056053,53.36889937349729],[-6.31812011859494,53.367799417535366]]]}},{"id":"13446","type":"Feature","properties":{},"geometry":{"type":"Polygon","coordinates":[[[-6.317779124468044,53.39173001653314],[-6.317428176154027,53.39135105366676],[-6.3115597269149495,53.39016885197149],[-6.31236067018761,53.389730734446616],[-6.318279265192398,53.39094660740316],[-6.317779124468044,53.39173001653314]]]}},{"id":"13452","type":"Feature","properties":{},"geometry":{"type":"Polygon","coordinates":[[[-6.319657252471522,53.33825143019504],[-6.320814711259369,53.33732017153565],[-6.321703736691222,53.33755629500718],[-6.319657252471522,53.33825143019504]]]}},{"id":"13458","type":"Feature","properties":{},"geometry":{"type":"Polygon","coordinates":[[[-6.273882247730658,53.327719728663546],[-6.273351576018901,53.32720467796886],[-6.273379850656288,53.3263666211754],[-6.275416545968361,53.327220915259595],[-6.273882247730658,53.327719728663546]]]}},{"id":"13463","type":"Feature","properties":{},"geometry":{"type":"Polygon","coordinates":[[[-6.217604965045328,53.34220211360851],[-6.221630495005878,53.3397215541221],[-6.22151406594683,53.34016639603089],[-6.22555931031002,53.342199850212],[-6.226022105169994,53.342988559326805],[-6.223182602536321,53.34362353539119],[-6.21836632543646,53.342922365560504],[-6.218585098662021,53.342448809661455],[-6.217604965045328,53.34220211360851]]]}},{"id":"13469","type":"Feature","properties":{},"geometry":{"type":"Polygon","coordinates":[[[-6.17004382986064,53.40208987804209],[-6.164913888868997,53.40140780715103],[-6.165062486087936,53.400802400963315],[-6.166149897899009,53.401145696139054],[-6.16710767540951,53.400425667756515],[-6.170232253039278,53.40153817854536],[-6.17004382986064,53.40208987804209]]]}},{"id":"13471","type":"Feature","properties":{},"geometry":{"type":"Polygon","coordinates":[[[-6.290062803370204,53.39432302560689],[-6.2920380081109375,53.39163264675677],[-6.2945065987536335,53.39093237325993],[-6.294626110014516,53.39170085648272],[-6.291037017995595,53.394678916453735],[-6.290062803370204,53.39432302560689]]]}},{"id":"13494","type":"Feature","properties":{},"geometry":{"type":"Polygon","coordinates":[[[-6.318283182742271,53.33868873346917],[-6.317995469903457,53.337152907309274],[-6.320488104835597,53.33712626780418],[-6.321147516260534,53.3366365059272],[-6.320692376226207,53.33723785377444],[-6.31847336831871,53.33737098916679],[-6.319657252471522,53.33825143019504],[-6.318283182742271,53.33868873346917]]]}},{"id":"13503","type":"Feature","properties":{},"geometry":{"type":"Polygon","coordinates":[[[-6.269640114438977,53.31690625715223],[-6.2678663366252305,53.316296595919354],[-6.268332425934782,53.31586502097768],[-6.270219088688232,53.31552805458198],[-6.269640114438977,53.31690625715223]]]}},{"id":"13517","type":"Feature","properties":{},"geometry":{"type":"Polygon","coordinates":[[[-6.199847509636647,53.39018791376049],[-6.201709104936216,53.38879886913088],[-6.205669141776224,53.38970935373141],[-6.204413249768114,53.39169312217564],[-6.199847509636647,53.39018791376049]]]}},{"id":"13518","type":"Feature","properties":{},"geometry":{"type":"Polygon","coordinates":[[[-6.272008196374921,53.379284687964834],[-6.265531940567052,53.378686615622335],[-6.2662581492178715,53.378279674294646],[-6.265928705264719,53.377667591729555],[-6.267737512105525,53.37758855470252],[-6.2681954848560375,53.376637514059816],[-6.26647438286955,53.37646592324545],[-6.265846790541095,53.37591158079728],[-6.267144296169505,53.374548368121964],[-6.27263920119017,53.37650563971667],[-6.272008196374921,53.379284687964834]]]}},{"id":"13521","type":"Feature","properties":{},"geometry":{"type":"Polygon","coordinates":[[[-6.23119976090927,53.364238294337035],[-6.219106256192309,53.36280777643238],[-6.216054625494874,53.361881948166854],[-6.21629364299756,53.36139802174628],[-6.22057740475307,53.36257857639893],[-6.224189729639062,53.36065348713509],[-6.227314315513071,53.360078110753825],[-6.231574558148542,53.35829392080035],[-6.2337836076995785,53.35809186035515],[-6.24041003002598,53.36161246423251],[-6.238609126852388,53.361851484868914],[-6.240358318616927,53.36217782742678],[-6.239979976952149,53.36254009553508],[-6.238571730371486,53.36236392094916],[-6.23119976090927,53.364238294337035]]]}},{"id":"13523","type":"Feature","properties":{},"geometry":{"type":"Polygon","coordinates":[[[-6.3318215195603225,53.37276462675208],[-6.328955964614746,53.37137789549225],[-6.325695294473286,53.37178199036967],[-6.325986647249276,53.370731084994866],[-6.313543845303829,53.36731073560064],[-6.31375391029036,53.36675072089744],[-6.331833368918997,53.3720903341995],[-6.3318215195603225,53.37276462675208]]]}},{"id":"13533","type":"Feature","properties":{},"geometry":{"type":"Polygon","coordinates":[[[-6.2531156282995966,53.358888128318284],[-6.25350569833689,53.358164255601636],[-6.254629391137661,53.358397175804676],[-6.254376565527997,53.35882899607617],[-6.2531156282995966,53.358888128318284]]]}},{"id":"13541","type":"Feature","properties":{},"geometry":{"type":"Polygon","coordinates":[[[-6.25722982479718,53.36329072387411],[-6.258267568339672,53.36224481440552],[-6.2575644291441765,53.36170727164408],[-6.259428407968433,53.36173000683881],[-6.257918071135485,53.36338469702711],[-6.25722982479718,53.36329072387411]]]}},{"id":"13547","type":"Feature","properties":{},"geometry":{"type":"Polygon","coordinates":[[[-6.322936753918082,53.33747462212599],[-6.324794728484687,53.33652678189531],[-6.325581935734928,53.33519855220544],[-6.328290617737706,53.33433648697723],[-6.324298396867382,53.33734168686845],[-6.322936753918082,53.33747462212599]]]}},{"id":"13557","type":"Feature","properties":{},"geometry":{"type":"Polygon","coordinates":[[[-6.347950304885915,53.34178651647669],[-6.3469804227857285,53.33800167866339],[-6.346325912777987,53.337834796682415],[-6.347606958945678,53.33758834408902],[-6.348754260615019,53.342058909392286],[-6.347950304885915,53.34178651647669]]]}},{"id":"13561","type":"Feature","properties":{},"geometry":{"type":"Polygon","coordinates":[[[-6.17770544331743,53.40698772349823],[-6.178154729636945,53.40524419288961],[-6.180379145459322,53.40554983015818],[-6.180627590603944,53.40467409075607],[-6.181996157141665,53.40486569684897],[-6.181352678827741,53.40648020612746],[-6.17770544331743,53.40698772349823]]]}},{"id":"13574","type":"Feature","properties":{},"geometry":{"type":"Polygon","coordinates":[[[-6.281230146077142,53.340047221634855],[-6.282740291370587,53.33970319803776],[-6.283240921356667,53.34060179712778],[-6.282569926328917,53.34076720076723],[-6.281230146077142,53.340047221634855]]]}},{"id":"13583","type":"Feature","properties":{},"geometry":{"type":"Polygon","coordinates":[[[-6.268533355229846,53.32441075963298],[-6.268386007365224,53.32381770662169],[-6.2700812511417565,53.323470562529],[-6.270656903563677,53.32414191024426],[-6.268533355229846,53.32441075963298]]]}},{"id":"13586","type":"Feature","properties":{},"geometry":{"type":"Polygon","coordinates":[[[-6.273603382903551,53.350127580753664],[-6.273501220592184,53.349265366908064],[-6.273803564433124,53.349002139052914],[-6.274695675670706,53.34920730679371],[-6.274608047050746,53.35015372586306],[-6.273603382903551,53.350127580753664]]]}},{"id":"13589","type":"Feature","properties":{},"geometry":{"type":"Polygon","coordinates":[[[-6.247816578880129,53.31329013384327],[-6.2483219125595495,53.31261538111599],[-6.250050899028925,53.312957271905205],[-6.248992634827438,53.313029140817875],[-6.248752378863677,53.31375983035058],[-6.247816578880129,53.31329013384327]]]}},{"id":"13590","type":"Feature","properties":{},"geometry":{"type":"Polygon","coordinates":[[[-6.213268010213564,53.376620141302176],[-6.216383167380486,53.3746704191236],[-6.218794363316693,53.37550594295452],[-6.216656734609914,53.37661913513653],[-6.215612288833646,53.37595922731838],[-6.2141172519906025,53.376932166241915],[-6.213268010213564,53.376620141302176]]]}},{"id":"13610","type":"Feature","properties":{},"geometry":{"type":"Polygon","coordinates":[[[-6.2364323439261975,53.316779816037524],[-6.2372588732158825,53.31416073332312],[-6.238343936163201,53.3134459356018],[-6.240662975899646,53.31367716087139],[-6.240796353143543,53.31407831155979],[-6.238368428247508,53.314358140125215],[-6.237585548110539,53.315907121368475],[-6.2400265902252965,53.317486572558145],[-6.237433729264767,53.31802759078401],[-6.237226078183991,53.316702395874294],[-6.2364323439261975,53.316779816037524]]]}},{"id":"13617","type":"Feature","properties":{},"geometry":{"type":"Polygon","coordinates":[[[-6.214182849774806,53.32892200775343],[-6.21457358826694,53.32840433004407],[-6.218231359518176,53.32776685937732],[-6.2195152077282385,53.32843572322908],[-6.217530348097792,53.33012508172337],[-6.215687405106614,53.33049995757858],[-6.214182849774806,53.32892200775343]]]}},{"id":"13618","type":"Feature","properties":{},"geometry":{"type":"Polygon","coordinates":[[[-6.219517340331482,53.32684052013618],[-6.221261395408564,53.32631798239827],[-6.221825581665248,53.32735876016663],[-6.22073472665404,53.32782728098111],[-6.219517340331482,53.32684052013618]]]}},{"id":"13636","type":"Feature","properties":{},"geometry":{"type":"Polygon","coordinates":[[[-6.292357828246127,53.33667618373908],[-6.2916198256465234,53.335666376243864],[-6.292220257660089,53.33547030542559],[-6.294709613710287,53.3365808540291],[-6.294449025870194,53.33699533524883],[-6.292357828246127,53.33667618373908]]]}},{"id":"13653","type":"Feature","properties":{},"geometry":{"type":"Polygon","coordinates":[[[-6.2621245515210715,53.387264781438326],[-6.265070015824377,53.38671944327176],[-6.265194266645589,53.38833375044197],[-6.262755971076428,53.38824041356408],[-6.26194658387738,53.387885233125125],[-6.2621245515210715,53.387264781438326]]]}},{"id":"13673","type":"Feature","properties":{},"geometry":{"type":"Polygon","coordinates":[[[-6.150478349700764,53.38238474184429],[-6.150198251989504,53.38245973099371],[-6.150816825605865,53.382051544156425],[-6.159706656125743,53.380566006717864],[-6.159402402842494,53.380966378430195],[-6.160373520463132,53.3811887269499],[-6.151457457701526,53.382872286445675],[-6.150478349700764,53.38238474184429]]]}},{"id":"13680","type":"Feature","properties":{},"geometry":{"type":"Polygon","coordinates":[[[-6.167208283543739,53.392929293877664],[-6.1637025662825415,53.39204831158415],[-6.163796704286093,53.3908944378384],[-6.167691166536173,53.391125112356846],[-6.167208283543739,53.392929293877664]]]}},{"id":"13683","type":"Feature","properties":{},"geometry":{"type":"Polygon","coordinates":[[[-6.287588999513729,53.34213154586765],[-6.287590209811845,53.34116217146565],[-6.291588876198758,53.340909167091496],[-6.292135030181292,53.34207607117896],[-6.287588999513729,53.34213154586765]]]}},{"id":"13694","type":"Feature","properties":{},"geometry":{"type":"Polygon","coordinates":[[[-6.256482192433542,53.39640764020956],[-6.257038447568331,53.394242731248696],[-6.2589411707387015,53.39450563472145],[-6.258023296027406,53.39693475504847],[-6.25722578150798,53.39717980420763],[-6.256482192433542,53.39640764020956]]]}},{"id":"13695","type":"Feature","properties":{},"geometry":{"type":"Polygon","coordinates":[[[-6.28540819545572,53.377777093127534],[-6.278716130430614,53.37792820780967],[-6.279244128495524,53.376194369615135],[-6.281518818301754,53.37635271625578],[-6.281771291908392,53.37694503218984],[-6.284664529373655,53.37656828377494],[-6.28540819545572,53.377777093127534]]]}},{"id":"13697","type":"Feature","properties":{},"geometry":{"type":"Polygon","coordinates":[[[-6.1595384088575145,53.38738132142204],[-6.1573993857271185,53.38642051162377],[-6.155995950557031,53.3864888991306],[-6.152628433312161,53.38486197301624],[-6.157442718525797,53.38392636019648],[-6.157446622046261,53.38432017584929],[-6.160220002694998,53.38437077830329],[-6.1618875508688635,53.38494116509644],[-6.162056769849598,53.38580872340003],[-6.161317307393865,53.38626589798849],[-6.160342543472806,53.38587929651177],[-6.160532568757035,53.38676471371066],[-6.1595384088575145,53.38738132142204]]]}},{"id":"13711","type":"Feature","properties":{},"geometry":{"type":"Polygon","coordinates":[[[-6.206208699159442,53.32090428705033],[-6.208888627638499,53.32032548794504],[-6.209599146756774,53.32176990224286],[-6.207898074307876,53.32208875775674],[-6.206208699159442,53.32090428705033]]]}},{"id":"13722","type":"Feature","properties":{},"geometry":{"type":"Polygon","coordinates":[[[-6.248444767199862,53.3454502472465],[-6.246768685214258,53.34417363572847],[-6.246418551241523,53.34356700382514],[-6.249335454673333,53.344103757361495],[-6.248444767199862,53.3454502472465]]]}},{"id":"13765","type":"Feature","properties":{},"geometry":{"type":"Polygon","coordinates":[[[-6.289566427635601,53.335501215063935],[-6.291053768419219,53.333628389856294],[-6.291946642777019,53.336229872173384],[-6.289566427635601,53.335501215063935]]]}},{"id":"13777","type":"Feature","properties":{},"geometry":{"type":"Polygon","coordinates":[[[-6.2657375407653895,53.31562610966235],[-6.2664542878259875,53.315263593127256],[-6.270002207352882,53.314791800008976],[-6.270219088688232,53.31552805458198],[-6.2678663366252305,53.316296595919354],[-6.2657375407653895,53.31562610966235]]]}},{"id":"13794","type":"Feature","properties":{},"geometry":{"type":"Polygon","coordinates":[[[-6.328994597981499,53.3377325016651],[-6.324054698056107,53.33748588320655],[-6.32644067922633,53.3358482585886],[-6.327904285958433,53.33642329845036],[-6.329754089577463,53.336387175356585],[-6.328994597981499,53.3377325016651]]]}},{"id":"13813","type":"Feature","properties":{},"geometry":{"type":"Polygon","coordinates":[[[-6.268320848272824,53.38810563558851],[-6.268477626494513,53.38608735212437],[-6.272349714568764,53.38652016730473],[-6.271989523258351,53.3883118695182],[-6.271530964476411,53.387817970428216],[-6.269207766297895,53.38767596406276],[-6.268320848272824,53.38810563558851]]]}},{"id":"13816","type":"Feature","properties":{},"geometry":{"type":"Polygon","coordinates":[[[-6.178154729636945,53.40524419288961],[-6.1786155529798386,53.404193804787695],[-6.180627590603944,53.40467409075607],[-6.180379145459322,53.40554983015818],[-6.178154729636945,53.40524419288961]]]}},{"id":"13818","type":"Feature","properties":{},"geometry":{"type":"Polygon","coordinates":[[[-6.246933240939643,53.38338152752427],[-6.244732429838839,53.38586053264257],[-6.245588999887499,53.38719424789063],[-6.244267347739731,53.38748959492035],[-6.244737211433058,53.38346269033263],[-6.246933240939643,53.38338152752427]]]}},{"id":"13820","type":"Feature","properties":{},"geometry":{"type":"Polygon","coordinates":[[[-6.267994873848831,53.31881187994541],[-6.267776462925234,53.3173397760031],[-6.268899839941436,53.31664740656582],[-6.270473027983745,53.31719058857221],[-6.269122389150527,53.319093325572176],[-6.267994873848831,53.31881187994541]]]}},{"id":"13825","type":"Feature","properties":{},"geometry":{"type":"Polygon","coordinates":[[[-6.298573829286721,53.34141705209357],[-6.303683956668537,53.34068529826806],[-6.304524475889437,53.34140795016281],[-6.298693893587029,53.34187363336593],[-6.298573829286721,53.34141705209357]]]}},{"id":"13829","type":"Feature","properties":{},"geometry":{"type":"Polygon","coordinates":[[[-6.230696462755623,53.33826047786811],[-6.230905042843466,53.337357384202065],[-6.234624464450554,53.33724594106885],[-6.233035558119601,53.33865529258592],[-6.230696462755623,53.33826047786811]]]}},{"id":"13837","type":"Feature","properties":{},"geometry":{"type":"Polygon","coordinates":[[[-6.250767795920184,53.31306452814029],[-6.252206419917435,53.31262553251595],[-6.252538001281543,53.31376986649647],[-6.2512292364877045,53.313898728068686],[-6.250767795920184,53.31306452814029]]]}},{"id":"13838","type":"Feature","properties":{},"geometry":{"type":"Polygon","coordinates":[[[-6.317382582850877,53.334774996289475],[-6.317625292304084,53.33311713928238],[-6.320647915878781,53.3328392139225],[-6.319241362864256,53.33437466181482],[-6.317382582850877,53.334774996289475]]]}},{"id":"13846","type":"Feature","properties":{},"geometry":{"type":"Polygon","coordinates":[[[-6.331061341397239,53.332995903914345],[-6.333137505022754,53.33089677089328],[-6.334290581529205,53.33049213806875],[-6.332400640552727,53.332941398580346],[-6.331061341397239,53.332995903914345]]]}},{"id":"13858","type":"Feature","properties":{},"geometry":{"type":"Polygon","coordinates":[[[-6.247396383451781,53.38309820196993],[-6.248253078711783,53.38304151636698],[-6.249888499128099,53.381486032645626],[-6.250611798937489,53.382324887804764],[-6.249844838557038,53.38307235462152],[-6.250900602182931,53.38310425221401],[-6.250641258499648,53.38428951090709],[-6.247396383451781,53.38309820196993]]]}},{"id":"13875","type":"Feature","properties":{},"geometry":{"type":"Polygon","coordinates":[[[-6.27373602528177,53.34211129131726],[-6.273074601960781,53.34054293028277],[-6.274195440278226,53.340397749942746],[-6.275178284161628,53.34189795722651],[-6.27373602528177,53.34211129131726]]]}},{"id":"13891","type":"Feature","properties":{},"geometry":{"type":"Polygon","coordinates":[[[-6.329842182615415,53.335893572390304],[-6.329989710467052,53.334921010988225],[-6.332546527767654,53.33505534728738],[-6.332466569210991,53.33609760541032],[-6.329842182615415,53.335893572390304]]]}},{"id":"13895","type":"Feature","properties":{},"geometry":{"type":"Polygon","coordinates":[[[-6.246866933371555,53.317979609537865],[-6.248492218736623,53.318611177734425],[-6.2461507981858855,53.32103087457181],[-6.247441251952387,53.32203428924102],[-6.245074623507306,53.3205900310391],[-6.246866933371555,53.317979609537865]]]}},{"id":"13901","type":"Feature","properties":{},"geometry":{"type":"Polygon","coordinates":[[[-6.309578118952031,53.32483622535682],[-6.3117372804239995,53.32404426122381],[-6.315242937367871,53.321585489052985],[-6.318878513018711,53.3234868606198],[-6.317241277609146,53.32506651826277],[-6.315884919952227,53.324323369407765],[-6.309578118952031,53.32483622535682]]]}},{"id":"13910","type":"Feature","properties":{},"geometry":{"type":"Polygon","coordinates":[[[-6.258993904991648,53.361084732425894],[-6.25876978048789,53.359248106124234],[-6.2612824118300985,53.35975243106585],[-6.259821450969449,53.361269707478264],[-6.258993904991648,53.361084732425894]]]}},{"id":"13927","type":"Feature","properties":{},"geometry":{"type":"Polygon","coordinates":[[[-6.32189699776227,53.32903599683221],[-6.317319865519008,53.326743137152086],[-6.3158815873404945,53.32602634564987],[-6.317459696013184,53.325242691483844],[-6.321033215201765,53.32482625700057],[-6.323390001126388,53.32840074536478],[-6.32189699776227,53.32903599683221]]]}},{"id":"13933","type":"Feature","properties":{},"geometry":{"type":"Polygon","coordinates":[[[-6.238745206167073,53.36085060765731],[-6.240022129605727,53.359705234518984],[-6.240981210487336,53.35876765023834],[-6.2420211894466116,53.35957377932567],[-6.241787356526019,53.36013328710024],[-6.240548043639113,53.360075319460016],[-6.24041003002598,53.36161246423251],[-6.238745206167073,53.36085060765731]]]}},{"id":"13949","type":"Feature","properties":{},"geometry":{"type":"Polygon","coordinates":[[[-6.2722271283470885,53.357699672158915],[-6.272468205303299,53.356352864970994],[-6.27360685068413,53.35632533897502],[-6.274986425222212,53.35754350090394],[-6.274824499398182,53.35796967554454],[-6.2722271283470885,53.357699672158915]]]}},{"id":"13950","type":"Feature","properties":{},"geometry":{"type":"Polygon","coordinates":[[[-6.262969309697045,53.351844230161355],[-6.263392212090938,53.35159394654211],[-6.264310026659685,53.35222843318226],[-6.264913755217536,53.35192203729774],[-6.266769142978386,53.35309157945862],[-6.2660139229080025,53.35389240254222],[-6.262969309697045,53.351844230161355]]]}},{"id":"13959","type":"Feature","properties":{},"geometry":{"type":"Polygon","coordinates":[[[-6.26521446412623,53.335477807158114],[-6.266036616160347,53.33494622125932],[-6.265662350648748,53.334131526067075],[-6.266990263134681,53.33408891407667],[-6.266916085534157,53.33533101045051],[-6.268758308686962,53.335174114071386],[-6.26893046024193,53.33621612391857],[-6.26566930859932,53.33642466072107],[-6.26521446412623,53.335477807158114]]]}},{"id":"13961","type":"Feature","properties":{},"geometry":{"type":"Polygon","coordinates":[[[-6.324149474194227,53.32454484372107],[-6.327337297884129,53.32413380488021],[-6.327622045825087,53.3240578127141],[-6.326431052479559,53.325673753188156],[-6.324759056886669,53.32571858384374],[-6.324149474194227,53.32454484372107]]]}},{"id":"13963","type":"Feature","properties":{},"geometry":{"type":"Polygon","coordinates":[[[-6.246192386633654,53.32834926204122],[-6.244488602729641,53.327678688221575],[-6.2470557054679325,53.326594178898176],[-6.249000404714469,53.327172007664885],[-6.246192386633654,53.32834926204122]]]}},{"id":"13965","type":"Feature","properties":{},"geometry":{"type":"Polygon","coordinates":[[[-6.293928776715356,53.35404586851186],[-6.295629841349811,53.35300431190218],[-6.296264323888437,53.353347342416214],[-6.294577501349245,53.354409999810215],[-6.293928776715356,53.35404586851186]]]}},{"id":"13973","type":"Feature","properties":{},"geometry":{"type":"Polygon","coordinates":[[[-6.3045791591249865,53.34028820356424],[-6.305765315677472,53.34027850334976],[-6.305876822980906,53.33966631007701],[-6.3047343982651896,53.33958934963653],[-6.304860709417394,53.339136950603084],[-6.30769182878984,53.33950850650525],[-6.307647155221897,53.34062294936958],[-6.3046153185466824,53.34075162060448],[-6.3045791591249865,53.34028820356424]]]}},{"id":"13976","type":"Feature","properties":{},"geometry":{"type":"Polygon","coordinates":[[[-6.306594263559232,53.31676276928594],[-6.302070444115516,53.31452111582519],[-6.304613784143619,53.31525928375075],[-6.305087028972093,53.31473854323957],[-6.307729546693255,53.31599392515095],[-6.306594263559232,53.31676276928594]]]}},{"id":"13981","type":"Feature","properties":{},"geometry":{"type":"Polygon","coordinates":[[[-6.277521897672434,53.345869293757815],[-6.276791545094673,53.34573561951828],[-6.277007976362978,53.34416618848297],[-6.276129736305287,53.34308979681147],[-6.277077200110199,53.34288412859821],[-6.277868326662465,53.34442240325046],[-6.278860760619076,53.344499443159364],[-6.277521897672434,53.345869293757815]]]}},{"id":"13996","type":"Feature","properties":{},"geometry":{"type":"Polygon","coordinates":[[[-6.269442719890598,53.34136157426559],[-6.269497073859026,53.33963739165976],[-6.270073617323985,53.34150335258178],[-6.269442719890598,53.34136157426559]]]}},{"id":"14011","type":"Feature","properties":{},"geometry":{"type":"Polygon","coordinates":[[[-6.27683241285214,53.32253772222448],[-6.277844969847002,53.32250167066463],[-6.277781717882351,53.32171355058378],[-6.279332444531872,53.321664295387194],[-6.2778917511344465,53.32332121796292],[-6.27683241285214,53.32253772222448]]]}},{"id":"14013","type":"Feature","properties":{},"geometry":{"type":"Polygon","coordinates":[[[-6.255737262158825,53.32487791065772],[-6.254725225285362,53.321125671229154],[-6.25587445162831,53.32119881987414],[-6.256482712828194,53.322464021755295],[-6.255737262158825,53.32487791065772]]]}},{"id":"14016","type":"Feature","properties":{},"geometry":{"type":"Polygon","coordinates":[[[-6.336292514227242,53.320230870260104],[-6.337750572710476,53.32142303272509],[-6.335997908266525,53.321962433696385],[-6.335784321098627,53.32278536551697],[-6.334016889986221,53.323129122594004],[-6.333578407605946,53.32252797986874],[-6.335476125791517,53.32206826818325],[-6.334681152598109,53.32114866906718],[-6.336292514227242,53.320230870260104]]]}},{"id":"14017","type":"Feature","properties":{},"geometry":{"type":"Polygon","coordinates":[[[-6.165377314295915,53.40297967108212],[-6.16260608089945,53.40263745685281],[-6.165603074198189,53.402669518885915],[-6.165377314295915,53.40297967108212]]]}},{"id":"14018","type":"Feature","properties":{},"geometry":{"type":"Polygon","coordinates":[[[-6.31952238320824,53.388767939030146],[-6.318128226051206,53.386469077703296],[-6.319392597319472,53.38405521530122],[-6.320311418487335,53.385109235699254],[-6.319900758355898,53.38677077112046],[-6.321008047321289,53.389151922815586],[-6.31952238320824,53.388767939030146]]]}},{"id":"14027","type":"Feature","properties":{},"geometry":{"type":"Polygon","coordinates":[[[-6.312401962812186,53.38920916130307],[-6.305312423420032,53.387982064443705],[-6.303572143755399,53.38638509118654],[-6.3065462804774,53.38512099040432],[-6.307490400012911,53.38556289328469],[-6.308473147235433,53.3849525361527],[-6.3111598303816585,53.3851274406064],[-6.311128792697575,53.38579416207923],[-6.312740076714303,53.38581137701804],[-6.312721381686471,53.38638177811285],[-6.312401962812186,53.38920916130307]]]}},{"id":"14032","type":"Feature","properties":{},"geometry":{"type":"Polygon","coordinates":[[[-6.241262538513164,53.3780055083732],[-6.2416723269403676,53.377192146520045],[-6.243740528293765,53.377635664827416],[-6.244339278384119,53.376641420892255],[-6.2461881958834535,53.37695101993731],[-6.247117257539384,53.37644800645874],[-6.249006025341028,53.376917137331866],[-6.246342407149883,53.37980754446789],[-6.241262538513164,53.3780055083732]]]}},{"id":"14038","type":"Feature","properties":{},"geometry":{"type":"Polygon","coordinates":[[[-6.227749421948447,53.39308566060017],[-6.225890668037672,53.392738603164126],[-6.22622694965091,53.391742326595896],[-6.228179410978526,53.391809649433796],[-6.227749421948447,53.39308566060017]]]}},{"id":"14058","type":"Feature","properties":{},"geometry":{"type":"Polygon","coordinates":[[[-6.302764981019614,53.36171227376745],[-6.3014043606675285,53.36096374142972],[-6.301959437206514,53.36037602205542],[-6.303555427450169,53.36126800002462],[-6.302764981019614,53.36171227376745]]]}},{"id":"14084","type":"Feature","properties":{},"geometry":{"type":"Polygon","coordinates":[[[-6.270545835196026,53.35071329465707],[-6.270362419553451,53.34823881965593],[-6.271851428801424,53.34812224007784],[-6.2724598507754825,53.35023880394163],[-6.270545835196026,53.35071329465707]]]}},{"id":"14091","type":"Feature","properties":{},"geometry":{"type":"Polygon","coordinates":[[[-6.246551439056042,53.3883282237018],[-6.242597552708774,53.387528324546686],[-6.244462328542544,53.38247811034386],[-6.246933240939643,53.38338152752427],[-6.244737211433058,53.38346269033263],[-6.244267347739731,53.38748959492035],[-6.246551439056042,53.3883282237018]]]}},{"id":"14097","type":"Feature","properties":{},"geometry":{"type":"Polygon","coordinates":[[[-6.289113527492957,53.40548885244813],[-6.289230189127371,53.40492761518969],[-6.2917278570726385,53.40485359194694],[-6.291846635754675,53.40594993875741],[-6.289113527492957,53.40548885244813]]]}},{"id":"14098","type":"Feature","properties":{},"geometry":{"type":"Polygon","coordinates":[[[-6.270391965648438,53.36379217075097],[-6.271053235414026,53.36252713634796],[-6.273087516099494,53.36259617661122],[-6.27271769024205,53.36389097589056],[-6.271844882262084,53.3642462570002],[-6.270391965648438,53.36379217075097]]]}},{"id":"14113","type":"Feature","properties":{},"geometry":{"type":"Polygon","coordinates":[[[-6.22555931031002,53.342199850212],[-6.227513816893654,53.341766822796124],[-6.227988216053751,53.342567641799434],[-6.226022105169994,53.342988559326805],[-6.22555931031002,53.342199850212]]]}},{"id":"14131","type":"Feature","properties":{},"geometry":{"type":"Polygon","coordinates":[[[-6.195450913830968,53.363146332143295],[-6.195323778146005,53.36403544378466],[-6.1935248570726795,53.36387905501924],[-6.193577022314459,53.36308329391253],[-6.195450913830968,53.363146332143295]]]}},{"id":"14136","type":"Feature","properties":{},"geometry":{"type":"Polygon","coordinates":[[[-6.23553796072908,53.34204833505841],[-6.234118272093976,53.34186775584838],[-6.234298886078726,53.340890378475656],[-6.236231412478098,53.341129215719995],[-6.23553796072908,53.34204833505841]]]}},{"id":"14143","type":"Feature","properties":{},"geometry":{"type":"Polygon","coordinates":[[[-6.26893046024193,53.33621612391857],[-6.268824117958198,53.335572433765385],[-6.2697781240945645,53.33514960441123],[-6.273846226613082,53.33504497156171],[-6.272996814187056,53.33631045484017],[-6.26893046024193,53.33621612391857]]]}},{"id":"14150","type":"Feature","properties":{},"geometry":{"type":"Polygon","coordinates":[[[-6.303448456357248,53.38309793061238],[-6.303206823392543,53.382385629757685],[-6.307541397280216,53.38226797804573],[-6.3086381738597685,53.382663807310976],[-6.305825269681111,53.38446116904414],[-6.30558496565778,53.3830029421019],[-6.303448456357248,53.38309793061238]]]}},{"id":"14155","type":"Feature","properties":{},"geometry":{"type":"Polygon","coordinates":[[[-6.17536016297809,53.39111122902915],[-6.175311994098659,53.390070012817375],[-6.1776532612281025,53.38998480924902],[-6.179305892488012,53.38932964296878],[-6.179739189378521,53.39104281686033],[-6.17536016297809,53.39111122902915]]]}},{"id":"14166","type":"Feature","properties":{},"geometry":{"type":"Polygon","coordinates":[[[-6.155232257733091,53.37954897499702],[-6.159095926203584,53.37766432165446],[-6.161551524418808,53.37561685516798],[-6.1628310353624975,53.37629054116777],[-6.165187366934043,53.375698542522116],[-6.166244366220852,53.376243384877505],[-6.165324038312623,53.3761765153134],[-6.1642648118999155,53.3774200411305],[-6.161077233406228,53.37667593640438],[-6.15903742006222,53.37797835719657],[-6.155232257733091,53.37954897499702]]]}},{"id":"14172","type":"Feature","properties":{},"geometry":{"type":"Polygon","coordinates":[[[-6.286223551225565,53.39715818826883],[-6.28814758237489,53.396114821455726],[-6.291874255507779,53.39751097532177],[-6.29132167785342,53.398029872022285],[-6.286223551225565,53.39715818826883]]]}},{"id":"14174","type":"Feature","properties":{},"geometry":{"type":"Polygon","coordinates":[[[-6.2826325888086805,53.36103111220865],[-6.281582454284366,53.358909254356426],[-6.282583274201251,53.35863609875043],[-6.28357610596112,53.3605391718434],[-6.286192442397429,53.36062824221211],[-6.2861203566971575,53.36116309294036],[-6.2826325888086805,53.36103111220865]]]}},{"id":"14180","type":"Feature","properties":{},"geometry":{"type":"Polygon","coordinates":[[[-6.180454754038232,53.36160780438955],[-6.182421015687612,53.36081807379931],[-6.181119238267756,53.36017371023023],[-6.181857681212454,53.36049006882434],[-6.186031073041169,53.35920807933966],[-6.186694597937927,53.36026448972052],[-6.184539522950979,53.36079637740319],[-6.184702744570691,53.36179158026139],[-6.180454754038232,53.36160780438955]]]}},{"id":"14184","type":"Feature","properties":{},"geometry":{"type":"Polygon","coordinates":[[[-6.245385136488786,53.34115012502097],[-6.246724853921748,53.33972503140477],[-6.250733021261872,53.34113769802868],[-6.250087018223439,53.341867039983384],[-6.245385136488786,53.34115012502097]]]}},{"id":"14186","type":"Feature","properties":{},"geometry":{"type":"Polygon","coordinates":[[[-6.242167164287957,53.38390466929568],[-6.242689674692764,53.382791090584846],[-6.238516418521841,53.38176965352129],[-6.239181972868855,53.381074133529026],[-6.244462328542544,53.38247811034386],[-6.243260210728735,53.38479129424916],[-6.243414287475634,53.38411146512318],[-6.242167164287957,53.38390466929568]]]}},{"id":"14187","type":"Feature","properties":{},"geometry":{"type":"Polygon","coordinates":[[[-6.2679728869990905,53.356487862612866],[-6.268021429598143,53.3560588286709],[-6.2701661610324,53.35632123989799],[-6.269967304648297,53.35667297286742],[-6.2679728869990905,53.356487862612866]]]}},{"id":"14191","type":"Feature","properties":{},"geometry":{"type":"Polygon","coordinates":[[[-6.243875448634447,53.39508191673269],[-6.2454554207832755,53.39532246357086],[-6.2452869246269564,53.39624690011011],[-6.243302486204212,53.39611727074028],[-6.243875448634447,53.39508191673269]]]}},{"id":"14197","type":"Feature","properties":{},"geometry":{"type":"Polygon","coordinates":[[[-6.3327585042262635,53.34048121925286],[-6.335054450143575,53.34009728042527],[-6.335582717600846,53.341114644385755],[-6.333344798298764,53.34155052812618],[-6.3327585042262635,53.34048121925286]]]}},{"id":"14211","type":"Feature","properties":{},"geometry":{"type":"Polygon","coordinates":[[[-6.221172214941425,53.38692622000519],[-6.2221931480770625,53.3847036513597],[-6.225137545411214,53.385260620761294],[-6.2226557726967515,53.387106367376525],[-6.221172214941425,53.38692622000519]]]}},{"id":"14222","type":"Feature","properties":{},"geometry":{"type":"Polygon","coordinates":[[[-6.261706940515821,53.3860110412757],[-6.2620619726281905,53.38482551828159],[-6.265171493727864,53.38477672143972],[-6.265070015824377,53.38671944327176],[-6.264035232021101,53.3867536885143],[-6.263841331242561,53.387269883429546],[-6.2621245515210715,53.387264781438326],[-6.262962308021584,53.386288272041405],[-6.261706940515821,53.3860110412757]]]}},{"id":"14233","type":"Feature","properties":{},"geometry":{"type":"Polygon","coordinates":[[[-6.245127000125542,53.32896336677534],[-6.241705864514194,53.32855243694677],[-6.241628330368276,53.32797867607323],[-6.245517858881067,53.32809445149556],[-6.245127000125542,53.32896336677534]]]}},{"id":"14234","type":"Feature","properties":{},"geometry":{"type":"Polygon","coordinates":[[[-6.315527039105982,53.34030715669227],[-6.319850385047152,53.339365701737506],[-6.320101796764504,53.339388485508856],[-6.317591642068874,53.34114727151875],[-6.314590710237904,53.34140958338426],[-6.315527039105982,53.34030715669227]]]}},{"id":"14235","type":"Feature","properties":{},"geometry":{"type":"Polygon","coordinates":[[[-6.272711901552057,53.32565816012396],[-6.274132054699003,53.32465512156735],[-6.274460529327854,53.32502997771677],[-6.272711901552057,53.32565816012396]]]}},{"id":"14237","type":"Feature","properties":{},"geometry":{"type":"Polygon","coordinates":[[[-6.276169261242087,53.38003295953978],[-6.2763713207990195,53.379081338229284],[-6.2772587586135575,53.379142533597225],[-6.277188868235278,53.379613370194924],[-6.281203297445426,53.379896615654125],[-6.28091751786186,53.381074094374405],[-6.277662266696578,53.38085783824328],[-6.276169261242087,53.38003295953978]]]}},{"id":"14240","type":"Feature","properties":{},"geometry":{"type":"Polygon","coordinates":[[[-6.230407718466227,53.35292786826591],[-6.229540612494395,53.35225809723114],[-6.2302504131472425,53.3514178992518],[-6.233479036033139,53.35118555704864],[-6.231715950462026,53.35294216728182],[-6.230407718466227,53.35292786826591]]]}},{"id":"14256","type":"Feature","properties":{},"geometry":{"type":"Polygon","coordinates":[[[-6.283043811561043,53.348253843630104],[-6.285551416212492,53.34798759759876],[-6.285641277095964,53.346813915094444],[-6.2918281887038585,53.347408167254066],[-6.291930737282567,53.34800163456648],[-6.289928568437264,53.34796026380664],[-6.289913069211926,53.349562506789574],[-6.284251702812693,53.34982891630219],[-6.285021104386464,53.348259568315754],[-6.283043811561043,53.348253843630104]]]}},{"id":"14262","type":"Feature","properties":{},"geometry":{"type":"Polygon","coordinates":[[[-6.247654895005573,53.32215188339899],[-6.2461507981858855,53.32103087457181],[-6.248492218736623,53.318611177734425],[-6.24868402019665,53.32099775474751],[-6.247654895005573,53.32215188339899]]]}},{"id":"14270","type":"Feature","properties":{},"geometry":{"type":"Polygon","coordinates":[[[-6.1741287611760525,53.39192616782061],[-6.168744961965036,53.39114194046548],[-6.168830729863076,53.39068167720265],[-6.175247640560467,53.390542409140735],[-6.17536016297809,53.39111122902915],[-6.178192896240059,53.391083635336074],[-6.178142238938853,53.391572968960915],[-6.1741287611760525,53.39192616782061]]]}},{"id":"14280","type":"Feature","properties":{},"geometry":{"type":"Polygon","coordinates":[[[-6.247473382875525,53.36847187931543],[-6.246481158042257,53.368181369087026],[-6.247394281841548,53.366696789774906],[-6.2487705687053205,53.367107995016404],[-6.248522318206949,53.367533596473365],[-6.250709460779589,53.367532133253036],[-6.251673025239257,53.368498569547576],[-6.254363335129188,53.36870392716338],[-6.2546774498038795,53.36922876120425],[-6.253810934739296,53.37061115376334],[-6.248227349522507,53.36801980149784],[-6.247473382875525,53.36847187931543]]]}},{"id":"14295","type":"Feature","properties":{},"geometry":{"type":"Polygon","coordinates":[[[-6.151281235198456,53.401860457080296],[-6.150336754471872,53.400379007070285],[-6.1530242494084835,53.40070175161394],[-6.152974928667382,53.40188298949741],[-6.151281235198456,53.401860457080296]]]}},{"id":"14319","type":"Feature","properties":{},"geometry":{"type":"Polygon","coordinates":[[[-6.283851900152942,53.342270256051435],[-6.283404879380765,53.34057843243466],[-6.285799462488371,53.339922676565365],[-6.286322416785254,53.340745975240544],[-6.287596822548466,53.340761793288344],[-6.287588999513729,53.34213154586765],[-6.283851900152942,53.342270256051435]]]}},{"id":"14323","type":"Feature","properties":{},"geometry":{"type":"Polygon","coordinates":[[[-6.297765082433832,53.36028084113917],[-6.293679349666062,53.35978766391884],[-6.294353927419971,53.35858614135078],[-6.297661873787881,53.358895066039025],[-6.297765082433832,53.36028084113917]]]}},{"id":"14334","type":"Feature","properties":{},"geometry":{"type":"Polygon","coordinates":[[[-6.2763713207990195,53.379081338229284],[-6.276700464600454,53.37758650729464],[-6.281764418309244,53.37813343099593],[-6.281203297445426,53.379896615654125],[-6.277188868235278,53.379613370194924],[-6.2772587586135575,53.379142533597225],[-6.2763713207990195,53.379081338229284]]]}},{"id":"14336","type":"Feature","properties":{},"geometry":{"type":"Polygon","coordinates":[[[-6.275196198676743,53.36464176342833],[-6.272867429954858,53.36356657955789],[-6.275105786197262,53.36394991223746],[-6.275196198676743,53.36464176342833]]]}},{"id":"14337","type":"Feature","properties":{},"geometry":{"type":"Polygon","coordinates":[[[-6.1950960529710795,53.36590902802811],[-6.195323778146005,53.36403544378466],[-6.205087390700083,53.364745686900086],[-6.204586892660242,53.36594612208647],[-6.201837432907601,53.36496521692772],[-6.201368467780782,53.36590538554553],[-6.195870153045668,53.3654745337911],[-6.1950960529710795,53.36590902802811]]]}},{"id":"14341","type":"Feature","properties":{},"geometry":{"type":"Polygon","coordinates":[[[-6.292763446816536,53.33757521575832],[-6.294195692479632,53.33739723745109],[-6.294563721078398,53.338289928166894],[-6.293058153083046,53.338467787759576],[-6.292763446816536,53.33757521575832]]]}},{"id":"14346","type":"Feature","properties":{},"geometry":{"type":"Polygon","coordinates":[[[-6.250171329561987,53.352425505679186],[-6.25142935451452,53.3519823277186],[-6.251783327035226,53.35238400746621],[-6.250171329561987,53.352425505679186]]]}},{"id":"14352","type":"Feature","properties":{},"geometry":{"type":"Polygon","coordinates":[[[-6.301322800302212,53.31468626841912],[-6.304232418561514,53.31560310376796],[-6.302012296816489,53.31669480609198],[-6.301185124739276,53.31553730539606],[-6.301322800302212,53.31468626841912]]]}},{"id":"14375","type":"Feature","properties":{},"geometry":{"type":"Polygon","coordinates":[[[-6.2407353862518935,53.324867161622535],[-6.23914890311148,53.3236508338254],[-6.240818557097072,53.32186509922117],[-6.243652061164414,53.321965791174634],[-6.244590511049982,53.323077241093344],[-6.2407353862518935,53.324867161622535]]]}},{"id":"14383","type":"Feature","properties":{},"geometry":{"type":"Polygon","coordinates":[[[-6.238736800043161,53.37783691984704],[-6.239629742777676,53.37589875843627],[-6.241170974988662,53.37621505115935],[-6.239844195814618,53.37961339516543],[-6.237716059275702,53.37868492462746],[-6.237888571803611,53.37787869548256],[-6.238736800043161,53.37783691984704]]]}},{"id":"14384","type":"Feature","properties":{},"geometry":{"type":"Polygon","coordinates":[[[-6.251206169306046,53.38146789336971],[-6.248657283136521,53.380632036067205],[-6.250410012915101,53.37987707346394],[-6.249737241416259,53.37958737435802],[-6.250759187130908,53.378314211632606],[-6.252317934757537,53.378441425724695],[-6.2526212916974355,53.37903953018729],[-6.252892001855152,53.378670730650796],[-6.256311110058443,53.379172239212416],[-6.257453228574608,53.37881391944177],[-6.258011647465197,53.3795915669909],[-6.260909904656541,53.37920400573915],[-6.262233205370555,53.38126886514593],[-6.254975326551025,53.38386842557779],[-6.252033619927904,53.382531098098376],[-6.251206169306046,53.38146789336971]]]}},{"id":"14389","type":"Feature","properties":{},"geometry":{"type":"Polygon","coordinates":[[[-6.339840449389726,53.34450284846617],[-6.337417892874894,53.34383264668321],[-6.338522373159227,53.34308439291876],[-6.339843403857713,53.343240073991815],[-6.339840449389726,53.34450284846617]]]}},{"id":"14395","type":"Feature","properties":{},"geometry":{"type":"Polygon","coordinates":[[[-6.274511822129549,53.33439783030921],[-6.274924718410544,53.33389684531645],[-6.275977880640543,53.33405767744732],[-6.27566303759057,53.33485409338081],[-6.274511822129549,53.33439783030921]]]}},{"id":"14396","type":"Feature","properties":{},"geometry":{"type":"Polygon","coordinates":[[[-6.208507579134833,53.32318579386358],[-6.208815493504686,53.32433032174467],[-6.2068381230182545,53.32433893755132],[-6.206682041770054,53.32340716423109],[-6.208507579134833,53.32318579386358]]]}},{"id":"14399","type":"Feature","properties":{},"geometry":{"type":"Polygon","coordinates":[[[-6.273501220592184,53.349265366908064],[-6.2733101429433855,53.34806004888278],[-6.274751559517434,53.348006892428785],[-6.274695675670706,53.34920730679371],[-6.273501220592184,53.349265366908064]]]}},{"id":"14415","type":"Feature","properties":{},"geometry":{"type":"Polygon","coordinates":[[[-6.263584554138746,53.364396572995666],[-6.264305387925347,53.36258929143797],[-6.267369482341759,53.36329854189532],[-6.26648466534666,53.36468635905183],[-6.263584554138746,53.364396572995666]]]}},{"id":"14420","type":"Feature","properties":{},"geometry":{"type":"Polygon","coordinates":[[[-6.277628872792105,53.395682954456696],[-6.273093016715691,53.39459068402177],[-6.2719767503944786,53.3937485569131],[-6.272257110259861,53.39297013494955],[-6.278191601662603,53.3936201959913],[-6.277628872792105,53.395682954456696]]]}},{"id":"14421","type":"Feature","properties":{},"geometry":{"type":"Polygon","coordinates":[[[-6.247730004420073,53.364645376341215],[-6.245135022843791,53.36361081075804],[-6.245872414031422,53.36232042746389],[-6.248651539448645,53.36417263010609],[-6.247730004420073,53.364645376341215]]]}},{"id":"14423","type":"Feature","properties":{},"geometry":{"type":"Polygon","coordinates":[[[-6.2380175559769375,53.35620228796152],[-6.23735412357732,53.355328873645384],[-6.238538968573705,53.35499896152835],[-6.238528229161834,53.35451880975034],[-6.236704880950739,53.353728488896444],[-6.237363718475815,53.35308185584896],[-6.2392347655033795,53.35365639152749],[-6.239749468775306,53.35549396033471],[-6.2380175559769375,53.35620228796152]]]}},{"id":"14424","type":"Feature","properties":{},"geometry":{"type":"Polygon","coordinates":[[[-6.2886805704669415,53.311678691644076],[-6.289282863049843,53.310346735587444],[-6.29199322374598,53.3107966173141],[-6.29158280730042,53.31236463970223],[-6.2886805704669415,53.311678691644076]]]}},{"id":"14435","type":"Feature","properties":{},"geometry":{"type":"Polygon","coordinates":[[[-6.31264272518394,53.318702694931694],[-6.313694998071214,53.31851537147039],[-6.315802835278583,53.31589593437787],[-6.31694677635382,53.31631925985372],[-6.315079842584926,53.31912995281024],[-6.312846970422531,53.31940389510953],[-6.31264272518394,53.318702694931694]]]}},{"id":"14443","type":"Feature","properties":{},"geometry":{"type":"Polygon","coordinates":[[[-6.2355509360922525,53.34290561210323],[-6.236411808541711,53.34215945320532],[-6.236723604218602,53.342198513471956],[-6.236498740187834,53.342982866516635],[-6.2355509360922525,53.34290561210323]]]}},{"id":"14447","type":"Feature","properties":{},"geometry":{"type":"Polygon","coordinates":[[[-6.257057058616598,53.35368566497556],[-6.257477733055676,53.35272404969206],[-6.258752681258809,53.35299264045394],[-6.257767428258227,53.35319222016209],[-6.258043740367092,53.35365658934234],[-6.257057058616598,53.35368566497556]]]}},{"id":"14454","type":"Feature","properties":{},"geometry":{"type":"Polygon","coordinates":[[[-6.297321497841099,53.36722621496112],[-6.297873891077764,53.366895238098806],[-6.296353408985752,53.36562227272244],[-6.2972587467151815,53.36521988732809],[-6.299998888441053,53.36732446305539],[-6.297321497841099,53.36722621496112]]]}},{"id":"14455","type":"Feature","properties":{},"geometry":{"type":"Polygon","coordinates":[[[-6.302076105616071,53.348282288102766],[-6.301946782304424,53.34765977748783],[-6.304018693387091,53.347440230948955],[-6.30389497645455,53.34831293976061],[-6.302076105616071,53.348282288102766]]]}},{"id":"14463","type":"Feature","properties":{},"geometry":{"type":"Polygon","coordinates":[[[-6.323567510955802,53.323035877621535],[-6.3262585486427225,53.322293648136544],[-6.327337297884129,53.32413380488021],[-6.324149474194227,53.32454484372107],[-6.323567510955802,53.323035877621535]]]}},{"id":"14468","type":"Feature","properties":{},"geometry":{"type":"Polygon","coordinates":[[[-6.238896058065264,53.37149178870277],[-6.239583709515889,53.369837992695125],[-6.240143935318667,53.36993712531722],[-6.241991695561326,53.37175261496458],[-6.241682046815589,53.37243684751653],[-6.238896058065264,53.37149178870277]]]}},{"id":"14488","type":"Feature","properties":{},"geometry":{"type":"Polygon","coordinates":[[[-6.275977880640543,53.33405767744732],[-6.275219783911815,53.3322425264839],[-6.2778804186374595,53.331778682824805],[-6.277605724773234,53.33410836263693],[-6.275977880640543,53.33405767744732]]]}},{"id":"14498","type":"Feature","properties":{},"geometry":{"type":"Polygon","coordinates":[[[-6.217966105199351,53.33422643281402],[-6.215784191027453,53.33208235708869],[-6.218803997019251,53.331341387833966],[-6.220588783855829,53.331611388738246],[-6.220126012602968,53.33337105932094],[-6.217966105199351,53.33422643281402]]]}},{"id":"14511","type":"Feature","properties":{},"geometry":{"type":"Polygon","coordinates":[[[-6.273906190741778,53.32801321370298],[-6.275416545968361,53.327220915259595],[-6.276739160588338,53.32804825827501],[-6.276176162996401,53.32867808318826],[-6.273906190741778,53.32801321370298]]]}},{"id":"14536","type":"Feature","properties":{},"geometry":{"type":"Polygon","coordinates":[[[-6.257038447568331,53.394242731248696],[-6.255802031159626,53.39256522481305],[-6.256919073521121,53.39261090572512],[-6.257764978655089,53.39161790526989],[-6.2605010793684235,53.39186426277265],[-6.259384204071075,53.392943078746285],[-6.257997029417127,53.392916731211194],[-6.257849045711969,53.3935619360288],[-6.259753149852641,53.393778576423266],[-6.2594610095008205,53.394418769192306],[-6.257038447568331,53.394242731248696]]]}},{"id":"14573","type":"Feature","properties":{},"geometry":{"type":"Polygon","coordinates":[[[-6.290071047898289,53.39012969759325],[-6.293564871959248,53.38976692136035],[-6.2945065987536335,53.39093237325993],[-6.293769344330971,53.391387523879075],[-6.292938827845586,53.391027616051474],[-6.290518458388461,53.391377413279976],[-6.290071047898289,53.39012969759325]]]}},{"id":"14578","type":"Feature","properties":{},"geometry":{"type":"Polygon","coordinates":[[[-6.2516792874606475,53.325873675309666],[-6.2539222822070535,53.32484051671381],[-6.254480195139124,53.32508970852249],[-6.252536038058887,53.32641328577996],[-6.2516792874606475,53.325873675309666]]]}},{"id":"14593","type":"Feature","properties":{},"geometry":{"type":"Polygon","coordinates":[[[-6.283145157923019,53.36331546043512],[-6.283518169822078,53.36207093784702],[-6.284228709872815,53.36190676100707],[-6.285234858925031,53.36275639388158],[-6.284660087747955,53.36360786785077],[-6.285268014358934,53.36400024211956],[-6.283145157923019,53.36331546043512]]]}},{"id":"14599","type":"Feature","properties":{},"geometry":{"type":"Polygon","coordinates":[[[-6.25198138748366,53.3978386888894],[-6.252548484901562,53.394339591428775],[-6.254084972935401,53.39429877121633],[-6.25404207876438,53.39660310359818],[-6.25198138748366,53.3978386888894]]]}},{"id":"14609","type":"Feature","properties":{},"geometry":{"type":"Polygon","coordinates":[[[-6.316676052871291,53.34186859003623],[-6.32306310314293,53.34145026207431],[-6.324517894143041,53.341687348979235],[-6.31683253836137,53.34280247146518],[-6.316676052871291,53.34186859003623]]]}},{"id":"14628","type":"Feature","properties":{},"geometry":{"type":"Polygon","coordinates":[[[-6.330967661288211,53.32611012106281],[-6.331408215237047,53.325636799006126],[-6.333324875306612,53.32616962096977],[-6.333282537646107,53.32655825667413],[-6.330967661288211,53.32611012106281]]]}},{"id":"14635","type":"Feature","properties":{},"geometry":{"type":"Polygon","coordinates":[[[-6.186303687767689,53.394657597175296],[-6.19015597009204,53.39215627888069],[-6.1922432674939225,53.39285820885658],[-6.189884910903476,53.394036802749085],[-6.188899997550071,53.39339579454767],[-6.186833538139142,53.39507600066356],[-6.186303687767689,53.394657597175296]]]}},{"id":"14638","type":"Feature","properties":{},"geometry":{"type":"Polygon","coordinates":[[[-6.312301348784973,53.37200897356461],[-6.313312099598615,53.37072882780855],[-6.3154865140672305,53.37014859756313],[-6.314616082152826,53.372240463484374],[-6.312301348784973,53.37200897356461]]]}},{"id":"14643","type":"Feature","properties":{},"geometry":{"type":"Polygon","coordinates":[[[-6.265193501178034,53.325076061353634],[-6.265389369792262,53.32404285625525],[-6.268386007365224,53.32381770662169],[-6.268533355229846,53.32441075963298],[-6.267366883442377,53.32433491352584],[-6.267113704506725,53.32527609536124],[-6.265193501178034,53.325076061353634]]]}},{"id":"14644","type":"Feature","properties":{},"geometry":{"type":"Polygon","coordinates":[[[-6.230680963377629,53.38936868381003],[-6.231112705714874,53.387563621794094],[-6.2334764362220785,53.38746459768848],[-6.2352602591840585,53.38794780451688],[-6.23566825650236,53.38857848132747],[-6.231589692394731,53.38776236979651],[-6.230680963377629,53.38936868381003]]]}},{"id":"14651","type":"Feature","properties":{},"geometry":{"type":"Polygon","coordinates":[[[-6.3051617314532615,53.36146342223321],[-6.3059007608209345,53.35963909925919],[-6.306582207849368,53.35955516142422],[-6.310464319617746,53.361561392036876],[-6.308842559595285,53.361313197464256],[-6.3070475268040616,53.361922056900234],[-6.306887922578172,53.36120976506732],[-6.3051617314532615,53.36146342223321]]]}},{"id":"14667","type":"Feature","properties":{},"geometry":{"type":"Polygon","coordinates":[[[-6.271659184175442,53.34294740623291],[-6.272267041591373,53.34166920398769],[-6.273613392046011,53.34190404882023],[-6.273175429782032,53.34250711283717],[-6.274536263976546,53.343455569049034],[-6.271659184175442,53.34294740623291]]]}},{"id":"14668","type":"Feature","properties":{},"geometry":{"type":"Polygon","coordinates":[[[-6.3076044488279495,53.32794598734736],[-6.308701134771785,53.327711034838124],[-6.31146282033791,53.32711498974045],[-6.3112189493828,53.32901573215392],[-6.308278149186896,53.3294897537891],[-6.3076044488279495,53.32794598734736]]]}},{"id":"14670","type":"Feature","properties":{},"geometry":{"type":"Polygon","coordinates":[[[-6.230765281241556,53.335362949188564],[-6.225967799860423,53.33652314504281],[-6.225017340715067,53.3350019504185],[-6.225549444014645,53.33435322611177],[-6.231869696433634,53.33384482723655],[-6.232404905383464,53.335321407566056],[-6.2347181128855995,53.337197505475366],[-6.230905042843466,53.337357384202065],[-6.231192729671981,53.33565038383098],[-6.230765281241556,53.335362949188564]]]}},{"id":"14672","type":"Feature","properties":{},"geometry":{"type":"Polygon","coordinates":[[[-6.2922370894552,53.369012791828105],[-6.29132425283156,53.36804630106982],[-6.296890705709722,53.36842087639805],[-6.296221061265687,53.37005869866632],[-6.295074340909132,53.37049792537905],[-6.293884749670102,53.37025771595345],[-6.294288575773247,53.36948445043151],[-6.2922370894552,53.369012791828105]]]}},{"id":"14674","type":"Feature","properties":{},"geometry":{"type":"Polygon","coordinates":[[[-6.257913070804571,53.35564191586029],[-6.257466614893608,53.35501046548278],[-6.258064494297376,53.354768460422605],[-6.25885433024829,53.35534951071961],[-6.257913070804571,53.35564191586029]]]}},{"id":"14692","type":"Feature","properties":{},"geometry":{"type":"Polygon","coordinates":[[[-6.161013299166209,53.38760401432939],[-6.164801068352366,53.38527466398534],[-6.167712862185414,53.3854995055693],[-6.16955646756901,53.38619322500952],[-6.16955971763269,53.38550008785459],[-6.170513841392507,53.38597741040484],[-6.169900743387211,53.38662307028916],[-6.165050408949368,53.3857129060174],[-6.161642804330199,53.3878151470656],[-6.161013299166209,53.38760401432939]]]}},{"id":"14711","type":"Feature","properties":{},"geometry":{"type":"Polygon","coordinates":[[[-6.27904920841254,53.338099159154865],[-6.27857935224738,53.33740167175878],[-6.279628682073423,53.336590622186044],[-6.280993235923627,53.33700346771265],[-6.281830155318683,53.33819774653061],[-6.27904920841254,53.338099159154865]]]}},{"id":"14713","type":"Feature","properties":{},"geometry":{"type":"Polygon","coordinates":[[[-6.230446695815576,53.395559660185796],[-6.233899726005285,53.393810988103986],[-6.236842805180836,53.39340448043207],[-6.237633133952554,53.39370313198074],[-6.238796602084109,53.39279455864293],[-6.2414034742219755,53.39229718695121],[-6.238649542201888,53.39732402436357],[-6.23293114788961,53.39725796496831],[-6.232818165810949,53.39609204809943],[-6.230446695815576,53.395559660185796]]]}},{"id":"14715","type":"Feature","properties":{},"geometry":{"type":"Polygon","coordinates":[[[-6.259538169014227,53.36160252259046],[-6.25564729885432,53.36141583015882],[-6.255703645473174,53.360569795025484],[-6.259538169014227,53.36160252259046]]]}},{"id":"14718","type":"Feature","properties":{},"geometry":{"type":"Polygon","coordinates":[[[-6.278724378763865,53.3347153148021],[-6.2810702357449015,53.33441797264675],[-6.281589533207986,53.335720145046544],[-6.279361076008024,53.33609743255156],[-6.278724378763865,53.3347153148021]]]}},{"id":"14731","type":"Feature","properties":{},"geometry":{"type":"Polygon","coordinates":[[[-6.16924748071423,53.37881673899955],[-6.167692559542683,53.37777292267726],[-6.162823116832317,53.37835532543264],[-6.163271763520024,53.377212603229914],[-6.1642648118999155,53.3774200411305],[-6.165324038312623,53.3761765153134],[-6.166244366220852,53.376243384877505],[-6.170171381942535,53.3778303777421],[-6.16924748071423,53.37881673899955]]]}},{"id":"14740","type":"Feature","properties":{},"geometry":{"type":"Polygon","coordinates":[[[-6.30865547227065,53.326540418615004],[-6.314374630428037,53.32589102882699],[-6.314825130961979,53.326364872418935],[-6.308701134771785,53.327711034838124],[-6.30865547227065,53.326540418615004]]]}},{"id":"14744","type":"Feature","properties":{},"geometry":{"type":"Polygon","coordinates":[[[-6.279998457991568,53.339351947850055],[-6.279457241584758,53.33867310134649],[-6.2811146279241274,53.33827301497843],[-6.281489695473429,53.338879119803146],[-6.279998457991568,53.339351947850055]]]}},{"id":"14746","type":"Feature","properties":{},"geometry":{"type":"Polygon","coordinates":[[[-6.263788655663245,53.32716022979842],[-6.26398371640365,53.32566291283529],[-6.265076117893403,53.32570171705004],[-6.264810796539554,53.32708119473698],[-6.263788655663245,53.32716022979842]]]}},{"id":"14760","type":"Feature","properties":{},"geometry":{"type":"Polygon","coordinates":[[[-6.248372445800783,53.36299679019324],[-6.24868182529481,53.36212314806227],[-6.252281295302899,53.36261489088109],[-6.2516680462458,53.36318414820932],[-6.248372445800783,53.36299679019324]]]}},{"id":"14766","type":"Feature","properties":{},"geometry":{"type":"Polygon","coordinates":[[[-6.2795708830880645,53.35056779021006],[-6.279840786740127,53.350225002373996],[-6.281841206656461,53.350388889354775],[-6.2795708830880645,53.35056779021006]]]}},{"id":"14791","type":"Feature","properties":{},"geometry":{"type":"Polygon","coordinates":[[[-6.287398748043375,53.3850969865567],[-6.289588064040433,53.38535628851067],[-6.2925166031806175,53.387033515534135],[-6.291666202566942,53.3875433812935],[-6.287398748043375,53.3850969865567]]]}},{"id":"14795","type":"Feature","properties":{},"geometry":{"type":"Polygon","coordinates":[[[-6.281841206656461,53.350388889354775],[-6.283904517488007,53.34987793263053],[-6.284112487633168,53.35058767408244],[-6.283283965853632,53.350958468503826],[-6.2845598670241785,53.35215320533793],[-6.283858567590111,53.35232778063525],[-6.281841206656461,53.350388889354775]]]}},{"id":"14809","type":"Feature","properties":{},"geometry":{"type":"Polygon","coordinates":[[[-6.179262634479419,53.400256196462195],[-6.177156621189001,53.39864753333228],[-6.174980824514936,53.39850794059447],[-6.175451235154587,53.397602456457534],[-6.180735595106443,53.39879080856901],[-6.1799497901472895,53.39935526745314],[-6.180423816919577,53.400130891056875],[-6.181411571755146,53.40028849590715],[-6.179262634479419,53.400256196462195]]]}},{"id":"14814","type":"Feature","properties":{},"geometry":{"type":"Polygon","coordinates":[[[-6.299288560633814,53.32754286567103],[-6.302294259984225,53.326640511839486],[-6.3033422423507695,53.327596474539725],[-6.299501275101893,53.3281466529287],[-6.299288560633814,53.32754286567103]]]}},{"id":"14818","type":"Feature","properties":{},"geometry":{"type":"Polygon","coordinates":[[[-6.255300265284009,53.35580898377548],[-6.255994200451269,53.35647213228995],[-6.255425536660212,53.356681574237925],[-6.254824153246654,53.35605293321354],[-6.255300265284009,53.35580898377548]]]}},{"id":"14819","type":"Feature","properties":{},"geometry":{"type":"Polygon","coordinates":[[[-6.174675968465651,53.39198499753892],[-6.178142238938853,53.391572968960915],[-6.178717528950401,53.39107943560914],[-6.178647781863716,53.39316242142877],[-6.174675968465651,53.39198499753892]]]}},{"id":"14823","type":"Feature","properties":{},"geometry":{"type":"Polygon","coordinates":[[[-6.263427489164169,53.3286012083373],[-6.2645212308875,53.32867914401149],[-6.264272660875871,53.33009250638712],[-6.2639882344361055,53.330103134978884],[-6.263427489164169,53.3286012083373]]]}},{"id":"14830","type":"Feature","properties":{},"geometry":{"type":"Polygon","coordinates":[[[-6.278738206182615,53.3910263422227],[-6.264443921843191,53.38970745171244],[-6.26474474477562,53.389142755970724],[-6.279288798896469,53.39059395701796],[-6.278738206182615,53.3910263422227]]]}},{"id":"14835","type":"Feature","properties":{},"geometry":{"type":"Polygon","coordinates":[[[-6.237813248704311,53.33231370835775],[-6.237917230506424,53.33129011719018],[-6.240721587097329,53.331598933420004],[-6.240397505534517,53.33259256736821],[-6.237813248704311,53.33231370835775]]]}},{"id":"14851","type":"Feature","properties":{},"geometry":{"type":"Polygon","coordinates":[[[-6.245619347499168,53.364580542580825],[-6.246251097921459,53.364210476590735],[-6.247730004420073,53.364645376341215],[-6.250081646902024,53.36622837274819],[-6.2487705687053205,53.367107995016404],[-6.247394281841548,53.366696789774906],[-6.247092672490603,53.36726038101469],[-6.245835787716213,53.3669570700788],[-6.246727642025187,53.365486078571124],[-6.245619347499168,53.364580542580825]]]}},{"id":"14867","type":"Feature","properties":{},"geometry":{"type":"Polygon","coordinates":[[[-6.313036194679677,53.329706885459274],[-6.312866661726531,53.327373818930745],[-6.31146282033791,53.32711498974045],[-6.313881635130854,53.326591350503556],[-6.314806198121058,53.32939225306533],[-6.313036194679677,53.329706885459274]]]}},{"id":"14869","type":"Feature","properties":{},"geometry":{"type":"Polygon","coordinates":[[[-6.2794035260409355,53.35888887509426],[-6.278369681359311,53.35758346478444],[-6.279373177573308,53.35673871529382],[-6.281970527913998,53.35797387255061],[-6.282307886719892,53.35857839522536],[-6.281815807108943,53.35821817853277],[-6.2794035260409355,53.35888887509426]]]}},{"id":"14876","type":"Feature","properties":{},"geometry":{"type":"Polygon","coordinates":[[[-6.274872761085008,53.31101614217097],[-6.280213173813266,53.309691722180624],[-6.28076368444466,53.31057249626428],[-6.2753317063457565,53.31180309425001],[-6.274872761085008,53.31101614217097]]]}},{"id":"14904","type":"Feature","properties":{},"geometry":{"type":"Polygon","coordinates":[[[-6.2500846122133265,53.33717901691304],[-6.2509384174972205,53.33634910648813],[-6.252098352014765,53.33679999159493],[-6.253843649124817,53.33494196031431],[-6.255241906935973,53.33440385915637],[-6.256731446574485,53.33582156542399],[-6.254537015379122,53.336614184519725],[-6.253590079853252,53.338134987157865],[-6.2500846122133265,53.33717901691304]]]}},{"id":"14906","type":"Feature","properties":{},"geometry":{"type":"Polygon","coordinates":[[[-6.2383749759314915,53.34429198969269],[-6.238827578257104,53.34244031831959],[-6.239936121226625,53.342583599203756],[-6.239807868828861,53.34355905116588],[-6.240966916094017,53.343669667400846],[-6.240794616275501,53.344488265752084],[-6.2383749759314915,53.34429198969269]]]}},{"id":"14926","type":"Feature","properties":{},"geometry":{"type":"Polygon","coordinates":[[[-6.256319618404298,53.32649818868922],[-6.255737262158825,53.32487791065772],[-6.257432575428061,53.324326414026956],[-6.258689016248928,53.32614177142564],[-6.2581368545486225,53.32708999428827],[-6.256319618404298,53.32649818868922]]]}},{"id":"14939","type":"Feature","properties":{},"geometry":{"type":"Polygon","coordinates":[[[-6.1497125348413855,53.40021537446217],[-6.150178203945907,53.3986441022279],[-6.150354649185759,53.39797024073487],[-6.153039648416375,53.4003775071669],[-6.1497125348413855,53.40021537446217]]]}},{"id":"14959","type":"Feature","properties":{},"geometry":{"type":"Polygon","coordinates":[[[-6.334646231362116,53.32319291753866],[-6.335784321098627,53.32278536551697],[-6.335997908266525,53.321962433696385],[-6.337750572710476,53.32142303272509],[-6.336292514227242,53.320230870260104],[-6.337131938983752,53.319766074186646],[-6.34051713206799,53.32211991012786],[-6.341045008517789,53.32366641859565],[-6.3346948234250275,53.32380659867021],[-6.334646231362116,53.32319291753866]]]}},{"id":"14964","type":"Feature","properties":{},"geometry":{"type":"Polygon","coordinates":[[[-6.213992258302501,53.389739895632374],[-6.213956430788765,53.388073313536886],[-6.21021306010644,53.38835910442225],[-6.211705350377482,53.38690583727055],[-6.215183797442858,53.38695499024791],[-6.215149461480258,53.38990577060056],[-6.213992258302501,53.389739895632374]]]}},{"id":"14965","type":"Feature","properties":{},"geometry":{"type":"Polygon","coordinates":[[[-6.289303905005062,53.31346536757523],[-6.290038984734859,53.31266942264531],[-6.293029661496006,53.31360929461091],[-6.292348052359005,53.31442102435087],[-6.289303905005062,53.31346536757523]]]}},{"id":"14966","type":"Feature","properties":{},"geometry":{"type":"Polygon","coordinates":[[[-6.273447192106252,53.35184497594862],[-6.2724598507754825,53.35023880394163],[-6.274608047050746,53.35015372586306],[-6.274269183259075,53.350737464096675],[-6.273447192106252,53.35184497594862]]]}},{"id":"14967","type":"Feature","properties":{},"geometry":{"type":"Polygon","coordinates":[[[-6.2432192419989185,53.37387352976883],[-6.243833648489191,53.37220806247551],[-6.24242079571704,53.37207945102688],[-6.244414068400609,53.36838305046898],[-6.246481158042257,53.368181369087026],[-6.248953271360524,53.368883048408776],[-6.251016688524576,53.37074145863737],[-6.249558757344937,53.37283606011276],[-6.250928541145889,53.37322640773339],[-6.249866968383078,53.37493105740724],[-6.247840554510818,53.37437784846123],[-6.2472334194916295,53.374964583160995],[-6.2432192419989185,53.37387352976883]]]}},{"id":"14978","type":"Feature","properties":{},"geometry":{"type":"Polygon","coordinates":[[[-6.162183629487312,53.401057456782],[-6.161924274909076,53.40015413346372],[-6.16451187563985,53.40073295134193],[-6.164342482956188,53.401420872138786],[-6.162183629487312,53.401057456782]]]}},{"id":"14984","type":"Feature","properties":{},"geometry":{"type":"Polygon","coordinates":[[[-6.271722669597944,53.320439380281265],[-6.272411686341438,53.32026168062647],[-6.272908514176028,53.320973814769815],[-6.278851222934484,53.31933784117633],[-6.278769778828362,53.31986774730731],[-6.272501573889224,53.32137825696672],[-6.271722669597944,53.320439380281265]]]}},{"id":"14987","type":"Feature","properties":{},"geometry":{"type":"Polygon","coordinates":[[[-6.268663736767773,53.34387069940509],[-6.270082048430547,53.34356836634657],[-6.2698241027206905,53.344572318225886],[-6.268969221431288,53.34462225035614],[-6.268663736767773,53.34387069940509]]]}},{"id":"15009","type":"Feature","properties":{},"geometry":{"type":"Polygon","coordinates":[[[-6.2626891871039385,53.37818391456603],[-6.262917577149984,53.37775762727088],[-6.262094354688697,53.37759750141551],[-6.2628651492069825,53.37620708751561],[-6.264690928535853,53.376132155003724],[-6.265273722109811,53.37864470215657],[-6.2626891871039385,53.37818391456603]]]}},{"id":"15029","type":"Feature","properties":{},"geometry":{"type":"Polygon","coordinates":[[[-6.278035483663544,53.30749710593774],[-6.283771786229735,53.30718144668696],[-6.283995752700334,53.30825307112098],[-6.277882818475696,53.308663441047166],[-6.278035483663544,53.30749710593774]]]}},{"id":"15037","type":"Feature","properties":{},"geometry":{"type":"Polygon","coordinates":[[[-6.305744144365703,53.33922611409817],[-6.305685124452019,53.3385477467323],[-6.30777112730918,53.337848727593716],[-6.30769182878984,53.33950850650525],[-6.305744144365703,53.33922611409817]]]}},{"id":"15051","type":"Feature","properties":{},"geometry":{"type":"Polygon","coordinates":[[[-6.150375712903965,53.3979103102303],[-6.150840681494646,53.3970587544654],[-6.154095521621839,53.3972718803844],[-6.154178618043604,53.39784279213132],[-6.153074621592521,53.39780839566922],[-6.1529237418571245,53.39820417525058],[-6.150375712903965,53.3979103102303]]]}},{"id":"15057","type":"Feature","properties":{},"geometry":{"type":"Polygon","coordinates":[[[-6.157443538020068,53.383668591046145],[-6.159681368338792,53.38234087411801],[-6.159545402085382,53.3831478509056],[-6.167367517726679,53.384091515218614],[-6.165879880704966,53.384741150588034],[-6.157443538020068,53.383668591046145]]]}},{"id":"15062","type":"Feature","properties":{},"geometry":{"type":"Polygon","coordinates":[[[-6.283959175877845,53.366954883328745],[-6.281494130595204,53.363947849868154],[-6.282518486775858,53.363881786437354],[-6.285357812556599,53.366754420500136],[-6.283959175877845,53.366954883328745]]]}},{"id":"15089","type":"Feature","properties":{},"geometry":{"type":"Polygon","coordinates":[[[-6.309796036854008,53.383149877013835],[-6.305717494855664,53.38233740132015],[-6.305627064526787,53.38176980149429],[-6.307622474814668,53.38168109670666],[-6.3103568339789256,53.38271186860453],[-6.309796036854008,53.383149877013835]]]}},{"id":"15090","type":"Feature","properties":{},"geometry":{"type":"Polygon","coordinates":[[[-6.172607961066296,53.37604349381838],[-6.17463075628616,53.37491261784427],[-6.177318767263838,53.37673027110057],[-6.175739186366995,53.37759281257179],[-6.174808819573656,53.37746094133671],[-6.172680434978439,53.376556445331246],[-6.172607961066296,53.37604349381838]]]}},{"id":"15093","type":"Feature","properties":{},"geometry":{"type":"Polygon","coordinates":[[[-6.234658506454446,53.36916984611495],[-6.234495353627613,53.36707812610683],[-6.234987211982939,53.36681791545298],[-6.2360401228254085,53.36805636232051],[-6.237372754199776,53.36739196758175],[-6.236845490936703,53.36942578415019],[-6.235595348254004,53.36964962698876],[-6.234658506454446,53.36916984611495]]]}},{"id":"15099","type":"Feature","properties":{},"geometry":{"type":"Polygon","coordinates":[[[-6.299933057926708,53.37284447160117],[-6.3003253886704,53.37114060036372],[-6.304684530355168,53.371313129161656],[-6.303917387533267,53.36931576839196],[-6.305009320364277,53.369341114987236],[-6.30530715697012,53.371636687668946],[-6.304232976008921,53.3717210075867],[-6.303164840352019,53.37338388885255],[-6.299933057926708,53.37284447160117]]]}},{"id":"15104","type":"Feature","properties":{},"geometry":{"type":"Polygon","coordinates":[[[-6.24868182529481,53.36212314806227],[-6.24294594864307,53.36135962314803],[-6.243535434571305,53.36067843669751],[-6.247420368789757,53.36139245483296],[-6.247698619141398,53.36060752883907],[-6.248664782710073,53.36084397089238],[-6.24868182529481,53.36212314806227]]]}},{"id":"15111","type":"Feature","properties":{},"geometry":{"type":"Polygon","coordinates":[[[-6.3130335808848885,53.339577166696714],[-6.312607106911198,53.33770416384561],[-6.314106704402732,53.3374680906896],[-6.314575976936139,53.33961727509945],[-6.3130335808848885,53.339577166696714]]]}},{"id":"15120","type":"Feature","properties":{},"geometry":{"type":"Polygon","coordinates":[[[-6.314160846653802,53.38125058815068],[-6.3143328334522195,53.380333051156896],[-6.312917294216982,53.380282653466914],[-6.312817915275421,53.38089559620047],[-6.310710844026187,53.38064729425801],[-6.310509993385196,53.37809842938009],[-6.314106760714565,53.37843317523175],[-6.315444531776532,53.37796257794926],[-6.319636288318706,53.37949205767994],[-6.316948306924951,53.379970337165844],[-6.317908375078851,53.38067901159796],[-6.316310287644736,53.38076539530893],[-6.3164832280073,53.3813080129965],[-6.314160846653802,53.38125058815068]]]}},{"id":"15128","type":"Feature","properties":{},"geometry":{"type":"Polygon","coordinates":[[[-6.285908619263157,53.316693500902886],[-6.2848677717943495,53.31535831782298],[-6.291484545076575,53.31520033839739],[-6.287077072420957,53.315553588090964],[-6.285908619263157,53.316693500902886]]]}},{"id":"15130","type":"Feature","properties":{},"geometry":{"type":"Polygon","coordinates":[[[-6.27773577233679,53.34974854739942],[-6.277842382078528,53.348976383690676],[-6.279614773277652,53.349367938769035],[-6.279493996017972,53.34983099798762],[-6.27773577233679,53.34974854739942]]]}},{"id":"15137","type":"Feature","properties":{},"geometry":{"type":"Polygon","coordinates":[[[-6.272501573889224,53.32137825696672],[-6.275680827208298,53.32060490156187],[-6.275864403419021,53.321846766375906],[-6.2734161717938655,53.32253200326392],[-6.272501573889224,53.32137825696672]]]}},{"id":"15155","type":"Feature","properties":{},"geometry":{"type":"Polygon","coordinates":[[[-6.320692376226207,53.33723785377444],[-6.31951942085047,53.33789792136609],[-6.31847336831871,53.33737098916679],[-6.320692376226207,53.33723785377444]]]}},{"id":"15156","type":"Feature","properties":{},"geometry":{"type":"Polygon","coordinates":[[[-6.188863564606615,53.40229183193962],[-6.189102033637305,53.400421180129165],[-6.19046585440351,53.40043379889335],[-6.19072183020362,53.40275893673092],[-6.188863564606615,53.40229183193962]]]}},{"id":"15174","type":"Feature","properties":{},"geometry":{"type":"Polygon","coordinates":[[[-6.289121092034403,53.3583818545353],[-6.289062139420932,53.35741389410577],[-6.289817617870247,53.3574771514849],[-6.293997991922953,53.359221280964185],[-6.29336632955958,53.36035187942234],[-6.289121092034403,53.3583818545353]]]}},{"id":"15176","type":"Feature","properties":{},"geometry":{"type":"Polygon","coordinates":[[[-6.320311418487335,53.385109235699254],[-6.318066179898269,53.382903506334074],[-6.318726475268736,53.38239501121279],[-6.322162678731032,53.38315908600603],[-6.320311418487335,53.385109235699254]]]}},{"id":"15177","type":"Feature","properties":{},"geometry":{"type":"Polygon","coordinates":[[[-6.269850462955172,53.33741447208844],[-6.269808372810475,53.33647149385618],[-6.270547993841791,53.33649676117541],[-6.270493918647611,53.337431918441276],[-6.269850462955172,53.33741447208844]]]}},{"id":"15181","type":"Feature","properties":{},"geometry":{"type":"Polygon","coordinates":[[[-6.349840345106733,53.349139660296444],[-6.346415261150899,53.34560937478381],[-6.349367750053292,53.343727805854364],[-6.352865828334333,53.3479307500934],[-6.3530927025366895,53.350083655526234],[-6.349840345106733,53.349139660296444]]]}},{"id":"15200","type":"Feature","properties":{},"geometry":{"type":"Polygon","coordinates":[[[-6.25909150825362,53.33146728588554],[-6.25874139837487,53.33078234109957],[-6.260173093673565,53.33046612084503],[-6.261827357427163,53.33158260939641],[-6.25909150825362,53.33146728588554]]]}},{"id":"15213","type":"Feature","properties":{},"geometry":{"type":"Polygon","coordinates":[[[-6.279816210037496,53.31650469192632],[-6.27909888062368,53.3149743884297],[-6.282328609615034,53.31471151957345],[-6.280619307893381,53.31670664024916],[-6.279816210037496,53.31650469192632]]]}},{"id":"15222","type":"Feature","properties":{},"geometry":{"type":"Polygon","coordinates":[[[-6.254725225285362,53.321125671229154],[-6.254010781310472,53.31814657006764],[-6.253455389707942,53.31674330497251],[-6.25467999224437,53.31782801793252],[-6.25587445162831,53.32119881987414],[-6.254725225285362,53.321125671229154]]]}},{"id":"15229","type":"Feature","properties":{},"geometry":{"type":"Polygon","coordinates":[[[-6.246154395044371,53.33149712868591],[-6.246645454464176,53.33100512737312],[-6.247647966726454,53.33165011658724],[-6.248742010106627,53.331515208870854],[-6.247869089198702,53.33219412773597],[-6.246154395044371,53.33149712868591]]]}},{"id":"15230","type":"Feature","properties":{},"geometry":{"type":"Polygon","coordinates":[[[-6.239324754079032,53.331450603089316],[-6.240299321585566,53.32835819747605],[-6.241628330368276,53.32797867607323],[-6.240721587097329,53.331598933420004],[-6.239324754079032,53.331450603089316]]]}},{"id":"15238","type":"Feature","properties":{},"geometry":{"type":"Polygon","coordinates":[[[-6.194402954154057,53.398538288300365],[-6.18653929786991,53.39761974296277],[-6.189884910903476,53.394036802749085],[-6.195213949046718,53.3912828246401],[-6.199150623610622,53.39366800756092],[-6.195743583497451,53.395767266575994],[-6.196263245054347,53.39630035075126],[-6.197466023784369,53.395998991080695],[-6.197793590846661,53.396542290234876],[-6.1974016669984895,53.39940413456417],[-6.194402954154057,53.398538288300365]]]}},{"id":"15251","type":"Feature","properties":{},"geometry":{"type":"Polygon","coordinates":[[[-6.2779544476763585,53.31777191059996],[-6.27636860575693,53.31544297274262],[-6.27909888062368,53.3149743884297],[-6.279816210037496,53.31650469192632],[-6.2779544476763585,53.31777191059996]]]}},{"id":"15258","type":"Feature","properties":{},"geometry":{"type":"Polygon","coordinates":[[[-6.255791945911097,53.328859902146654],[-6.258561795890765,53.328230969661014],[-6.259045184606597,53.329129945663944],[-6.256333718791511,53.32975887120222],[-6.255791945911097,53.328859902146654]]]}},{"id":"15259","type":"Feature","properties":{},"geometry":{"type":"Polygon","coordinates":[[[-6.274894634108795,53.398957266683155],[-6.275412649425841,53.396935912037115],[-6.2762963898749895,53.39681125818714],[-6.277727433976917,53.39769647981224],[-6.275479550017333,53.39922589405758],[-6.274894634108795,53.398957266683155]]]}},{"id":"15267","type":"Feature","properties":{},"geometry":{"type":"Polygon","coordinates":[[[-6.251649268505113,53.3667885866566],[-6.24926286025146,53.36572585554382],[-6.250502632647798,53.36528473677985],[-6.2501717233144785,53.363874433315374],[-6.250934493083945,53.36398053919074],[-6.252281295302899,53.36261489088109],[-6.257631188330625,53.363419840455805],[-6.255714353792686,53.3638284158984],[-6.255434422660692,53.364509342538476],[-6.25462909626448,53.364363095521114],[-6.253556853141848,53.36620005247706],[-6.251649268505113,53.3667885866566]]]}},{"id":"15274","type":"Feature","properties":{},"geometry":{"type":"Polygon","coordinates":[[[-6.321490886259951,53.31770307586083],[-6.3216851794146,53.316633416042436],[-6.326788422566113,53.317032423946465],[-6.32664301489888,53.3180190262798],[-6.321490886259951,53.31770307586083]]]}},{"id":"15276","type":"Feature","properties":{},"geometry":{"type":"Polygon","coordinates":[[[-6.264430997675366,53.32916877198069],[-6.26455730043464,53.328479224423866],[-6.266422428448974,53.328833764128355],[-6.2664373010529815,53.329204911385226],[-6.264430997675366,53.32916877198069]]]}},{"id":"15285","type":"Feature","properties":{},"geometry":{"type":"Polygon","coordinates":[[[-6.291874255507779,53.39751097532177],[-6.28814758237489,53.396114821455726],[-6.289705163879967,53.39530779624866],[-6.292300222599423,53.39639445935821],[-6.292789103755185,53.396015920684256],[-6.2934578012690405,53.39633010341512],[-6.291874255507779,53.39751097532177]]]}},{"id":"15286","type":"Feature","properties":{},"geometry":{"type":"Polygon","coordinates":[[[-6.276353237999862,53.38342605128714],[-6.27632281617153,53.382533889463076],[-6.277959755238804,53.38255289818886],[-6.279491011904615,53.383927500760784],[-6.278059078689687,53.384808630064],[-6.276353237999862,53.38342605128714]]]}},{"id":"15287","type":"Feature","properties":{},"geometry":{"type":"Polygon","coordinates":[[[-6.191928511346071,53.36192770275309],[-6.192424526081347,53.360312633769055],[-6.195833334375267,53.360690287484445],[-6.195563763072311,53.36246042478792],[-6.191928511346071,53.36192770275309]]]}},{"id":"15302","type":"Feature","properties":{},"geometry":{"type":"Polygon","coordinates":[[[-6.232158389836793,53.34262902301008],[-6.2311122599783895,53.34200499148693],[-6.231392173021188,53.34151301292717],[-6.23553796072908,53.34204833505841],[-6.2353823121593335,53.34268140734494],[-6.232158389836793,53.34262902301008]]]}},{"id":"15309","type":"Feature","properties":{},"geometry":{"type":"Polygon","coordinates":[[[-6.239256068502774,53.33580822692719],[-6.241950829636581,53.335004566419215],[-6.24389246412778,53.33442527784152],[-6.242084191624953,53.335960273715536],[-6.241167171810881,53.33575664871954],[-6.240032991655416,53.33637872775353],[-6.239256068502774,53.33580822692719]]]}},{"id":"15322","type":"Feature","properties":{},"geometry":{"type":"Polygon","coordinates":[[[-6.315202920903357,53.321610171342535],[-6.313381030713082,53.320189725848095],[-6.310097478019054,53.32062686351819],[-6.309619541577533,53.31978774983931],[-6.315079842584926,53.31912995281024],[-6.316231501451862,53.320476711474996],[-6.315202920903357,53.321610171342535]]]}},{"id":"15331","type":"Feature","properties":{},"geometry":{"type":"Polygon","coordinates":[[[-6.227067847375733,53.381299613177006],[-6.222768875710927,53.3791319618537],[-6.223673302731997,53.378590913156096],[-6.22915079514625,53.38103295802458],[-6.228889620140759,53.38140937854053],[-6.227067847375733,53.381299613177006]]]}},{"id":"15339","type":"Feature","properties":{},"geometry":{"type":"Polygon","coordinates":[[[-6.356581016145441,53.34814751161312],[-6.357448102084591,53.346860912533174],[-6.356189601710354,53.346681554186375],[-6.356461916921321,53.34593097987168],[-6.359232395032216,53.34627898974127],[-6.35864470509886,53.3485594444876],[-6.356581016145441,53.34814751161312]]]}},{"id":"15351","type":"Feature","properties":{},"geometry":{"type":"Polygon","coordinates":[[[-6.255078573699054,53.310199077053156],[-6.255218725855396,53.30832576338748],[-6.254547797379715,53.307857054643314],[-6.25948241280849,53.30854632798322],[-6.258503760895135,53.30869758553294],[-6.259228858850145,53.30977414098939],[-6.257516886854442,53.31046061712099],[-6.255078573699054,53.310199077053156]]]}},{"id":"15360","type":"Feature","properties":{},"geometry":{"type":"Polygon","coordinates":[[[-6.29556719431272,53.36604964888057],[-6.296248028333238,53.365564584018806],[-6.295733623681402,53.36511186519563],[-6.294485481187115,53.365540618680654],[-6.293922594645028,53.36510996573137],[-6.294316429926687,53.3641993598948],[-6.297722584431553,53.36450893304707],[-6.296353408985752,53.36562227272244],[-6.296783158746259,53.366074770137324],[-6.2961734797678215,53.36640678012318],[-6.29556719431272,53.36604964888057]]]}},{"id":"15380","type":"Feature","properties":{},"geometry":{"type":"Polygon","coordinates":[[[-6.284103646154289,53.406048647414295],[-6.2839359955363125,53.404943802845814],[-6.28584029477595,53.40467865683242],[-6.2854774522803245,53.406250328764145],[-6.284103646154289,53.406048647414295]]]}},{"id":"15399","type":"Feature","properties":{},"geometry":{"type":"Polygon","coordinates":[[[-6.241857663423548,53.34282916624651],[-6.244575768084496,53.343174536017024],[-6.244391503290909,53.343657283070755],[-6.243189159145451,53.343500447802306],[-6.242924946083927,53.344705659584214],[-6.241632984365788,53.34396232490961],[-6.241857663423548,53.34282916624651]]]}},{"id":"15403","type":"Feature","properties":{},"geometry":{"type":"Polygon","coordinates":[[[-6.188043995049533,53.38219776868581],[-6.1897174195379705,53.38278578532456],[-6.190855238748238,53.38240069172697],[-6.190413247506319,53.381982692870885],[-6.192228946185496,53.38154971789203],[-6.191958829030907,53.38106612577243],[-6.19440279599815,53.38079745507639],[-6.194263831859953,53.3826617166499],[-6.19180941733964,53.38371281688965],[-6.190057923858349,53.38388417053607],[-6.188043995049533,53.38219776868581]]]}},{"id":"15405","type":"Feature","properties":{},"geometry":{"type":"Polygon","coordinates":[[[-6.23533406181188,53.35698426364466],[-6.233519428238915,53.356256733814426],[-6.234431791262456,53.35616699962079],[-6.23519834396936,53.3552567681568],[-6.236615150734876,53.35587459006287],[-6.23533406181188,53.35698426364466]]]}},{"id":"15416","type":"Feature","properties":{},"geometry":{"type":"Polygon","coordinates":[[[-6.2204741341800025,53.3963751319133],[-6.22269265315822,53.393472454850425],[-6.223742700037016,53.393769088699635],[-6.221583086454294,53.39659336038189],[-6.2204741341800025,53.3963751319133]]]}},{"id":"15422","type":"Feature","properties":{},"geometry":{"type":"Polygon","coordinates":[[[-6.23192297956289,53.340586768192715],[-6.232279705962415,53.33995136035696],[-6.234228620143671,53.34036074493705],[-6.2340457518034365,53.34085776177705],[-6.23192297956289,53.340586768192715]]]}},{"id":"15452","type":"Feature","properties":{},"geometry":{"type":"Polygon","coordinates":[[[-6.285281928777579,53.314414902151384],[-6.286641905900662,53.312887428578165],[-6.285045476865689,53.31253053044855],[-6.285866441017437,53.31110219163048],[-6.288679744686403,53.31168057628931],[-6.286387667281006,53.31460554999051],[-6.285281928777579,53.314414902151384]]]}},{"id":"15456","type":"Feature","properties":{},"geometry":{"type":"Polygon","coordinates":[[[-6.188046892310025,53.38482615859033],[-6.190652798995079,53.3836203184726],[-6.192684193742135,53.38438523982943],[-6.189215401997986,53.38589693605924],[-6.188046892310025,53.38482615859033]]]}},{"id":"15462","type":"Feature","properties":{},"geometry":{"type":"Polygon","coordinates":[[[-6.173691320037331,53.40547064383423],[-6.173727907059374,53.4048286583033],[-6.178260663145649,53.404995058100454],[-6.177970368190817,53.405649504110414],[-6.173691320037331,53.40547064383423]]]}},{"id":"15470","type":"Feature","properties":{},"geometry":{"type":"Polygon","coordinates":[[[-6.221498531567553,53.3752527733635],[-6.2226548510807325,53.373666247929],[-6.223445711561188,53.37388402233004],[-6.223222351954012,53.37570078374114],[-6.221498531567553,53.3752527733635]]]}},{"id":"15482","type":"Feature","properties":{},"geometry":{"type":"Polygon","coordinates":[[[-6.256292592650506,53.3966045313851],[-6.254012318839436,53.39619614763719],[-6.254573524175424,53.394434651726066],[-6.256780412166829,53.39449774732698],[-6.2571314257205195,53.39541492635731],[-6.256292592650506,53.3966045313851]]]}},{"id":"15513","type":"Feature","properties":{},"geometry":{"type":"Polygon","coordinates":[[[-6.355738389153395,53.3423937974297],[-6.355318194282802,53.340286938830474],[-6.353421781623105,53.33823945157541],[-6.351654939987832,53.33792937846957],[-6.353983348886631,53.33772683238223],[-6.356272378784593,53.34109883393677],[-6.355738389153395,53.3423937974297]]]}},{"id":"15518","type":"Feature","properties":{},"geometry":{"type":"Polygon","coordinates":[[[-6.1785378823635515,53.39421013956114],[-6.178720912587104,53.39131640633255],[-6.179260508449482,53.39130094563451],[-6.179268298801528,53.39211632703404],[-6.180401859344046,53.39211199599869],[-6.1800395594528466,53.393895386527994],[-6.180985511263908,53.39424737388165],[-6.1785378823635515,53.39421013956114]]]}},{"id":"15520","type":"Feature","properties":{},"geometry":{"type":"Polygon","coordinates":[[[-6.207539514313734,53.37162070851918],[-6.206271113815097,53.37097762093989],[-6.213296253278083,53.367416138405474],[-6.214868960468163,53.36931037801931],[-6.2122879635088255,53.36968280551504],[-6.212671638061696,53.37024806467641],[-6.211123530628755,53.37075813542167],[-6.210382226421674,53.370291393690486],[-6.20911810695291,53.37093352648479],[-6.2094314186501,53.371316700910505],[-6.207539514313734,53.37162070851918]]]}},{"id":"15527","type":"Feature","properties":{},"geometry":{"type":"Polygon","coordinates":[[[-6.3018499399671395,53.31480758218045],[-6.303002152993586,53.31265758832391],[-6.3096858671760225,53.31377005901502],[-6.309260833792545,53.314345186747815],[-6.310130582783368,53.31453213339854],[-6.309732693261622,53.31536073398472],[-6.3084697512267045,53.31536175847788],[-6.307729546693255,53.31599392515095],[-6.305087028972093,53.31473854323957],[-6.304613784143619,53.31525928375075],[-6.3018499399671395,53.31480758218045]]]}},{"id":"15541","type":"Feature","properties":{},"geometry":{"type":"Polygon","coordinates":[[[-6.27364898679954,53.31018270641216],[-6.274119499524366,53.311263590401275],[-6.270263094368639,53.31190676677985],[-6.270723113543183,53.31067014301727],[-6.27364898679954,53.31018270641216]]]}},{"id":"15559","type":"Feature","properties":{},"geometry":{"type":"Polygon","coordinates":[[[-6.1704057610047895,53.405404907316225],[-6.17043013763165,53.40417395415049],[-6.172003857694859,53.4042066890138],[-6.171925480163672,53.405435068881104],[-6.1704057610047895,53.405404907316225]]]}},{"id":"15560","type":"Feature","properties":{},"geometry":{"type":"Polygon","coordinates":[[[-6.172525253404672,53.39906094071669],[-6.169418354644415,53.39859211511882],[-6.169186392113273,53.39721433817866],[-6.168057342052199,53.3969557197308],[-6.17101384626914,53.397032901051844],[-6.172525253404672,53.39906094071669]]]}},{"id":"15561","type":"Feature","properties":{},"geometry":{"type":"Polygon","coordinates":[[[-6.235257350738746,53.33925699504996],[-6.235041343124017,53.33826128207152],[-6.23558718984359,53.33855659993448],[-6.235257350738746,53.33925699504996]]]}},{"id":"15565","type":"Feature","properties":{},"geometry":{"type":"Polygon","coordinates":[[[-6.245398831329099,53.33150673543456],[-6.246308177493417,53.32942885118132],[-6.245015312327598,53.3292222903665],[-6.245517858881067,53.32809445149556],[-6.248209119308279,53.32922341403872],[-6.246154395044371,53.33149712868591],[-6.245398831329099,53.33150673543456]]]}},{"id":"15575","type":"Feature","properties":{},"geometry":{"type":"Polygon","coordinates":[[[-6.284621098603519,53.322309309515255],[-6.284599003134032,53.32185759965483],[-6.283623088426091,53.321877042340915],[-6.285472304055006,53.32063099129419],[-6.286364509959803,53.32093995306967],[-6.284621098603519,53.322309309515255]]]}},{"id":"15580","type":"Feature","properties":{},"geometry":{"type":"Polygon","coordinates":[[[-6.2096384320265745,53.32920529890338],[-6.211425464661769,53.328539314177945],[-6.212116599933614,53.328803466098215],[-6.211236905417332,53.32915901888333],[-6.2117983080604136,53.330257435636724],[-6.211071890304069,53.33134321258701],[-6.2101545308994615,53.330985293397255],[-6.2096384320265745,53.32920529890338]]]}},{"id":"15585","type":"Feature","properties":{},"geometry":{"type":"Polygon","coordinates":[[[-6.281589533207986,53.335720145046544],[-6.283550991847547,53.33523374218626],[-6.28434389789607,53.33610201012114],[-6.281934103195886,53.33678832805353],[-6.281589533207986,53.335720145046544]]]}},{"id":"15586","type":"Feature","properties":{},"geometry":{"type":"Polygon","coordinates":[[[-6.24230696194061,53.3759039101443],[-6.241834149943386,53.37538982823739],[-6.239561651511641,53.37507534267869],[-6.23996293203997,53.373725945101505],[-6.23773064138856,53.37289292665922],[-6.238081136258096,53.37229012809535],[-6.2432192419989185,53.37387352976883],[-6.24230696194061,53.3759039101443]]]}},{"id":"15587","type":"Feature","properties":{},"geometry":{"type":"Polygon","coordinates":[[[-6.270487965514848,53.32910971553206],[-6.26455730043464,53.328479224423866],[-6.264842856390762,53.326907165448866],[-6.266512943127481,53.326873599681676],[-6.266708697933081,53.325772279123306],[-6.2702004214998315,53.3256071245996],[-6.270153190730955,53.324589297950574],[-6.271629277661947,53.32443626254514],[-6.273379850656288,53.3263666211754],[-6.274043086748821,53.32881457095574],[-6.272393950756324,53.32895217909377],[-6.272438731601718,53.3296314927853],[-6.270618453744811,53.32973727151877],[-6.270487965514848,53.32910971553206]]]}},{"id":"15590","type":"Feature","properties":{},"geometry":{"type":"Polygon","coordinates":[[[-6.291583307268406,53.35542919623509],[-6.293129859904799,53.35467438354357],[-6.2936778360366,53.35497551925609],[-6.2924001572249795,53.35578921200622],[-6.291583307268406,53.35542919623509]]]}},{"id":"15591","type":"Feature","properties":{},"geometry":{"type":"Polygon","coordinates":[[[-6.329023644573985,53.37937850637554],[-6.328833447817892,53.377569197011155],[-6.330909653762008,53.377249480555896],[-6.330972526754368,53.376585743835086],[-6.333402051860033,53.376675042051815],[-6.333423555593911,53.37787605466658],[-6.331740922618963,53.37788057188397],[-6.329023644573985,53.37937850637554]]]}},{"id":"15610","type":"Feature","properties":{},"geometry":{"type":"Polygon","coordinates":[[[-6.272791396243337,53.33404990977696],[-6.272607367790837,53.33289094215243],[-6.275275811817312,53.333062171575705],[-6.274799409594234,53.334119412415454],[-6.272791396243337,53.33404990977696]]]}},{"id":"15624","type":"Feature","properties":{},"geometry":{"type":"Polygon","coordinates":[[[-6.213357393926699,53.37376160621912],[-6.209510782943069,53.37289105147742],[-6.208623662779409,53.373562644527325],[-6.2066119133095,53.372728754643035],[-6.207539514313734,53.37162070851918],[-6.208902963191402,53.37261560287396],[-6.209818396164132,53.372397848676826],[-6.213357393926699,53.37376160621912]]]}},{"id":"15630","type":"Feature","properties":{},"geometry":{"type":"Polygon","coordinates":[[[-6.240460888751997,53.34904187769752],[-6.240670300152437,53.34683436898516],[-6.243862449076865,53.34705225298193],[-6.243495985877944,53.349248564892896],[-6.242647744873075,53.349597702763646],[-6.240460888751997,53.34904187769752]]]}},{"id":"15641","type":"Feature","properties":{},"geometry":{"type":"Polygon","coordinates":[[[-6.256195750184934,53.388901512361414],[-6.25618334869647,53.38742623738781],[-6.257524793251618,53.38787357855916],[-6.257144065177404,53.389021143207685],[-6.256195750184934,53.388901512361414]]]}},{"id":"15646","type":"Feature","properties":{},"geometry":{"type":"Polygon","coordinates":[[[-6.288707565613729,53.32078305295483],[-6.287722121615902,53.31985343544676],[-6.290555990295251,53.31946701312325],[-6.291329902332065,53.32045654758764],[-6.288707565613729,53.32078305295483]]]}},{"id":"15657","type":"Feature","properties":{},"geometry":{"type":"Polygon","coordinates":[[[-6.278560489999037,53.341198071448616],[-6.279885093030659,53.340971514230176],[-6.280473935603549,53.34087448246029],[-6.2801865157132974,53.341515693667226],[-6.278780927735455,53.34161972869819],[-6.278560489999037,53.341198071448616]]]}},{"id":"15661","type":"Feature","properties":{},"geometry":{"type":"Polygon","coordinates":[[[-6.2670405054311535,53.35845179457484],[-6.267944251508496,53.35674978231875],[-6.26923834715794,53.3576493835089],[-6.2698108604556415,53.35927967597288],[-6.2670405054311535,53.35845179457484]]]}},{"id":"15681","type":"Feature","properties":{},"geometry":{"type":"Polygon","coordinates":[[[-6.212336696883985,53.3186889329006],[-6.21506088075669,53.317887742908724],[-6.216193536931299,53.318225792014296],[-6.2145310884037,53.31991004426591],[-6.212336696883985,53.3186889329006]]]}},{"id":"15688","type":"Feature","properties":{},"geometry":{"type":"Polygon","coordinates":[[[-6.22901370674836,53.34166107894136],[-6.227958623953964,53.339852757348645],[-6.229101311695323,53.33958052262857],[-6.228879927032393,53.33816465573937],[-6.233035558119601,53.33865529258592],[-6.231392173021188,53.34151301292717],[-6.22901370674836,53.34166107894136]]]}},{"id":"15696","type":"Feature","properties":{},"geometry":{"type":"Polygon","coordinates":[[[-6.305130549037261,53.347332070707694],[-6.308441244502218,53.34722365791597],[-6.308371275094926,53.34823095404268],[-6.305857787479108,53.34829710804469],[-6.305130549037261,53.347332070707694]]]}},{"id":"15699","type":"Feature","properties":{},"geometry":{"type":"Polygon","coordinates":[[[-6.285638029171781,53.31148447233232],[-6.284630447236162,53.31130098110945],[-6.285505765909295,53.309690041506066],[-6.289282863049843,53.310346735587444],[-6.288679744686403,53.31168057628931],[-6.285866441017437,53.31110219163048],[-6.285638029171781,53.31148447233232]]]}},{"id":"15704","type":"Feature","properties":{},"geometry":{"type":"Polygon","coordinates":[[[-6.285482217850283,53.31649533207955],[-6.285908619263157,53.316693500902886],[-6.287077072420957,53.315553588090964],[-6.290922135190542,53.315546809808815],[-6.287123294580175,53.31782121720663],[-6.2844547925998215,53.317653095114935],[-6.285482217850283,53.31649533207955]]]}},{"id":"15709","type":"Feature","properties":{},"geometry":{"type":"Polygon","coordinates":[[[-6.233068887389549,53.366266894638436],[-6.229179086902687,53.36427791160082],[-6.233061156192097,53.36383147441633],[-6.232649488246579,53.36495776530083],[-6.2336761878885225,53.365895768443295],[-6.233068887389549,53.366266894638436]]]}},{"id":"15711","type":"Feature","properties":{},"geometry":{"type":"Polygon","coordinates":[[[-6.295144471034288,53.34687935687145],[-6.296145597951352,53.347076142536245],[-6.296061685885354,53.34752981214786],[-6.295000210489811,53.347375980299624],[-6.295144471034288,53.34687935687145]]]}},{"id":"15716","type":"Feature","properties":{},"geometry":{"type":"Polygon","coordinates":[[[-6.316231501451862,53.320476711474996],[-6.315079842584926,53.31912995281024],[-6.315789069432424,53.31736739618354],[-6.317519575464927,53.317748239380215],[-6.317730731276998,53.319231203205526],[-6.316231501451862,53.320476711474996]]]}},{"id":"15735","type":"Feature","properties":{},"geometry":{"type":"Polygon","coordinates":[[[-6.203533076378052,53.39941570665464],[-6.20325286956466,53.39875730706294],[-6.205118826013662,53.396474648012884],[-6.209028792416229,53.39731725639455],[-6.207808417463924,53.397749290113126],[-6.206466597533969,53.39747981579997],[-6.205378678686511,53.40068036657547],[-6.204529287691486,53.3994008179881],[-6.203533076378052,53.39941570665464]]]}},{"id":"15737","type":"Feature","properties":{},"geometry":{"type":"Polygon","coordinates":[[[-6.19512982863475,53.380801791583735],[-6.195906945747379,53.379302631669766],[-6.195019200210447,53.37847073816188],[-6.195594982165818,53.37776468823975],[-6.199431290118154,53.38034132427255],[-6.19512982863475,53.380801791583735]]]}},{"id":"15742","type":"Feature","properties":{},"geometry":{"type":"Polygon","coordinates":[[[-6.2337828840646585,53.376768968654766],[-6.230228604135439,53.37498788333776],[-6.233311408073137,53.37534654270705],[-6.233628723055236,53.37456984010895],[-6.235536945604764,53.37476104017906],[-6.234594673379713,53.37497744361704],[-6.2337828840646585,53.376768968654766]]]}},{"id":"15746","type":"Feature","properties":{},"geometry":{"type":"Polygon","coordinates":[[[-6.2911033831216185,53.33472873937367],[-6.290959515891164,53.333807915936205],[-6.292279247631253,53.33449222142475],[-6.2911033831216185,53.33472873937367]]]}},{"id":"15752","type":"Feature","properties":{},"geometry":{"type":"Polygon","coordinates":[[[-6.260967445699624,53.31607599918039],[-6.2634394431693945,53.31596058401714],[-6.263850558814382,53.31706665572104],[-6.2606480185492455,53.31737475856237],[-6.260967445699624,53.31607599918039]]]}},{"id":"15753","type":"Feature","properties":{},"geometry":{"type":"Polygon","coordinates":[[[-6.327357043061838,53.32719267120737],[-6.32758487588428,53.32657527666936],[-6.326431052479559,53.325673753188156],[-6.326958000981608,53.32470133928639],[-6.330455119209019,53.32652132426069],[-6.329686109207743,53.327774269262456],[-6.327357043061838,53.32719267120737]]]}},{"id":"15757","type":"Feature","properties":{},"geometry":{"type":"Polygon","coordinates":[[[-6.2779544476763585,53.31777191059996],[-6.279816210037496,53.31650469192632],[-6.280619307893381,53.31670664024916],[-6.279173203993026,53.318559495279665],[-6.2779544476763585,53.31777191059996]]]}},{"id":"15762","type":"Feature","properties":{},"geometry":{"type":"Polygon","coordinates":[[[-6.214614720974875,53.393875158024436],[-6.21494914389411,53.39183763777014],[-6.217217308254079,53.39222369871059],[-6.215707075783962,53.394168702685384],[-6.214614720974875,53.393875158024436]]]}},{"id":"15764","type":"Feature","properties":{},"geometry":{"type":"Polygon","coordinates":[[[-6.2940508443202505,53.33634187096329],[-6.292503315091499,53.335963353924164],[-6.292220257660089,53.33547030542559],[-6.293595960145991,53.33501737069673],[-6.2947699629114116,53.33530574160823],[-6.2940508443202505,53.33634187096329]]]}},{"id":"15771","type":"Feature","properties":{},"geometry":{"type":"Polygon","coordinates":[[[-6.30679262084436,53.38040356460695],[-6.306478395639204,53.379318388709876],[-6.307988930154342,53.379369814313414],[-6.308602726250172,53.37794311195301],[-6.310509993385196,53.37809842938009],[-6.31067795865039,53.380377593303734],[-6.30679262084436,53.38040356460695]]]}},{"id":"15775","type":"Feature","properties":{},"geometry":{"type":"Polygon","coordinates":[[[-6.324824884612807,53.37358649171466],[-6.327253073666125,53.37340996103224],[-6.326710965441073,53.371751825416936],[-6.3276913000052994,53.37137301592406],[-6.329863830508131,53.37157723042761],[-6.330468736474423,53.373551456025],[-6.324980774074527,53.374166975918634],[-6.324824884612807,53.37358649171466]]]}},{"id":"15777","type":"Feature","properties":{},"geometry":{"type":"Polygon","coordinates":[[[-6.3245693806507495,53.333491195262326],[-6.326436906487538,53.33301499509056],[-6.32710007280371,53.33165623543845],[-6.328518677248215,53.3320094331731],[-6.327105998215131,53.33448132334136],[-6.324947827719882,53.33473421102844],[-6.3245693806507495,53.333491195262326]]]}},{"id":"15791","type":"Feature","properties":{},"geometry":{"type":"Polygon","coordinates":[[[-6.271968890430075,53.38623685215109],[-6.270817628369042,53.38423061237655],[-6.276353237999862,53.38342605128714],[-6.278540411952765,53.385677013376785],[-6.274907436970533,53.38607845782195],[-6.274881214633067,53.385027475807185],[-6.273502822619289,53.38477395544997],[-6.272841193990548,53.38634156014205],[-6.271968890430075,53.38623685215109]]]}},{"id":"15792","type":"Feature","properties":{},"geometry":{"type":"Polygon","coordinates":[[[-6.321033215201765,53.32482625700057],[-6.324149474194227,53.32454484372107],[-6.324759056886669,53.32571858384374],[-6.322031898395813,53.32631191561355],[-6.321033215201765,53.32482625700057]]]}},{"id":"15793","type":"Feature","properties":{},"geometry":{"type":"Polygon","coordinates":[[[-6.278848686753187,53.360463978229454],[-6.278338761852622,53.359813912189274],[-6.281582454284366,53.358909254356426],[-6.282621569545064,53.360522426945266],[-6.278848686753187,53.360463978229454]]]}},{"id":"15794","type":"Feature","properties":{},"geometry":{"type":"Polygon","coordinates":[[[-6.2462314525561915,53.39167399774377],[-6.245017628589715,53.38857867678956],[-6.243990174731144,53.387977111564744],[-6.244416838177619,53.387710563594],[-6.24624644330348,53.38978701041702],[-6.249130739227079,53.38961310005789],[-6.249340665895479,53.39059552812583],[-6.250372127374817,53.3910198871708],[-6.2462314525561915,53.39167399774377]]]}},{"id":"15809","type":"Feature","properties":{},"geometry":{"type":"Polygon","coordinates":[[[-6.271680877357118,53.31749585217497],[-6.275677294053639,53.316251071428866],[-6.2767612501794146,53.31631380813249],[-6.277089026913508,53.3168659745575],[-6.271680877357118,53.31749585217497]]]}},{"id":"15811","type":"Feature","properties":{},"geometry":{"type":"Polygon","coordinates":[[[-6.298406993142849,53.38237209811054],[-6.297340612072261,53.38014604548468],[-6.300022154685631,53.37931543387163],[-6.299738347306851,53.38073612625686],[-6.302242286300231,53.38090958285498],[-6.303206823392543,53.382385629757685],[-6.301676430537056,53.38307453648287],[-6.299821267940748,53.38305923440953],[-6.298406993142849,53.38237209811054]]]}},{"id":"15812","type":"Feature","properties":{},"geometry":{"type":"Polygon","coordinates":[[[-6.3704853928342295,53.34362489760662],[-6.356093906647879,53.34258424730357],[-6.356272378784593,53.34109883393677],[-6.3539833051494155,53.33772917674837],[-6.3606886351705905,53.337481740152604],[-6.361804251637174,53.34163656084358],[-6.3693671696443825,53.34300934912726],[-6.3704853928342295,53.34362489760662]]]}},{"id":"15814","type":"Feature","properties":{},"geometry":{"type":"Polygon","coordinates":[[[-6.222768875710927,53.3791319618537],[-6.218587604852438,53.37726785613361],[-6.2170363982402925,53.37780775368663],[-6.218652884870592,53.376839692260376],[-6.223673302731997,53.378590913156096],[-6.222768875710927,53.3791319618537]]]}},{"id":"15825","type":"Feature","properties":{},"geometry":{"type":"Polygon","coordinates":[[[-6.195392045281284,53.3864726615868],[-6.197190884678125,53.38564789473025],[-6.196268357981163,53.385388957971166],[-6.197333431943857,53.384277125966236],[-6.20147911737786,53.38511145282803],[-6.200452172987085,53.38626627508852],[-6.201259697079547,53.38661302192874],[-6.198913289565807,53.38833589876634],[-6.195392045281284,53.3864726615868]]]}},{"id":"15829","type":"Feature","properties":{},"geometry":{"type":"Polygon","coordinates":[[[-6.318873511230589,53.341639972699895],[-6.3201944216279555,53.3406818028277],[-6.326319432250162,53.33950284638633],[-6.327273446007694,53.34118405450112],[-6.324517894143041,53.341687348979235],[-6.318873511230589,53.341639972699895]]]}},{"id":"15830","type":"Feature","properties":{},"geometry":{"type":"Polygon","coordinates":[[[-6.211685882754264,53.32095095771598],[-6.2154732653915605,53.3204609204137],[-6.219222043919891,53.323127464708854],[-6.2163854439863435,53.32446028618669],[-6.211685882754264,53.32095095771598]]]}},{"id":"15873","type":"Feature","properties":{},"geometry":{"type":"Polygon","coordinates":[[[-6.25948241280849,53.30854632798322],[-6.259797454238587,53.30630114183413],[-6.260918810340618,53.30603031097071],[-6.263633679758333,53.306743934975174],[-6.265898206361989,53.306595682550615],[-6.266325925539547,53.30746850348541],[-6.2606118270232445,53.309269562786966],[-6.25948241280849,53.30854632798322]]]}},{"id":"15878","type":"Feature","properties":{},"geometry":{"type":"Polygon","coordinates":[[[-6.260569859117564,53.32519453004926],[-6.262692458017946,53.324543030169544],[-6.262168430176278,53.3238776175226],[-6.26387258262066,53.32333643226533],[-6.263875996209845,53.32271438572731],[-6.265657821012961,53.32250380202087],[-6.265201640988457,53.32502825499086],[-6.260569859117564,53.32519453004926]]]}},{"id":"15879","type":"Feature","properties":{},"geometry":{"type":"Polygon","coordinates":[[[-6.279458681313997,53.36237700492876],[-6.27674256871922,53.361992715404305],[-6.279494765049954,53.3621907441893],[-6.279458681313997,53.36237700492876]]]}},{"id":"15881","type":"Feature","properties":{},"geometry":{"type":"Polygon","coordinates":[[[-6.242266766032259,53.341420469358326],[-6.242649234632943,53.34105132511411],[-6.24149888977448,53.34094581447742],[-6.241763975562474,53.339705510204574],[-6.243147893492089,53.34029820043725],[-6.243168647092461,53.3411427895095],[-6.242266766032259,53.341420469358326]]]}},{"id":"15884","type":"Feature","properties":{},"geometry":{"type":"Polygon","coordinates":[[[-6.296234453979822,53.318373110415855],[-6.295538876579293,53.317652492068184],[-6.296794043909672,53.3156167297535],[-6.296422152406121,53.3164946618806],[-6.298895793156184,53.3184366850502],[-6.301568019026369,53.319143246825114],[-6.300625513321255,53.31956423509287],[-6.298290718697157,53.319237630205286],[-6.297207605046665,53.31811403848562],[-6.296234453979822,53.318373110415855]]]}},{"id":"15886","type":"Feature","properties":{},"geometry":{"type":"Polygon","coordinates":[[[-6.2578005781009525,53.37410688360951],[-6.256569014302093,53.374058555044336],[-6.258220279346176,53.37163204784133],[-6.258810353865583,53.371794642281564],[-6.257930777019767,53.37282589756002],[-6.261137672649699,53.373182961383094],[-6.259127362127135,53.37365581770105],[-6.25821307664669,53.373291690737354],[-6.257325503193202,53.37367912557471],[-6.2578005781009525,53.37410688360951]]]}},{"id":"15893","type":"Feature","properties":{},"geometry":{"type":"Polygon","coordinates":[[[-6.237043327687835,53.343029006895605],[-6.236723604218602,53.342198513471956],[-6.2372574588742955,53.3422654007535],[-6.237043327687835,53.343029006895605]]]}},{"id":"15907","type":"Feature","properties":{},"geometry":{"type":"Polygon","coordinates":[[[-6.232404905383464,53.335321407566056],[-6.235154880922685,53.334702723742076],[-6.2357396881145295,53.33530852061801],[-6.233130187474204,53.33609872563577],[-6.232404905383464,53.335321407566056]]]}},{"id":"15913","type":"Feature","properties":{},"geometry":{"type":"Polygon","coordinates":[[[-6.233006497597369,53.34631610377844],[-6.233338394110694,53.344452609302046],[-6.234560465762707,53.34460454721116],[-6.2350493857038165,53.342864728675586],[-6.237043327687835,53.343029006895605],[-6.2372574588742955,53.3422654007535],[-6.238827578257104,53.34244031831959],[-6.2383749759314915,53.34429198969269],[-6.23622392349663,53.344101720658884],[-6.235861267569375,53.34650582983157],[-6.233006497597369,53.34631610377844]]]}},{"id":"15914","type":"Feature","properties":{},"geometry":{"type":"Polygon","coordinates":[[[-6.326137130886989,53.32781906808844],[-6.327357043061838,53.32719267120737],[-6.329686109207743,53.327774269262456],[-6.3277967851854156,53.32810027485282],[-6.3269921964948,53.32916044974243],[-6.326137130886989,53.32781906808844]]]}},{"id":"15915","type":"Feature","properties":{},"geometry":{"type":"Polygon","coordinates":[[[-6.171088976940757,53.37719942839586],[-6.172607961066296,53.37604349381838],[-6.172680434978439,53.376556445331246],[-6.174808819573656,53.37746094133671],[-6.175739186366995,53.37759281257179],[-6.177318767263838,53.37673027110057],[-6.1777182579509855,53.377017504175264],[-6.17511829126441,53.37872041794332],[-6.171088976940757,53.37719942839586]]]}},{"id":"15919","type":"Feature","properties":{},"geometry":{"type":"Polygon","coordinates":[[[-6.252604655899611,53.35300988202508],[-6.255567665086815,53.35234405818187],[-6.256054029426266,53.35302489874615],[-6.252963107812949,53.353654006156326],[-6.252604655899611,53.35300988202508]]]}},{"id":"15928","type":"Feature","properties":{},"geometry":{"type":"Polygon","coordinates":[[[-6.291730867399485,53.389947017432284],[-6.291475549760749,53.38838211849486],[-6.284346295917809,53.38757718571538],[-6.283316227971646,53.38858997657063],[-6.2825508030265675,53.388431706021514],[-6.283359270718562,53.387332424851714],[-6.282066176390645,53.38717122581479],[-6.28225370539417,53.386503840221415],[-6.280961049995154,53.38610860496554],[-6.279320219457913,53.38686294851329],[-6.2784359042969005,53.38534335323208],[-6.280638610218422,53.384049961511444],[-6.286075392341098,53.38459728480989],[-6.291666202566942,53.3875433812935],[-6.293564871959248,53.38976692136035],[-6.291730867399485,53.389947017432284]]]}},{"id":"15937","type":"Feature","properties":{},"geometry":{"type":"Polygon","coordinates":[[[-6.2667591523590085,53.35206278262385],[-6.2671928535432935,53.35133434991675],[-6.269167988699583,53.35205977517721],[-6.268347698590955,53.352923529238026],[-6.2667591523590085,53.35206278262385]]]}},{"id":"15938","type":"Feature","properties":{},"geometry":{"type":"Polygon","coordinates":[[[-6.223438323101437,53.328022417099525],[-6.224141988088278,53.32764564786006],[-6.223088522845112,53.326877989558845],[-6.224298199436211,53.32644492208446],[-6.226933291073583,53.32787385555859],[-6.225487826446324,53.32897497673473],[-6.223438323101437,53.328022417099525]]]}},{"id":"15950","type":"Feature","properties":{},"geometry":{"type":"Polygon","coordinates":[[[-6.2936778360366,53.35497551925609],[-6.294768706874062,53.35429044100615],[-6.295547370120495,53.35472546108594],[-6.2966523711924625,53.35443364222362],[-6.295919366955202,53.35575224861594],[-6.2936778360366,53.35497551925609]]]}},{"id":"15960","type":"Feature","properties":{},"geometry":{"type":"Polygon","coordinates":[[[-6.235799488648952,53.33289273921421],[-6.23536903154136,53.33228346413267],[-6.235951860211164,53.33209456933944],[-6.237813248704311,53.33231370835775],[-6.237593721713473,53.33303711338646],[-6.235799488648952,53.33289273921421]]]}},{"id":"15964","type":"Feature","properties":{},"geometry":{"type":"Polygon","coordinates":[[[-6.247225086882003,53.386573327145115],[-6.247623954147161,53.38451098216971],[-6.249074751209073,53.38541043562554],[-6.249876435555124,53.384476791497484],[-6.2494561647132745,53.38669372985216],[-6.247225086882003,53.386573327145115]]]}},{"id":"15970","type":"Feature","properties":{},"geometry":{"type":"Polygon","coordinates":[[[-6.235409501857006,53.35880397511634],[-6.236721227260012,53.35820464197358],[-6.240022129605727,53.359705234518984],[-6.238745206167073,53.36085060765731],[-6.235409501857006,53.35880397511634]]]}},{"id":"15998","type":"Feature","properties":{},"geometry":{"type":"Polygon","coordinates":[[[-6.264784692293045,53.34414957461132],[-6.267220264509511,53.34411146824186],[-6.267499318016948,53.34495940515654],[-6.264917720631564,53.34542956461464],[-6.264784692293045,53.34414957461132]]]}},{"id":"16013","type":"Feature","properties":{},"geometry":{"type":"Polygon","coordinates":[[[-6.26733040873589,53.34009666788749],[-6.266959665411643,53.33937342915318],[-6.269239477099676,53.33923617361565],[-6.269497073859026,53.33963739165976],[-6.26733040873589,53.34009666788749]]]}},{"id":"16027","type":"Feature","properties":{},"geometry":{"type":"Polygon","coordinates":[[[-6.270817628369042,53.38423061237655],[-6.266481302648953,53.38345727783815],[-6.266783555469077,53.38228641623207],[-6.271776436762927,53.38352584188057],[-6.272671372349768,53.382798702963804],[-6.274131317924297,53.38265398400564],[-6.274289084547179,53.38191401440883],[-6.276182192092106,53.381622843826435],[-6.276353237999862,53.38342605128714],[-6.270817628369042,53.38423061237655]]]}},{"id":"16030","type":"Feature","properties":{},"geometry":{"type":"Polygon","coordinates":[[[-6.151586648039759,53.40243668268292],[-6.151281235198456,53.401860457080296],[-6.152974928667382,53.40188298949741],[-6.153058065444919,53.40258576801114],[-6.151586648039759,53.40243668268292]]]}},{"id":"16031","type":"Feature","properties":{},"geometry":{"type":"Polygon","coordinates":[[[-6.28760233943034,53.307758754112584],[-6.2939780030035255,53.303850017075256],[-6.294839404499264,53.30416078734282],[-6.292018252348198,53.3059050456656],[-6.293822724070987,53.30901999354104],[-6.290908306967892,53.309955902770824],[-6.287701227866402,53.3083726889162],[-6.28760233943034,53.307758754112584]]]}},{"id":"16036","type":"Feature","properties":{},"geometry":{"type":"Polygon","coordinates":[[[-6.302978124137225,53.32168476502916],[-6.303224559344159,53.321312218134274],[-6.301209162826222,53.32029249549047],[-6.301568019026369,53.319143246825114],[-6.305092086360686,53.3217073169469],[-6.302978124137225,53.32168476502916]]]}},{"id":"16037","type":"Feature","properties":{},"geometry":{"type":"Polygon","coordinates":[[[-6.257800203657036,53.36676233694529],[-6.258006912421863,53.36624391952812],[-6.261774345211767,53.3667919775439],[-6.261517790914646,53.36751809969417],[-6.257800203657036,53.36676233694529]]]}},{"id":"16043","type":"Feature","properties":{},"geometry":{"type":"Polygon","coordinates":[[[-6.2693804288483435,53.31484906714853],[-6.269194017997103,53.31280048020686],[-6.274257834691375,53.311976509314405],[-6.273189219020479,53.31333561677755],[-6.270001696066681,53.313767611443744],[-6.270002207352882,53.314791800008976],[-6.2693804288483435,53.31484906714853]]]}},{"id":"16050","type":"Feature","properties":{},"geometry":{"type":"Polygon","coordinates":[[[-6.19015597009204,53.39215627888069],[-6.190861765582784,53.39070268293734],[-6.179257311958575,53.391556169776685],[-6.178717528950401,53.39107943560914],[-6.192856718764868,53.38999591985245],[-6.195213949046718,53.3912828246401],[-6.1922432674939225,53.39285820885658],[-6.19015597009204,53.39215627888069]]]}},{"id":"16067","type":"Feature","properties":{},"geometry":{"type":"Polygon","coordinates":[[[-6.260567514981846,53.373566164318134],[-6.26108122232073,53.370831540854205],[-6.259906027671619,53.3704703205183],[-6.258810353865583,53.371794642281564],[-6.258220279346176,53.37163204784133],[-6.259422637228707,53.370234794186445],[-6.2583670556462865,53.369445852287214],[-6.258779477922518,53.36894906803362],[-6.2617896452754245,53.369898796029645],[-6.261644703254628,53.37398341961529],[-6.260567514981846,53.373566164318134]]]}},{"id":"16091","type":"Feature","properties":{},"geometry":{"type":"Polygon","coordinates":[[[-6.237427085974256,53.36722253513976],[-6.237225896700053,53.36580833000093],[-6.239805826043959,53.365784070892815],[-6.239873863508424,53.367469887475174],[-6.237427085974256,53.36722253513976]]]}},{"id":"16131","type":"Feature","properties":{},"geometry":{"type":"Polygon","coordinates":[[[-6.256889181969891,53.354200631034615],[-6.2584231509820425,53.35381168092845],[-6.259073271355039,53.35446032143537],[-6.257466614893608,53.35501046548278],[-6.256889181969891,53.354200631034615]]]}},{"id":"16156","type":"Feature","properties":{},"geometry":{"type":"Polygon","coordinates":[[[-6.317304078213876,53.33239111065202],[-6.320050482397668,53.330849367715295],[-6.321551835075946,53.33203897500307],[-6.320647915878781,53.3328392139225],[-6.317625292304084,53.33311713928238],[-6.317304078213876,53.33239111065202]]]}},{"id":"16165","type":"Feature","properties":{},"geometry":{"type":"Polygon","coordinates":[[[-6.321933362460847,53.37746603142028],[-6.320496761303823,53.3784740017938],[-6.318195251373988,53.3778830794481],[-6.319486628495888,53.37682334859881],[-6.321933362460847,53.37746603142028]]]}},{"id":"16168","type":"Feature","properties":{},"geometry":{"type":"Polygon","coordinates":[[[-6.170232253039278,53.40153817854536],[-6.169555830814122,53.40129083554275],[-6.170036591754425,53.399382666140106],[-6.171176614171242,53.399350756033286],[-6.170675831597335,53.400054720988095],[-6.172245104740996,53.40034167153338],[-6.172217519295377,53.401662284429605],[-6.174248828133846,53.40177667108119],[-6.174303417593141,53.40097316455807],[-6.17497660118714,53.401508555405094],[-6.175753609882747,53.40101499177259],[-6.177516658614583,53.401803370498655],[-6.1761265485308625,53.40225559110035],[-6.172474251796697,53.402022164198314],[-6.170977904977759,53.400756319011045],[-6.170232253039278,53.40153817854536]]]}},{"id":"16169","type":"Feature","properties":{},"geometry":{"type":"Polygon","coordinates":[[[-6.253441357263043,53.361500363508405],[-6.253587368190747,53.36111878942728],[-6.2575644291441765,53.36170727164408],[-6.257312748652596,53.36199492753116],[-6.253441357263043,53.361500363508405]]]}},{"id":"16176","type":"Feature","properties":{},"geometry":{"type":"Polygon","coordinates":[[[-6.353983348886631,53.33772683238223],[-6.354155893286364,53.33593996040967],[-6.363667237491643,53.33514642850194],[-6.363742277886856,53.335470261486456],[-6.355547559607552,53.33632675262576],[-6.355374943298536,53.33752617131307],[-6.353983348886631,53.33772683238223]]]}},{"id":"16185","type":"Feature","properties":{},"geometry":{"type":"Polygon","coordinates":[[[-6.286175135649423,53.322859297902056],[-6.289004932645703,53.321554116144824],[-6.289470905418569,53.3220127627782],[-6.289675046582393,53.322602730338396],[-6.287536069080998,53.3235910230728],[-6.286175135649423,53.322859297902056]]]}},{"id":"16221","type":"Feature","properties":{},"geometry":{"type":"Polygon","coordinates":[[[-6.296857964248698,53.341649396477386],[-6.298573829286721,53.34141705209357],[-6.298693893587029,53.34187363336593],[-6.297046892014505,53.342157060245725],[-6.296857964248698,53.341649396477386]]]}},{"id":"16222","type":"Feature","properties":{},"geometry":{"type":"Polygon","coordinates":[[[-6.3014043606675285,53.36096374142972],[-6.302764981019614,53.36171227376745],[-6.30239309822318,53.36201139071395],[-6.300942967808559,53.36146796308886],[-6.3014043606675285,53.36096374142972]]]}},{"id":"16228","type":"Feature","properties":{},"geometry":{"type":"Polygon","coordinates":[[[-6.265407668731926,53.356086734639305],[-6.266394157327386,53.3562801319732],[-6.266944826724265,53.35552450296268],[-6.268268636853262,53.35560760132804],[-6.267944251508496,53.35674978231875],[-6.265407668731926,53.356086734639305]]]}},{"id":"16242","type":"Feature","properties":{},"geometry":{"type":"Polygon","coordinates":[[[-6.323465901818488,53.32997983561413],[-6.32189699776227,53.32903599683221],[-6.323390001126388,53.32840074536478],[-6.324613482407465,53.328731042859395],[-6.325152832277655,53.32958832717739],[-6.323465901818488,53.32997983561413]]]}},{"id":"16246","type":"Feature","properties":{},"geometry":{"type":"Polygon","coordinates":[[[-6.303555427450169,53.36126800002462],[-6.302155760429218,53.36038827097012],[-6.303323494962617,53.35914326521617],[-6.3058417018029,53.35987270466663],[-6.305372313064432,53.361080188165076],[-6.303555427450169,53.36126800002462]]]}},{"id":"16261","type":"Feature","properties":{},"geometry":{"type":"Polygon","coordinates":[[[-6.251996907398382,53.3525999572635],[-6.253703932534253,53.352012610774864],[-6.254089923293981,53.35267414012402],[-6.252604655899611,53.35300988202508],[-6.251996907398382,53.3525999572635]]]}},{"id":"16266","type":"Feature","properties":{},"geometry":{"type":"Polygon","coordinates":[[[-6.3245693806507495,53.333491195262326],[-6.325837356792651,53.33102011663324],[-6.32710007280371,53.33165623543845],[-6.326436906487538,53.33301499509056],[-6.3245693806507495,53.333491195262326]]]}},{"id":"16267","type":"Feature","properties":{},"geometry":{"type":"Polygon","coordinates":[[[-6.263270383085963,53.3365114119251],[-6.263266355215756,53.33474099111558],[-6.26525994807214,53.33471528706547],[-6.26566930859932,53.33642466072107],[-6.263270383085963,53.3365114119251]]]}},{"id":"16277","type":"Feature","properties":{},"geometry":{"type":"Polygon","coordinates":[[[-6.257287124302609,53.36069253750119],[-6.258426709186303,53.35959848887292],[-6.2593892917772225,53.36053184542306],[-6.258993904991648,53.361084732425894],[-6.257287124302609,53.36069253750119]]]}},{"id":"16279","type":"Feature","properties":{},"geometry":{"type":"Polygon","coordinates":[[[-6.252700453230764,53.324322802784486],[-6.250805960733794,53.32368654868295],[-6.2529683282435515,53.321104564002106],[-6.252700453230764,53.324322802784486]]]}},{"id":"16280","type":"Feature","properties":{},"geometry":{"type":"Polygon","coordinates":[[[-6.218956410680901,53.38855662531472],[-6.219157946903142,53.38825427918429],[-6.216035429071314,53.387922601733734],[-6.216772786988809,53.38645097598845],[-6.220954280975119,53.38689619631756],[-6.220347309371355,53.388709766317966],[-6.218956410680901,53.38855662531472]]]}},{"id":"16281","type":"Feature","properties":{},"geometry":{"type":"Polygon","coordinates":[[[-6.292766644695324,53.33106917204051],[-6.293350975263543,53.33084628761499],[-6.291407335312283,53.32802696031589],[-6.293311313771568,53.3277166953918],[-6.295558804860744,53.330264524439876],[-6.2965557015173195,53.32986749613234],[-6.296996315765233,53.330602568244224],[-6.293901380525626,53.33185853478429],[-6.292766644695324,53.33106917204051]]]}},{"id":"16283","type":"Feature","properties":{},"geometry":{"type":"Polygon","coordinates":[[[-6.230604081980529,53.349930428723525],[-6.231812976927065,53.349782132540255],[-6.232022521075278,53.348505693825814],[-6.23263298463166,53.34854302394839],[-6.232783027444179,53.35007787846358],[-6.230604081980529,53.349930428723525]]]}},{"id":"16291","type":"Feature","properties":{},"geometry":{"type":"Polygon","coordinates":[[[-6.250371095543954,53.35747094789964],[-6.249768106610538,53.35702819461744],[-6.252570843702622,53.355774049684506],[-6.252708870749259,53.35657769362589],[-6.250371095543954,53.35747094789964]]]}},{"id":"16294","type":"Feature","properties":{},"geometry":{"type":"Polygon","coordinates":[[[-6.2812190919032105,53.34319148350253],[-6.279113164126564,53.34280780404858],[-6.279094007794232,53.34223743092097],[-6.28177482375366,53.34221989437973],[-6.2812190919032105,53.34319148350253]]]}},{"id":"16295","type":"Feature","properties":{},"geometry":{"type":"Polygon","coordinates":[[[-6.315242937367871,53.321585489052985],[-6.316231501451862,53.320476711474996],[-6.320008999825801,53.322834453199334],[-6.318878513018711,53.3234868606198],[-6.315242937367871,53.321585489052985]]]}},{"id":"16306","type":"Feature","properties":{},"geometry":{"type":"Polygon","coordinates":[[[-6.3118517540709105,53.33625164947906],[-6.314196754141998,53.33597775054549],[-6.314106704402732,53.3374680906896],[-6.312607106911198,53.33770416384561],[-6.312645437168179,53.33703911347055],[-6.3115833325646635,53.336836397924195],[-6.3118517540709105,53.33625164947906]]]}},{"id":"16313","type":"Feature","properties":{},"geometry":{"type":"Polygon","coordinates":[[[-6.303122792394384,53.36928113993784],[-6.301231450837438,53.36861716991874],[-6.301302496936734,53.367354005989746],[-6.302627301969644,53.367463248973436],[-6.304734245303071,53.368593799430016],[-6.303122792394384,53.36928113993784]]]}},{"id":"16315","type":"Feature","properties":{},"geometry":{"type":"Polygon","coordinates":[[[-6.2940508443202505,53.33634187096329],[-6.2947699629114116,53.33530574160823],[-6.295469957641371,53.3354764971019],[-6.294709613710287,53.3365808540291],[-6.2940508443202505,53.33634187096329]]]}},{"id":"16318","type":"Feature","properties":{},"geometry":{"type":"Polygon","coordinates":[[[-6.270979831878882,53.3606688931096],[-6.272690224224733,53.360794652928924],[-6.272734063268172,53.362496353694276],[-6.271053235414026,53.36252713634796],[-6.270391965648438,53.36379217075097],[-6.270979831878882,53.3606688931096]]]}},{"id":"16320","type":"Feature","properties":{},"geometry":{"type":"Polygon","coordinates":[[[-6.286223551225565,53.39715818826883],[-6.282894218892211,53.395860005377635],[-6.284637527983738,53.39391937235545],[-6.28523267415833,53.39449547129247],[-6.284462685473758,53.395483731320134],[-6.286581695258791,53.3961501389455],[-6.287666384305066,53.395656361525106],[-6.288658767576451,53.395889890906055],[-6.286223551225565,53.39715818826883]]]}},{"id":"16331","type":"Feature","properties":{},"geometry":{"type":"Polygon","coordinates":[[[-6.202565790818803,53.395748884667306],[-6.195213949046718,53.3912828246401],[-6.197572391017158,53.3894231677293],[-6.205270837441549,53.39193850660279],[-6.204433063033515,53.39266401231664],[-6.2056127407343915,53.39344934680329],[-6.202565790818803,53.395748884667306]]]}},{"id":"16341","type":"Feature","properties":{},"geometry":{"type":"Polygon","coordinates":[[[-6.2786279277513115,53.39256225275897],[-6.278679288255423,53.39213013907175],[-6.271339582580775,53.39125185669988],[-6.272248222208143,53.392112718622165],[-6.270013717018528,53.391897169906095],[-6.2667158371891585,53.3908719056472],[-6.266839446450888,53.390418204379664],[-6.27870896282198,53.391617620325384],[-6.279288798896469,53.39059395701796],[-6.279365297140966,53.39257584085711],[-6.2786279277513115,53.39256225275897]]]}},{"id":"16352","type":"Feature","properties":{},"geometry":{"type":"Polygon","coordinates":[[[-6.333521993791092,53.317111903330485],[-6.336300080477181,53.317154753367504],[-6.336044508491483,53.318216990669946],[-6.33518299368077,53.318447314021185],[-6.333521993791092,53.317111903330485]]]}},{"id":"16353","type":"Feature","properties":{},"geometry":{"type":"Polygon","coordinates":[[[-6.21259688442642,53.326493962734105],[-6.21165398554288,53.32444951022028],[-6.212304375889182,53.32431072048468],[-6.214630984284836,53.32683580394815],[-6.211780474903843,53.3271575586986],[-6.211266614161717,53.32666627051746],[-6.21259688442642,53.326493962734105]]]}},{"id":"16354","type":"Feature","properties":{},"geometry":{"type":"Polygon","coordinates":[[[-6.18224391751343,53.36829633439251],[-6.181781377269676,53.36775324991735],[-6.1827792415779,53.36570403217017],[-6.183552466568161,53.365626408089845],[-6.184006674904747,53.3664953698416],[-6.186487465889267,53.36676771547263],[-6.185167006450529,53.36895596718594],[-6.18224391751343,53.36829633439251]]]}},{"id":"16358","type":"Feature","properties":{},"geometry":{"type":"Polygon","coordinates":[[[-6.174359136883192,53.39536897977587],[-6.174675968465651,53.39198499753892],[-6.178647781863716,53.39316242142877],[-6.1785378823635515,53.39421013956114],[-6.176012563679067,53.39457680949385],[-6.176078090935827,53.395388066936015],[-6.174359136883192,53.39536897977587]]]}},{"id":"16366","type":"Feature","properties":{},"geometry":{"type":"Polygon","coordinates":[[[-6.28746061641679,53.33527964771153],[-6.2862556378807835,53.334083123723026],[-6.287521200852724,53.3323912495129],[-6.289133010957029,53.33240943304965],[-6.291333596767203,53.3334615975127],[-6.289566427635601,53.335501215063935],[-6.28746061641679,53.33527964771153]]]}},{"id":"16370","type":"Feature","properties":{},"geometry":{"type":"Polygon","coordinates":[[[-6.34347319942582,53.341209308127674],[-6.346967578332528,53.34020822758677],[-6.346627270503225,53.34126734145049],[-6.3450168045445094,53.34172322840949],[-6.34347319942582,53.341209308127674]]]}},{"id":"16376","type":"Feature","properties":{},"geometry":{"type":"Polygon","coordinates":[[[-6.331044629866049,53.37559674431014],[-6.3299843957876005,53.37205650318085],[-6.3318215195603225,53.37276462675208],[-6.332803176525676,53.3755077144241],[-6.331044629866049,53.37559674431014]]]}},{"id":"16400","type":"Feature","properties":{},"geometry":{"type":"Polygon","coordinates":[[[-6.215940056617271,53.365995118853576],[-6.217296739785882,53.363571696236],[-6.219267704253221,53.36394530794933],[-6.217859146582842,53.366502179483625],[-6.215940056617271,53.365995118853576]]]}},{"id":"16405","type":"Feature","properties":{},"geometry":{"type":"Polygon","coordinates":[[[-6.237182009310557,53.387928502077045],[-6.238722777120878,53.387854247930754],[-6.242597552708774,53.387528324546686],[-6.242425306068542,53.388206311969746],[-6.241487736483328,53.38816907086011],[-6.241148868617345,53.389354153964646],[-6.239859676100251,53.38894681124358],[-6.237126263284701,53.389480829322224],[-6.237182009310557,53.387928502077045]]]}},{"id":"16419","type":"Feature","properties":{},"geometry":{"type":"Polygon","coordinates":[[[-6.27674256871922,53.361992715404305],[-6.276848873095751,53.361547049073195],[-6.277079918344191,53.36091284337669],[-6.277795591842721,53.36204650334869],[-6.27674256871922,53.361992715404305]]]}},{"id":"16428","type":"Feature","properties":{},"geometry":{"type":"Polygon","coordinates":[[[-6.283112372121521,53.322119300378056],[-6.281710875232454,53.32085546921474],[-6.2804520821015855,53.32136061719441],[-6.27919854255881,53.32117415584041],[-6.281747868609626,53.31969864673757],[-6.283867751893079,53.321698363680255],[-6.283112372121521,53.322119300378056]]]}},{"id":"16431","type":"Feature","properties":{},"geometry":{"type":"Polygon","coordinates":[[[-6.289282863049843,53.310346735587444],[-6.285505765909295,53.309690041506066],[-6.284652202794633,53.30954761086148],[-6.28760233943034,53.307758754112584],[-6.287701227866402,53.3083726889162],[-6.290908306967892,53.309955902770824],[-6.289282863049843,53.310346735587444]]]}},{"id":"16443","type":"Feature","properties":{},"geometry":{"type":"Polygon","coordinates":[[[-6.289382648953309,53.39322477896445],[-6.289430690831659,53.39157360581377],[-6.292938827845586,53.391027616051474],[-6.293769344330971,53.391387523879075],[-6.2920380081109375,53.39163264675677],[-6.290495870640704,53.39317676796889],[-6.289382648953309,53.39322477896445]]]}},{"id":"16468","type":"Feature","properties":{},"geometry":{"type":"Polygon","coordinates":[[[-6.310710844026187,53.38064729425801],[-6.312817915275421,53.38089559620047],[-6.312917294216982,53.380282653466914],[-6.3143328334522195,53.380333051156896],[-6.313700460719443,53.38200249143676],[-6.3110829002439655,53.38209347033424],[-6.310710844026187,53.38064729425801]]]}},{"id":"16473","type":"Feature","properties":{},"geometry":{"type":"Polygon","coordinates":[[[-6.313995178776324,53.395778284978306],[-6.314592349670186,53.394511683815665],[-6.31303362007497,53.39414664901296],[-6.313419576303349,53.39351215876223],[-6.316166690533312,53.394051588732935],[-6.314674217803669,53.39582126388568],[-6.313995178776324,53.395778284978306]]]}},{"id":"16482","type":"Feature","properties":{},"geometry":{"type":"Polygon","coordinates":[[[-6.232083825450925,53.383569137581155],[-6.230214166251924,53.3823872935369],[-6.229824886831182,53.38121925049686],[-6.2330638348403875,53.38178538215619],[-6.2345655090721595,53.381148479440164],[-6.235195504689622,53.38148159284844],[-6.232421214435498,53.38264382107448],[-6.232083825450925,53.383569137581155]]]}},{"id":"16484","type":"Feature","properties":{},"geometry":{"type":"Polygon","coordinates":[[[-6.251016688524576,53.37074145863737],[-6.251083303831862,53.371412497205675],[-6.252008770274081,53.37150519627966],[-6.250928541145889,53.37322640773339],[-6.249558757344937,53.37283606011276],[-6.251016688524576,53.37074145863737]]]}},{"id":"16502","type":"Feature","properties":{},"geometry":{"type":"Polygon","coordinates":[[[-6.271377171344813,53.33231354002325],[-6.272513941132787,53.33218357272842],[-6.2726947372957635,53.33349077079018],[-6.271534367993376,53.333568527649625],[-6.271377171344813,53.33231354002325]]]}},{"id":"16507","type":"Feature","properties":{},"geometry":{"type":"Polygon","coordinates":[[[-6.276484922501549,53.36307050189489],[-6.2766867241741835,53.362213734502724],[-6.279458681313997,53.36237700492876],[-6.279920338150883,53.362005604315755],[-6.2805857332034805,53.36281736053047],[-6.276484922501549,53.36307050189489]]]}},{"id":"16513","type":"Feature","properties":{},"geometry":{"type":"Polygon","coordinates":[[[-6.294700077675697,53.35145608261777],[-6.294383710562498,53.350630537179974],[-6.294043666673171,53.348864249008315],[-6.295120877413314,53.34888734889255],[-6.29764181610313,53.35156028736122],[-6.2971141177122405,53.35188396718401],[-6.296320470101856,53.351054176177485],[-6.294700077675697,53.35145608261777]]]}},{"id":"16523","type":"Feature","properties":{},"geometry":{"type":"Polygon","coordinates":[[[-6.3326847230891685,53.33753999768902],[-6.332546527767654,53.33505534728738],[-6.327764122062788,53.334859320609276],[-6.328290617737706,53.33433648697723],[-6.346463601635213,53.332193409160084],[-6.347517733726024,53.33733734042681],[-6.3390522204007205,53.3389167486764],[-6.3326847230891685,53.33753999768902]]]}},{"id":"16527","type":"Feature","properties":{},"geometry":{"type":"Polygon","coordinates":[[[-6.316181697953486,53.32930874526291],[-6.316404461545108,53.327940364915335],[-6.317319865519008,53.326743137152086],[-6.31887570495096,53.3275231800323],[-6.3169979129062215,53.32940826568421],[-6.316181697953486,53.32930874526291]]]}},{"id":"16536","type":"Feature","properties":{},"geometry":{"type":"Polygon","coordinates":[[[-6.161113308813012,53.39013094243828],[-6.1606611122760695,53.38911418719432],[-6.1593426418679265,53.388840233183274],[-6.160414437236326,53.38804715384903],[-6.162638736849349,53.38891233732685],[-6.16669337834205,53.38900834445274],[-6.165356206618026,53.389569019857255],[-6.161984132707957,53.38916918125435],[-6.161113308813012,53.39013094243828]]]}},{"id":"16538","type":"Feature","properties":{},"geometry":{"type":"Polygon","coordinates":[[[-6.22073472665404,53.32782728098111],[-6.223088522845112,53.326877989558845],[-6.224141988088278,53.32764564786006],[-6.221776581350464,53.328627809626305],[-6.22073472665404,53.32782728098111]]]}},{"id":"16539","type":"Feature","properties":{},"geometry":{"type":"Polygon","coordinates":[[[-6.253092311475633,53.33045031732147],[-6.252544681048532,53.329571219104736],[-6.255791945911097,53.328859902146654],[-6.256333718791511,53.32975887120222],[-6.25758061462069,53.32948628852556],[-6.25874139837487,53.33078234109957],[-6.254895083097502,53.331603951015985],[-6.2540617312546996,53.33024042642424],[-6.253092311475633,53.33045031732147]]]}},{"id":"16541","type":"Feature","properties":{},"geometry":{"type":"Polygon","coordinates":[[[-6.248374189986971,53.35097911179241],[-6.2461083650259095,53.3508372767626],[-6.246213622055121,53.35002097624344],[-6.24886579060266,53.35024948142365],[-6.248374189986971,53.35097911179241]]]}},{"id":"16587","type":"Feature","properties":{},"geometry":{"type":"Polygon","coordinates":[[[-6.312401962812186,53.38920916130307],[-6.312590045341578,53.387849322593254],[-6.315563719617989,53.3881903714198],[-6.315383308666247,53.389896260783374],[-6.312401962812186,53.38920916130307]]]}},{"id":"16594","type":"Feature","properties":{},"geometry":{"type":"Polygon","coordinates":[[[-6.22228261023546,53.34406474004914],[-6.226373577016018,53.34291511157392],[-6.226622940392126,53.34484628617137],[-6.22228261023546,53.34406474004914]]]}},{"id":"16606","type":"Feature","properties":{},"geometry":{"type":"Polygon","coordinates":[[[-6.221927096659697,53.33604749110019],[-6.221781271457618,53.3340768425725],[-6.221920248605841,53.332822347933686],[-6.225039716664812,53.33410045442111],[-6.221927096659697,53.33604749110019]]]}},{"id":"16609","type":"Feature","properties":{},"geometry":{"type":"Polygon","coordinates":[[[-6.2939780030035255,53.303850017075256],[-6.2974563526017535,53.301713175449024],[-6.301200911595474,53.30704311271617],[-6.293822724070987,53.30901999354104],[-6.292018252348198,53.3059050456656],[-6.294839404499264,53.30416078734282],[-6.2939780030035255,53.303850017075256]]]}},{"id":"16611","type":"Feature","properties":{},"geometry":{"type":"Polygon","coordinates":[[[-6.254089923293981,53.35267414012402],[-6.253074893631201,53.35094281379979],[-6.253640999336964,53.35086121979756],[-6.254875346473102,53.35250019648222],[-6.254089923293981,53.35267414012402]]]}},{"id":"16628","type":"Feature","properties":{},"geometry":{"type":"Polygon","coordinates":[[[-6.238063456473829,53.349605485453196],[-6.237733352070344,53.34895439882938],[-6.238139110679035,53.34896356410849],[-6.238063456473829,53.349605485453196]]]}},{"id":"16631","type":"Feature","properties":{},"geometry":{"type":"Polygon","coordinates":[[[-6.298987545962239,53.33657306064308],[-6.296093331834422,53.33562461867282],[-6.297056360339033,53.334485702230545],[-6.298541829912312,53.3344372133664],[-6.298987545962239,53.33657306064308]]]}},{"id":"16643","type":"Feature","properties":{},"geometry":{"type":"Polygon","coordinates":[[[-6.257946862157072,53.38278197922721],[-6.262233205370555,53.38126886514593],[-6.261058413975723,53.378650023900335],[-6.264486071823039,53.37921887755512],[-6.265273722109811,53.37864470215657],[-6.265840083378402,53.38046982424428],[-6.265171493727864,53.38477672143972],[-6.258730626171377,53.38485401077845],[-6.258874291556342,53.383444468204445],[-6.257946862157072,53.38278197922721]]]}},{"id":"16647","type":"Feature","properties":{},"geometry":{"type":"Polygon","coordinates":[[[-6.1900984983079015,53.40044002223773],[-6.190164581160743,53.39816102254412],[-6.191901572672318,53.39823701246853],[-6.19185774655618,53.40041041632035],[-6.1900984983079015,53.40044002223773]]]}},{"id":"16652","type":"Feature","properties":{},"geometry":{"type":"Polygon","coordinates":[[[-6.181892353619205,53.36496820441304],[-6.182585400973867,53.363862247715055],[-6.184296940147564,53.364046099570395],[-6.184202292514289,53.36454913984363],[-6.186901333218534,53.36484356587945],[-6.186876748407183,53.36550774321116],[-6.181892353619205,53.36496820441304]]]}},{"id":"16659","type":"Feature","properties":{},"geometry":{"type":"Polygon","coordinates":[[[-6.3294316105516515,53.33276583772624],[-6.330391670933786,53.33144654062257],[-6.332208152381531,53.3300441009224],[-6.333137505022754,53.33089677089328],[-6.331061341397239,53.332995903914345],[-6.3294316105516515,53.33276583772624]]]}},{"id":"16661","type":"Feature","properties":{},"geometry":{"type":"Polygon","coordinates":[[[-6.250417997077148,53.345652293207195],[-6.25055982714835,53.344937039398445],[-6.251417045492554,53.34500983541395],[-6.2512685217256365,53.34572787721995],[-6.250417997077148,53.345652293207195]]]}},{"id":"16671","type":"Feature","properties":{},"geometry":{"type":"Polygon","coordinates":[[[-6.2222577706501,53.33189755054331],[-6.2189716153535075,53.331057940218656],[-6.2215357608469235,53.330332676721966],[-6.221202405045559,53.32984206533078],[-6.222055461364494,53.329535082051414],[-6.223581023224635,53.33105723776357],[-6.2222577706501,53.33189755054331]]]}},{"id":"16674","type":"Feature","properties":{},"geometry":{"type":"Polygon","coordinates":[[[-6.338091583249504,53.34692291627759],[-6.32960211138964,53.346389765407984],[-6.329791221714427,53.34549541727659],[-6.334334923172096,53.3460911980809],[-6.338584299637916,53.34522340459502],[-6.343388786653033,53.34637656351978],[-6.345118221900147,53.34741440088802],[-6.342041992300553,53.349087564902305],[-6.338091583249504,53.34692291627759]]]}},{"id":"16675","type":"Feature","properties":{},"geometry":{"type":"Polygon","coordinates":[[[-6.266286366723599,53.36870709916932],[-6.266947623590673,53.36654003465991],[-6.266321740257943,53.36613903552689],[-6.27089172834942,53.36678209650938],[-6.269672820033702,53.36877222940365],[-6.266286366723599,53.36870709916932]]]}},{"id":"16682","type":"Feature","properties":{},"geometry":{"type":"Polygon","coordinates":[[[-6.291133285575897,53.371153113981286],[-6.29234500853317,53.37037188943491],[-6.291387588605901,53.36963316567766],[-6.2922370894552,53.369012791828105],[-6.294288575773247,53.36948445043151],[-6.293884749670102,53.37025771595345],[-6.296730291250443,53.371152512749845],[-6.2957139828834805,53.37212017964424],[-6.291133285575897,53.371153113981286]]]}},{"id":"16686","type":"Feature","properties":{},"geometry":{"type":"Polygon","coordinates":[[[-6.365413405119946,53.342174757402276],[-6.366762483770768,53.340205289323855],[-6.367870119854794,53.340464848271516],[-6.366637793795818,53.34172545417349],[-6.368679973504381,53.342230188894035],[-6.37091932490974,53.340966329665285],[-6.371986252502798,53.34114925596789],[-6.3717596921813895,53.34181773660489],[-6.369003889082893,53.342646859869056],[-6.365413405119946,53.342174757402276]]]}},{"id":"16693","type":"Feature","properties":{},"geometry":{"type":"Polygon","coordinates":[[[-6.289133010957029,53.33240943304965],[-6.285825409723254,53.332026793320246],[-6.286569544631351,53.331049179456066],[-6.293189710053373,53.33218715154115],[-6.291333596767203,53.3334615975127],[-6.289133010957029,53.33240943304965]]]}},{"id":"16710","type":"Feature","properties":{},"geometry":{"type":"Polygon","coordinates":[[[-6.210954039147812,53.37692278323535],[-6.209726846359236,53.375537176360055],[-6.207872000016564,53.37471373370856],[-6.20822489836163,53.37390160539399],[-6.2113168130205,53.37518588759809],[-6.210846562265372,53.375894681370575],[-6.211797368410635,53.37655958303398],[-6.210954039147812,53.37692278323535]]]}},{"id":"16725","type":"Feature","properties":{},"geometry":{"type":"Polygon","coordinates":[[[-6.259551063411665,53.3208000057331],[-6.261387219629659,53.32076395691574],[-6.26231555628936,53.322955393362165],[-6.260308490027207,53.323476598357765],[-6.259551063411665,53.3208000057331]]]}},{"id":"16726","type":"Feature","properties":{},"geometry":{"type":"Polygon","coordinates":[[[-6.240911375888742,53.36815625600858],[-6.242834914228725,53.36525791316649],[-6.244179670509325,53.363874456138],[-6.246727642025187,53.365486078571124],[-6.245835787716213,53.3669570700788],[-6.247092672490603,53.36726038101469],[-6.246481158042257,53.368181369087026],[-6.242408179585637,53.36862056127562],[-6.240911375888742,53.36815625600858]]]}},{"id":"16733","type":"Feature","properties":{},"geometry":{"type":"Polygon","coordinates":[[[-6.263072949933113,53.34633058285982],[-6.26555175943034,53.34596236607747],[-6.265895655526164,53.3467990182426],[-6.263393719067452,53.34718152765754],[-6.263072949933113,53.34633058285982]]]}},{"id":"16745","type":"Feature","properties":{},"geometry":{"type":"Polygon","coordinates":[[[-6.296853034868878,53.36875414537482],[-6.297277997261556,53.36722432338939],[-6.298364880235651,53.36776474713441],[-6.300035244105872,53.36735857461281],[-6.300620691377427,53.36773271670525],[-6.300577330023401,53.36827574919531],[-6.299302101434948,53.36857790717169],[-6.296853034868878,53.36875414537482]]]}},{"id":"16754","type":"Feature","properties":{},"geometry":{"type":"Polygon","coordinates":[[[-6.279030615628807,53.37021815641845],[-6.27297713038272,53.367654054087275],[-6.274321897611621,53.36726844255461],[-6.275445585221318,53.365313783351134],[-6.282180070139098,53.36735279500333],[-6.279030615628807,53.37021815641845]]]}},{"id":"16766","type":"Feature","properties":{},"geometry":{"type":"Polygon","coordinates":[[[-6.190202259749764,53.36918475017539],[-6.190778132346806,53.36750490866232],[-6.1919474346971795,53.36765203364447],[-6.191561275581919,53.36906622475202],[-6.190202259749764,53.36918475017539]]]}},{"id":"16769","type":"Feature","properties":{},"geometry":{"type":"Polygon","coordinates":[[[-6.279616359898542,53.388443286392516],[-6.285262811364971,53.38943311589269],[-6.284889067294039,53.39011073700568],[-6.280315642365369,53.390088060598536],[-6.2803864692533065,53.388885736917366],[-6.279616359898542,53.388443286392516]]]}},{"id":"16782","type":"Feature","properties":{},"geometry":{"type":"Polygon","coordinates":[[[-6.188231481659385,53.36082504149784],[-6.18922399934858,53.359172266879625],[-6.189945634842027,53.35872774804981],[-6.189952406992986,53.36004396511106],[-6.191719114959735,53.36029843142993],[-6.1913694041997385,53.36129210572425],[-6.188231481659385,53.36082504149784]]]}},{"id":"16793","type":"Feature","properties":{},"geometry":{"type":"Polygon","coordinates":[[[-6.321814913660691,53.37737712497597],[-6.320702272304376,53.37703075298535],[-6.32066512349831,53.37581695302364],[-6.322911761564334,53.37656682514501],[-6.321814913660691,53.37737712497597]]]}},{"id":"16795","type":"Feature","properties":{},"geometry":{"type":"Polygon","coordinates":[[[-6.2638084946372805,53.39957562593822],[-6.264143905364239,53.39680476754738],[-6.2700586179943585,53.39797081128581],[-6.2698361543031345,53.398775592187604],[-6.267560075123153,53.39875071662736],[-6.267384222638705,53.39950521737199],[-6.2638084946372805,53.39957562593822]]]}},{"id":"16797","type":"Feature","properties":{},"geometry":{"type":"Polygon","coordinates":[[[-6.146723217829399,53.38324012343155],[-6.149934267045317,53.381946771092984],[-6.150503742102275,53.383048083932394],[-6.1474356947116116,53.38407588097462],[-6.146723217829399,53.38324012343155]]]}},{"id":"16800","type":"Feature","properties":{},"geometry":{"type":"Polygon","coordinates":[[[-6.253437015721643,53.37866580970097],[-6.254299571066726,53.377407074423274],[-6.25768294861042,53.37801146543509],[-6.257453228574608,53.37881391944177],[-6.256311110058443,53.379172239212416],[-6.253437015721643,53.37866580970097]]]}},{"id":"16803","type":"Feature","properties":{},"geometry":{"type":"Polygon","coordinates":[[[-6.2889211826785205,53.34230551512513],[-6.290403213979774,53.34198516922131],[-6.290761648831236,53.34277123408761],[-6.289568001126565,53.34306524971592],[-6.2889211826785205,53.34230551512513]]]}},{"id":"16806","type":"Feature","properties":{},"geometry":{"type":"Polygon","coordinates":[[[-6.153039648416375,53.4003775071669],[-6.15238654902247,53.39923052888342],[-6.155200816464572,53.39930076723667],[-6.1549989441543245,53.4005719208939],[-6.153039648416375,53.4003775071669]]]}},{"id":"16824","type":"Feature","properties":{},"geometry":{"type":"Polygon","coordinates":[[[-6.243535434571305,53.36067843669751],[-6.2420211894466116,53.35957377932567],[-6.24418233661896,53.36018591693344],[-6.243535434571305,53.36067843669751]]]}},{"id":"16836","type":"Feature","properties":{},"geometry":{"type":"Polygon","coordinates":[[[-6.1757690665538405,53.406771906908666],[-6.175875047701127,53.40551460996361],[-6.177970368190817,53.405649504110414],[-6.17770544331743,53.40698772349823],[-6.1757690665538405,53.406771906908666]]]}},{"id":"16839","type":"Feature","properties":{},"geometry":{"type":"Polygon","coordinates":[[[-6.2754148027553835,53.396886383182924],[-6.270345536951421,53.39492630862551],[-6.270082569231073,53.39325137964637],[-6.271123482941235,53.39274137017426],[-6.273093016715691,53.39459068402177],[-6.275845819340854,53.39523964865465],[-6.2754148027553835,53.396886383182924]]]}},{"id":"16855","type":"Feature","properties":{},"geometry":{"type":"Polygon","coordinates":[[[-6.289404749164975,53.338845278613206],[-6.29038038885607,53.33878566934465],[-6.291588876198758,53.340909167091496],[-6.290145363010861,53.34106899514587],[-6.289404749164975,53.338845278613206]]]}},{"id":"16873","type":"Feature","properties":{},"geometry":{"type":"Polygon","coordinates":[[[-6.161086405646834,53.390804840214706],[-6.157351030112163,53.390309481337994],[-6.1593426418679265,53.388840233183274],[-6.1606611122760695,53.38911418719432],[-6.161086405646834,53.390804840214706]]]}},{"id":"16896","type":"Feature","properties":{},"geometry":{"type":"Polygon","coordinates":[[[-6.287576467528734,53.39219012139766],[-6.28930822793956,53.39243576952807],[-6.289382648953309,53.39322477896445],[-6.290495870640704,53.39317676796889],[-6.289611203298312,53.394658216953204],[-6.286764197543689,53.39338366888959],[-6.287576467528734,53.39219012139766]]]}},{"id":"16909","type":"Feature","properties":{},"geometry":{"type":"Polygon","coordinates":[[[-6.236413873431085,53.375327372818994],[-6.23773064138856,53.37289292665922],[-6.23996293203997,53.373725945101505],[-6.239561651511641,53.37507534267869],[-6.237996443031453,53.37481355615044],[-6.238268813413142,53.375628546837476],[-6.236413873431085,53.375327372818994]]]}},{"id":"16911","type":"Feature","properties":{},"geometry":{"type":"Polygon","coordinates":[[[-6.173347482611932,53.38884377338374],[-6.175787811741987,53.38766661242353],[-6.178177200514296,53.38763155188238],[-6.175738253188531,53.38899422638937],[-6.175765223846862,53.38968617071453],[-6.172924976643386,53.38971121825719],[-6.173347482611932,53.38884377338374]]]}},{"id":"16931","type":"Feature","properties":{},"geometry":{"type":"Polygon","coordinates":[[[-6.1974016669984895,53.39940413456417],[-6.197551899221073,53.39867493109434],[-6.1987303388334025,53.39902874001778],[-6.199574048661736,53.39817796970035],[-6.20325286956466,53.39875730706294],[-6.203533076378052,53.39941570665464],[-6.202859010897651,53.39992657513442],[-6.1974016669984895,53.39940413456417]]]}},{"id":"16933","type":"Feature","properties":{},"geometry":{"type":"Polygon","coordinates":[[[-6.284022922634342,53.33068906528808],[-6.2807487219219915,53.330196345948174],[-6.280641951762454,53.328385113170654],[-6.282941138200591,53.3298568308502],[-6.284987211092538,53.3286485576238],[-6.285450419141811,53.32888349525649],[-6.284022922634342,53.33068906528808]]]}},{"id":"16939","type":"Feature","properties":{},"geometry":{"type":"Polygon","coordinates":[[[-6.2916698491707725,53.320111294124985],[-6.292296383220555,53.31977478999587],[-6.293443025567571,53.32065539837629],[-6.296992668987768,53.319223238559424],[-6.297551999841006,53.31983826158693],[-6.296449963704723,53.31971173981397],[-6.293847641198598,53.32111336018237],[-6.295470134317165,53.321774434477696],[-6.294318777792355,53.32224992971965],[-6.2916698491707725,53.320111294124985]]]}},{"id":"16958","type":"Feature","properties":{},"geometry":{"type":"Polygon","coordinates":[[[-6.1883695344057195,53.363203795535924],[-6.188350842905325,53.36285920110354],[-6.183684024028146,53.36196218783561],[-6.184817131062683,53.361429019683655],[-6.191499616766971,53.362419463450166],[-6.191192967815524,53.36317252876092],[-6.1883695344057195,53.363203795535924]]]}},{"id":"16959","type":"Feature","properties":{},"geometry":{"type":"Polygon","coordinates":[[[-6.316012253229327,53.37205128184945],[-6.316849530488928,53.370873521945356],[-6.318755602570994,53.3709236678802],[-6.318848221291367,53.372654605379736],[-6.316012253229327,53.37205128184945]]]}},{"id":"16962","type":"Feature","properties":{},"geometry":{"type":"Polygon","coordinates":[[[-6.2702035810291,53.307489800313874],[-6.266790987587499,53.30580704264769],[-6.268638571763181,53.30378881254569],[-6.27159425139534,53.30443466587466],[-6.2718101017261025,53.30495108961672],[-6.271016861435409,53.3049019136266],[-6.271723418938513,53.30641323983115],[-6.272935657880108,53.30634001174065],[-6.273560729374661,53.30981156664356],[-6.271328191458157,53.308850714386914],[-6.2702035810291,53.307489800313874]]]}},{"id":"16963","type":"Feature","properties":{},"geometry":{"type":"Polygon","coordinates":[[[-6.240063504917305,53.3505594250213],[-6.242259763536538,53.35143503123806],[-6.240219867742465,53.352633019957956],[-6.240063504917305,53.3505594250213]]]}},{"id":"16972","type":"Feature","properties":{},"geometry":{"type":"Polygon","coordinates":[[[-6.269934965853765,53.343184859306845],[-6.270082048430547,53.34356836634657],[-6.267583925972906,53.34405733800834],[-6.267611663645668,53.34370993696781],[-6.269934965853765,53.343184859306845]]]}},{"id":"16981","type":"Feature","properties":{},"geometry":{"type":"Polygon","coordinates":[[[-6.274710262242909,53.339391679619006],[-6.273233505604536,53.33908901343956],[-6.275192333247745,53.33731705003354],[-6.275274359212641,53.338997762208216],[-6.274710262242909,53.339391679619006]]]}},{"id":"16983","type":"Feature","properties":{},"geometry":{"type":"Polygon","coordinates":[[[-6.217604965045328,53.34220211360851],[-6.218585098662021,53.342448809661455],[-6.21836632543646,53.342922365560504],[-6.223182602536321,53.34362353539119],[-6.222425913814452,53.34398444566852],[-6.216132470631874,53.343003458525466],[-6.217604965045328,53.34220211360851]]]}},{"id":"16992","type":"Feature","properties":{},"geometry":{"type":"Polygon","coordinates":[[[-6.159681368338792,53.38234087411801],[-6.16113972797813,53.38140355575824],[-6.165797136298834,53.382842732453966],[-6.1653314895218205,53.383829867793644],[-6.159545402085382,53.3831478509056],[-6.159681368338792,53.38234087411801]]]}},{"id":"16997","type":"Feature","properties":{},"geometry":{"type":"Polygon","coordinates":[[[-6.269640114438977,53.31690625715223],[-6.270042232709321,53.31498225510911],[-6.271725439725697,53.3154101978702],[-6.270473027983745,53.31719058857221],[-6.269640114438977,53.31690625715223]]]}},{"id":"17003","type":"Feature","properties":{},"geometry":{"type":"Polygon","coordinates":[[[-6.187673097863683,53.377410448964355],[-6.193087702582226,53.37578024998856],[-6.193081121304255,53.376884957825084],[-6.19391057248094,53.37711329191448],[-6.191254786262192,53.37807738250089],[-6.190686649224005,53.3776065362933],[-6.1880850306235855,53.378116217132856],[-6.187673097863683,53.377410448964355]]]}},{"id":"17011","type":"Feature","properties":{},"geometry":{"type":"Polygon","coordinates":[[[-6.2728139806124155,53.33971619753057],[-6.273577608679639,53.33915978643873],[-6.274195440278226,53.340397749942746],[-6.273074601960781,53.34054293028277],[-6.2728139806124155,53.33971619753057]]]}},{"id":"17029","type":"Feature","properties":{},"geometry":{"type":"Polygon","coordinates":[[[-6.276107451917523,53.334279911390006],[-6.280459616127671,53.33321881512991],[-6.2810702357449015,53.33441797264675],[-6.277967680408985,53.334802634262985],[-6.276107451917523,53.334279911390006]]]}},{"id":"17049","type":"Feature","properties":{},"geometry":{"type":"Polygon","coordinates":[[[-6.318066179898269,53.382903506334074],[-6.31629037224937,53.38132955119877],[-6.319292522817146,53.381552809682894],[-6.321329403193901,53.382301107140975],[-6.321262463262941,53.38302703184826],[-6.318726475268736,53.38239501121279],[-6.318066179898269,53.382903506334074]]]}},{"id":"17076","type":"Feature","properties":{},"geometry":{"type":"Polygon","coordinates":[[[-6.241442303712378,53.325392833420814],[-6.24377652638518,53.3243465673598],[-6.244414778149055,53.32497608339632],[-6.2434932969495405,53.32534220463201],[-6.24452018914607,53.32625711793204],[-6.2432889024763645,53.326780680616864],[-6.241442303712378,53.325392833420814]]]}},{"id":"17077","type":"Feature","properties":{},"geometry":{"type":"Polygon","coordinates":[[[-6.267426973288139,53.35372742378544],[-6.268347698590955,53.352923529238026],[-6.269659670563937,53.35346379994693],[-6.268426114400907,53.353940366724935],[-6.267426973288139,53.35372742378544]]]}},{"id":"17081","type":"Feature","properties":{},"geometry":{"type":"Polygon","coordinates":[[[-6.1704057610047895,53.405404907316225],[-6.172813772330967,53.405452964321846],[-6.1728557850801415,53.40663096580045],[-6.170248822181081,53.407059940959286],[-6.1704057610047895,53.405404907316225]]]}},{"id":"17082","type":"Feature","properties":{},"geometry":{"type":"Polygon","coordinates":[[[-6.2716917173051066,53.365826838408935],[-6.274081351282791,53.3683134127487],[-6.2735821626230495,53.36889307692442],[-6.270822242651843,53.368469813285856],[-6.2716917173051066,53.365826838408935]]]}},{"id":"17110","type":"Feature","properties":{},"geometry":{"type":"Polygon","coordinates":[[[-6.3143971151775435,53.37696050324565],[-6.311887250213265,53.376595026194344],[-6.313018473311191,53.375319497330224],[-6.314937542935861,53.37549523517432],[-6.3143971151775435,53.37696050324565]]]}},{"id":"17117","type":"Feature","properties":{},"geometry":{"type":"Polygon","coordinates":[[[-6.226574606697783,53.33221399355203],[-6.226972517924287,53.33139267408781],[-6.22807380254241,53.331802504187436],[-6.2285600380962896,53.330908490059315],[-6.229921622182971,53.3312443306462],[-6.227913123481266,53.333238315670286],[-6.226574606697783,53.33221399355203]]]}},{"id":"17121","type":"Feature","properties":{},"geometry":{"type":"Polygon","coordinates":[[[-6.243538333443835,53.35237017297666],[-6.24107774181654,53.3506171197443],[-6.245327782669668,53.350880061197344],[-6.243538333443835,53.35237017297666]]]}},{"id":"17134","type":"Feature","properties":{},"geometry":{"type":"Polygon","coordinates":[[[-6.261774345211767,53.3667919775439],[-6.258130023409183,53.365451807565925],[-6.258838992696557,53.364619224851644],[-6.26221787282948,53.36546481122011],[-6.261774345211767,53.3667919775439]]]}},{"id":"17148","type":"Feature","properties":{},"geometry":{"type":"Polygon","coordinates":[[[-6.2145310884037,53.31991004426591],[-6.216193536931299,53.318225792014296],[-6.2177156236741,53.31869566481024],[-6.220158602221624,53.31793652678713],[-6.222199757504812,53.31882571060678],[-6.22357957011408,53.31846515132525],[-6.226590969183557,53.318815347332425],[-6.22691208476206,53.31967018014206],[-6.2154732653915605,53.3204609204137],[-6.2145310884037,53.31991004426591]]]}},{"id":"17151","type":"Feature","properties":{},"geometry":{"type":"Polygon","coordinates":[[[-6.265029817519039,53.33060371944934],[-6.264937627376253,53.33007475559555],[-6.26768069194357,53.3299041838011],[-6.267804022046833,53.33122285287816],[-6.267180360394225,53.330529771839984],[-6.265029817519039,53.33060371944934]]]}},{"id":"17161","type":"Feature","properties":{},"geometry":{"type":"Polygon","coordinates":[[[-6.26738366556651,53.35438656595109],[-6.267426973288139,53.35372742378544],[-6.269909918885886,53.35357459374656],[-6.268787313844716,53.35474291456076],[-6.26738366556651,53.35438656595109]]]}},{"id":"17185","type":"Feature","properties":{},"geometry":{"type":"Polygon","coordinates":[[[-6.28981440210897,53.35596405542132],[-6.290846121993402,53.35513227059897],[-6.288880766872937,53.35415654523367],[-6.289291891839656,53.35377059661962],[-6.292221363107408,53.35497133743287],[-6.291646345784562,53.35629977432977],[-6.28981440210897,53.35596405542132]]]}},{"id":"17186","type":"Feature","properties":{},"geometry":{"type":"Polygon","coordinates":[[[-6.311462273137411,53.33348265922504],[-6.317304078213876,53.33239111065202],[-6.317625292304084,53.33311713928238],[-6.317432083869092,53.33373606422985],[-6.316577101256274,53.333759046800324],[-6.316709310043469,53.332684224101754],[-6.311744780008795,53.334252341581546],[-6.311462273137411,53.33348265922504]]]}},{"id":"17195","type":"Feature","properties":{},"geometry":{"type":"Polygon","coordinates":[[[-6.275504999925856,53.38607042895634],[-6.278540411952765,53.385677013376785],[-6.279655258934601,53.38783855713747],[-6.277405314082506,53.38770659257001],[-6.276922775333823,53.38668535498594],[-6.275553277393817,53.3867167641887],[-6.275504999925856,53.38607042895634]]]}},{"id":"17207","type":"Feature","properties":{},"geometry":{"type":"Polygon","coordinates":[[[-6.243535434571305,53.36067843669751],[-6.244500992427062,53.35998763568619],[-6.246343018905805,53.36027889958384],[-6.246474365930061,53.361312916881815],[-6.243535434571305,53.36067843669751]]]}},{"id":"17212","type":"Feature","properties":{},"geometry":{"type":"Polygon","coordinates":[[[-6.258011647465197,53.3795915669909],[-6.25768294861042,53.37801146543509],[-6.254299571066726,53.377407074423274],[-6.2526212916974355,53.37903953018729],[-6.252317934757537,53.378441425724695],[-6.250759187130908,53.378314211632606],[-6.251032430313354,53.377366387044184],[-6.249039577118506,53.376892516860906],[-6.2503517435446225,53.37581144799135],[-6.265273722109811,53.37864470215657],[-6.264486071823039,53.37921887755512],[-6.261058413975723,53.378650023900335],[-6.260909904656541,53.37920400573915],[-6.258011647465197,53.3795915669909]]]}},{"id":"17219","type":"Feature","properties":{},"geometry":{"type":"Polygon","coordinates":[[[-6.237593721713473,53.33303711338646],[-6.237813248704311,53.33231370835775],[-6.24256172319869,53.33290987187089],[-6.242031282231843,53.33349390827476],[-6.237593721713473,53.33303711338646]]]}},{"id":"17221","type":"Feature","properties":{},"geometry":{"type":"Polygon","coordinates":[[[-6.2598185114489775,53.35381979762026],[-6.26191529117337,53.3531756313744],[-6.263506804929078,53.35451517406819],[-6.261912305210046,53.35537911968941],[-6.2598185114489775,53.35381979762026]]]}},{"id":"17224","type":"Feature","properties":{},"geometry":{"type":"Polygon","coordinates":[[[-6.230900164521259,53.34244731598577],[-6.2311122599783895,53.34200499148693],[-6.232158389836793,53.34262902301008],[-6.230900164521259,53.34244731598577]]]}},{"id":"17243","type":"Feature","properties":{},"geometry":{"type":"Polygon","coordinates":[[[-6.262634201268841,53.311571616356204],[-6.2646464406996625,53.31106924456677],[-6.265078600268458,53.31228742281283],[-6.262867966601423,53.31256752076757],[-6.262634201268841,53.311571616356204]]]}},{"id":"17286","type":"Feature","properties":{},"geometry":{"type":"Polygon","coordinates":[[[-6.281494130595204,53.363947849868154],[-6.276556372077211,53.363460591364344],[-6.276484922501549,53.36307050189489],[-6.2805857332034805,53.36281736053047],[-6.281494130595204,53.363947849868154]]]}},{"id":"17287","type":"Feature","properties":{},"geometry":{"type":"Polygon","coordinates":[[[-6.146751209583346,53.386607503772076],[-6.149143102187271,53.3846706536445],[-6.151638571679318,53.38580281392663],[-6.149970630932403,53.38744035808452],[-6.1514284337692535,53.38811154341752],[-6.151125313510727,53.3884313857428],[-6.146751209583346,53.386607503772076]]]}},{"id":"17290","type":"Feature","properties":{},"geometry":{"type":"Polygon","coordinates":[[[-6.240846897657361,53.35848088238537],[-6.23832271074546,53.35737373340463],[-6.23934231904326,53.35684430779872],[-6.240846897657361,53.35848088238537]]]}},{"id":"17312","type":"Feature","properties":{},"geometry":{"type":"Polygon","coordinates":[[[-6.279819286048814,53.351966807192355],[-6.2795708830880645,53.35056779021006],[-6.281841206656461,53.350388889354775],[-6.2840024280836975,53.35246664815968],[-6.283210879942761,53.352625603725855],[-6.28246847174133,53.35153204501352],[-6.281228274395546,53.351698567750674],[-6.2812938274736085,53.352093621267315],[-6.279819286048814,53.351966807192355]]]}},{"id":"17326","type":"Feature","properties":{},"geometry":{"type":"Polygon","coordinates":[[[-6.278212526390546,53.34054413650402],[-6.27955684169307,53.34024677167324],[-6.279885093030659,53.340971514230176],[-6.278560489999037,53.341198071448616],[-6.278212526390546,53.34054413650402]]]}},{"id":"17328","type":"Feature","properties":{},"geometry":{"type":"Polygon","coordinates":[[[-6.21086523523066,53.40046396593612],[-6.215359976058665,53.39935142323919],[-6.216094026197029,53.40056091248787],[-6.213481218258721,53.40055810626075],[-6.210336901114239,53.40136638003851],[-6.21086523523066,53.40046396593612]]]}},{"id":"17329","type":"Feature","properties":{},"geometry":{"type":"Polygon","coordinates":[[[-6.2432889024763645,53.326780680616864],[-6.244216492280227,53.326378482371794],[-6.245399898649293,53.32726582369634],[-6.244488602729641,53.327678688221575],[-6.2432889024763645,53.326780680616864]]]}},{"id":"17334","type":"Feature","properties":{},"geometry":{"type":"Polygon","coordinates":[[[-6.297430070260199,53.32444255258982],[-6.29829408651672,53.32402186245558],[-6.301288312335455,53.32403630025015],[-6.302038283559805,53.32485479162695],[-6.297430070260199,53.32444255258982]]]}},{"id":"17338","type":"Feature","properties":{},"geometry":{"type":"Polygon","coordinates":[[[-6.25587445162831,53.32119881987414],[-6.257106682646074,53.32098163776909],[-6.2589047016729555,53.32378458789226],[-6.256146987900485,53.32472427183102],[-6.25587445162831,53.32119881987414]]]}},{"id":"17342","type":"Feature","properties":{},"geometry":{"type":"Polygon","coordinates":[[[-6.319315794158528,53.374338935394455],[-6.32010814688378,53.37431674543558],[-6.320197650775126,53.373814515711906],[-6.323159226162952,53.373632568743076],[-6.323509308943022,53.3726192822632],[-6.324980774074527,53.374166975918634],[-6.330468736474423,53.373551456025],[-6.331044629866049,53.37559674431014],[-6.319303520775604,53.37555022746062],[-6.319315794158528,53.374338935394455]]]}},{"id":"17343","type":"Feature","properties":{},"geometry":{"type":"Polygon","coordinates":[[[-6.272607367790837,53.33289094215243],[-6.272513941132787,53.33218357272842],[-6.275219783911815,53.3322425264839],[-6.275275811817312,53.333062171575705],[-6.272607367790837,53.33289094215243]]]}},{"id":"17347","type":"Feature","properties":{},"geometry":{"type":"Polygon","coordinates":[[[-6.3266789414344204,53.318784962799555],[-6.326788422566113,53.317032423946465],[-6.332121241400772,53.31711731289291],[-6.331813748727371,53.31759544944716],[-6.329331725221437,53.317579306575624],[-6.3266789414344204,53.318784962799555]]]}},{"id":"17357","type":"Feature","properties":{},"geometry":{"type":"Polygon","coordinates":[[[-6.274043086748821,53.32881457095574],[-6.273906190741778,53.32801321370298],[-6.276176162996401,53.32867808318826],[-6.275501908997826,53.32971214567968],[-6.274043086748821,53.32881457095574]]]}},{"id":"17362","type":"Feature","properties":{},"geometry":{"type":"Polygon","coordinates":[[[-6.3118392549402085,53.37258202075287],[-6.312301348784973,53.37200897356461],[-6.314616082152826,53.372240463484374],[-6.315805194316599,53.37051943745741],[-6.316849530488928,53.370873521945356],[-6.314987607719395,53.37353502074817],[-6.3150650021948005,53.37245508131273],[-6.3118392549402085,53.37258202075287]]]}},{"id":"17368","type":"Feature","properties":{},"geometry":{"type":"Polygon","coordinates":[[[-6.344643313017589,53.34945698681464],[-6.345234551510099,53.34893615446307],[-6.346126399252032,53.348528151328345],[-6.346650532814341,53.34934150371695],[-6.344643313017589,53.34945698681464]]]}},{"id":"17376","type":"Feature","properties":{},"geometry":{"type":"Polygon","coordinates":[[[-6.347606958945678,53.33758834408902],[-6.352508853422199,53.33671986554953],[-6.352969805861985,53.33781266408578],[-6.347843202507297,53.33828406115534],[-6.347606958945678,53.33758834408902]]]}},{"id":"17377","type":"Feature","properties":{},"geometry":{"type":"Polygon","coordinates":[[[-6.22244007923379,53.337915076918094],[-6.222126555577179,53.336179003811736],[-6.222991886823442,53.33571802201826],[-6.223833689714932,53.33715970577676],[-6.225967799860423,53.33652314504281],[-6.226631357884661,53.33763449353669],[-6.22244007923379,53.337915076918094]]]}},{"id":"17378","type":"Feature","properties":{},"geometry":{"type":"Polygon","coordinates":[[[-6.233964585354922,53.32838214479447],[-6.239352391764201,53.32561372664282],[-6.242194516396773,53.32782395661783],[-6.240272324906404,53.328365906545564],[-6.239735323401827,53.32774032552176],[-6.235029104679163,53.32897563313039],[-6.233964585354922,53.32838214479447]]]}},{"id":"17379","type":"Feature","properties":{},"geometry":{"type":"Polygon","coordinates":[[[-6.2413296790045125,53.36416053594894],[-6.240925434482421,53.363325136230316],[-6.243265396151408,53.36369637384008],[-6.242673033479066,53.3645032602864],[-6.2413296790045125,53.36416053594894]]]}},{"id":"17384","type":"Feature","properties":{},"geometry":{"type":"Polygon","coordinates":[[[-6.287123294580175,53.31782121720663],[-6.290803070172131,53.315615867069454],[-6.289572249594488,53.31889576427495],[-6.287123294580175,53.31782121720663]]]}},{"id":"17396","type":"Feature","properties":{},"geometry":{"type":"Polygon","coordinates":[[[-6.307547604196108,53.38902848610238],[-6.307312292121154,53.38818165333922],[-6.310994340279305,53.3888724452549],[-6.310743000452291,53.389692590808835],[-6.307547604196108,53.38902848610238]]]}},{"id":"17401","type":"Feature","properties":{},"geometry":{"type":"Polygon","coordinates":[[[-6.184737898094896,53.37520161270172],[-6.189082686293839,53.375934021034524],[-6.185011591847241,53.37682966964726],[-6.18403894167469,53.37588056140069],[-6.184737898094896,53.37520161270172]]]}},{"id":"17409","type":"Feature","properties":{},"geometry":{"type":"Polygon","coordinates":[[[-6.2113168130205,53.37518588759809],[-6.212525242004855,53.3749509048914],[-6.2150562601554915,53.375098998986715],[-6.213268010213564,53.376620141302176],[-6.2113168130205,53.37518588759809]]]}},{"id":"17417","type":"Feature","properties":{},"geometry":{"type":"Polygon","coordinates":[[[-6.250074721112337,53.35138341729205],[-6.25096050337574,53.34990471868648],[-6.252243525687247,53.3502374389025],[-6.253522480360986,53.34947162073075],[-6.254413197239539,53.35073481267935],[-6.250074721112337,53.35138341729205]]]}},{"id":"17421","type":"Feature","properties":{},"geometry":{"type":"Polygon","coordinates":[[[-6.314290891283388,53.37780000999898],[-6.309867159458728,53.37715949200776],[-6.310012713812921,53.376405672693494],[-6.310761881702924,53.37645859765246],[-6.311042519791983,53.3772630984961],[-6.312578271651847,53.376776522913154],[-6.3143971151775435,53.37696050324565],[-6.314290891283388,53.37780000999898]]]}},{"id":"17425","type":"Feature","properties":{},"geometry":{"type":"Polygon","coordinates":[[[-6.231609616038339,53.35638602487411],[-6.234672503493374,53.354114362967],[-6.235809742234707,53.35437551663028],[-6.234431791262456,53.35616699962079],[-6.2339227950895015,53.35595046586441],[-6.23262813956032,53.356978513474644],[-6.231609616038339,53.35638602487411]]]}},{"id":"17435","type":"Feature","properties":{},"geometry":{"type":"Polygon","coordinates":[[[-6.273822945681077,53.3607987752704],[-6.274727603142014,53.360770145648445],[-6.276923728687425,53.36084331242493],[-6.276530004252661,53.3614644545986],[-6.273847669730997,53.36124572432009],[-6.273822945681077,53.3607987752704]]]}},{"id":"17436","type":"Feature","properties":{},"geometry":{"type":"Polygon","coordinates":[[[-6.153288262114985,53.38855040230631],[-6.152044571718622,53.38715282938392],[-6.153981402099429,53.387474621079804],[-6.155290589510863,53.38654994108561],[-6.153562694449095,53.3862486062385],[-6.154307972730251,53.38567454438131],[-6.159287545600155,53.38726795864288],[-6.157853797827702,53.38709874695829],[-6.155571466780181,53.388408773381265],[-6.154830523727831,53.388054259543715],[-6.153288262114985,53.38855040230631]]]}},{"id":"17444","type":"Feature","properties":{},"geometry":{"type":"Polygon","coordinates":[[[-6.298847127181277,53.369835454140095],[-6.296679278351125,53.36941489247722],[-6.297411843924602,53.368404458279294],[-6.300577330023401,53.36827574919531],[-6.299895795795796,53.37064778868433],[-6.298995797859601,53.37082137593052],[-6.298847127181277,53.369835454140095]]]}},{"id":"17452","type":"Feature","properties":{},"geometry":{"type":"Polygon","coordinates":[[[-6.310454872061708,53.32117966010431],[-6.3123935410710725,53.322439990339205],[-6.311557704267092,53.32323529128621],[-6.308340828661432,53.32344189166376],[-6.307927284882682,53.32287126895513],[-6.310454872061708,53.32117966010431]]]}},{"id":"17456","type":"Feature","properties":{},"geometry":{"type":"Polygon","coordinates":[[[-6.175451235154587,53.397602456457534],[-6.174609588308587,53.39680045435538],[-6.178491932820705,53.396494615584],[-6.178078672926667,53.39824933909373],[-6.175451235154587,53.397602456457534]]]}},{"id":"17457","type":"Feature","properties":{},"geometry":{"type":"Polygon","coordinates":[[[-6.260981814245688,53.35581674674355],[-6.263506804929078,53.35451517406819],[-6.264458725848125,53.35535705219589],[-6.2630164312265295,53.35707023748768],[-6.260981814245688,53.35581674674355]]]}},{"id":"17497","type":"Feature","properties":{},"geometry":{"type":"Polygon","coordinates":[[[-6.329686109207743,53.327774269262456],[-6.330455119209019,53.32652132426069],[-6.331653620674247,53.32721400244797],[-6.331458368042964,53.328873376605806],[-6.3269921964948,53.32916044974243],[-6.3277967851854156,53.32810027485282],[-6.329686109207743,53.327774269262456]]]}},{"id":"17498","type":"Feature","properties":{},"geometry":{"type":"Polygon","coordinates":[[[-6.172003857694859,53.4042066890138],[-6.172042925053527,53.40341347095892],[-6.173773470340497,53.403446554403004],[-6.173760916254211,53.40424207489868],[-6.172003857694859,53.4042066890138]]]}},{"id":"17507","type":"Feature","properties":{},"geometry":{"type":"Polygon","coordinates":[[[-6.260981814245688,53.35581674674355],[-6.2584231509820425,53.35381168092845],[-6.25941183576199,53.35349830246943],[-6.2596758047511845,53.35446481482033],[-6.261481937720491,53.355581715437815],[-6.260981814245688,53.35581674674355]]]}},{"id":"17510","type":"Feature","properties":{},"geometry":{"type":"Polygon","coordinates":[[[-6.287038981708789,53.32379668810767],[-6.289384750025193,53.322770536985985],[-6.289602337298212,53.32545857496813],[-6.288127888374355,53.32561726699584],[-6.287038981708789,53.32379668810767]]]}},{"id":"17530","type":"Feature","properties":{},"geometry":{"type":"Polygon","coordinates":[[[-6.25907248244359,53.37754769781526],[-6.259112067567183,53.3770714318902],[-6.260148665684117,53.37724806348371],[-6.2609508590917855,53.37568530556464],[-6.2628651492069825,53.37620708751561],[-6.262094354688697,53.37759750141551],[-6.262917577149984,53.37775762727088],[-6.2626891871039385,53.37818391456603],[-6.25907248244359,53.37754769781526]]]}},{"id":"17531","type":"Feature","properties":{},"geometry":{"type":"Polygon","coordinates":[[[-6.337561436448222,53.37117951622507],[-6.329787023174849,53.36978378011421],[-6.323062062213547,53.36580997400137],[-6.318928294561223,53.36488482170222],[-6.310464319617746,53.361561392036876],[-6.303722868912772,53.35793562081365],[-6.295120877413314,53.34888734889255],[-6.295106257577507,53.348138074738145],[-6.30389497645455,53.34831293976061],[-6.304018693387091,53.347440230948955],[-6.305130549037261,53.347332070707694],[-6.305857787479108,53.34829710804469],[-6.308008933992081,53.348251827642116],[-6.307288607854902,53.348708656448636],[-6.313303166127658,53.34893394762506],[-6.315127460332571,53.34995601962302],[-6.315962580291883,53.34973869548174],[-6.315304887876299,53.34796891522951],[-6.323772769320881,53.34724085147369],[-6.32501809309329,53.347795159280146],[-6.326265277969568,53.346840480612194],[-6.327781569810751,53.34772946332476],[-6.328823594142848,53.34679471228555],[-6.332528700627429,53.3478474922937],[-6.33280594586326,53.346550360287395],[-6.338091583249504,53.34692291627759],[-6.342041992300553,53.349087564902305],[-6.356337238321144,53.358202715484985],[-6.3492893858454815,53.36964112968659],[-6.337561436448222,53.37117951622507]]]}},{"id":"17561","type":"Feature","properties":{},"geometry":{"type":"Polygon","coordinates":[[[-6.31657361366049,53.32070584667925],[-6.317730731276998,53.319231203205526],[-6.320619703540718,53.31942858471147],[-6.318240388825788,53.3215589828184],[-6.31657361366049,53.32070584667925]]]}},{"id":"17562","type":"Feature","properties":{},"geometry":{"type":"Polygon","coordinates":[[[-6.347517733726024,53.33733734042681],[-6.346463601635213,53.332193409160084],[-6.356124826691031,53.33198046994216],[-6.353983348886631,53.33772683238223],[-6.352969805861985,53.33781266408578],[-6.352508853422199,53.33671986554953],[-6.347517733726024,53.33733734042681]]]}},{"id":"17568","type":"Feature","properties":{},"geometry":{"type":"Polygon","coordinates":[[[-6.241851791881935,53.318400884975645],[-6.237585548110539,53.315907121368475],[-6.238368428247508,53.314358140125215],[-6.240033932660024,53.313953407808135],[-6.240796353143543,53.31407831155979],[-6.240985948391961,53.31518475808113],[-6.242342376392927,53.31566000665035],[-6.241338372927348,53.31647013297515],[-6.243913378677181,53.317737521553084],[-6.241851791881935,53.318400884975645]]]}},{"id":"17590","type":"Feature","properties":{},"geometry":{"type":"Polygon","coordinates":[[[-6.22472514609776,53.39784086728147],[-6.225821614034583,53.395439659188625],[-6.228506902063509,53.39595136070405],[-6.22767759222155,53.39801031099343],[-6.228378975836927,53.39861554486625],[-6.229652390312069,53.39862383071415],[-6.229366573427376,53.3994628717086],[-6.226192200486615,53.399055170542034],[-6.226619445904991,53.397856844694395],[-6.22472514609776,53.39784086728147]]]}},{"id":"17592","type":"Feature","properties":{},"geometry":{"type":"Polygon","coordinates":[[[-6.247645796228525,53.347366162581054],[-6.248444767199862,53.3454502472465],[-6.2521162573823545,53.34579460592431],[-6.25167075223578,53.34778917572281],[-6.247645796228525,53.347366162581054]]]}},{"id":"17598","type":"Feature","properties":{},"geometry":{"type":"Polygon","coordinates":[[[-6.257369211291974,53.357863662166864],[-6.255897608615184,53.35636520909157],[-6.257913070804571,53.35564191586029],[-6.259502770963615,53.35719616599052],[-6.257369211291974,53.357863662166864]]]}},{"id":"17601","type":"Feature","properties":{},"geometry":{"type":"Polygon","coordinates":[[[-6.361750053079495,53.34093842977841],[-6.361543858129739,53.33970809973101],[-6.365032637804156,53.33978957619819],[-6.3645801170375,53.34118660500634],[-6.361750053079495,53.34093842977841]]]}},{"id":"17605","type":"Feature","properties":{},"geometry":{"type":"Polygon","coordinates":[[[-6.265762763866132,53.31988173436848],[-6.264706963693127,53.3195238675013],[-6.266659468646053,53.31926961650549],[-6.2670286584143104,53.31981284946024],[-6.266296931317834,53.32053643027501],[-6.265762763866132,53.31988173436848]]]}},{"id":"17615","type":"Feature","properties":{},"geometry":{"type":"Polygon","coordinates":[[[-6.27904920841254,53.338099159154865],[-6.280319699027821,53.33810727824036],[-6.2806477400050555,53.33834595761103],[-6.279457241584758,53.33867310134649],[-6.27904920841254,53.338099159154865]]]}},{"id":"17661","type":"Feature","properties":{},"geometry":{"type":"Polygon","coordinates":[[[-6.256441691592008,53.35920891625085],[-6.256106789107412,53.35981023377042],[-6.25523436219883,53.35964844878524],[-6.255569197935654,53.359038000739915],[-6.256441691592008,53.35920891625085]]]}},{"id":"17675","type":"Feature","properties":{},"geometry":{"type":"Polygon","coordinates":[[[-6.221261395408564,53.32631798239827],[-6.222302478651124,53.32593189195059],[-6.219888248491874,53.32474964950499],[-6.220986712326388,53.32416873588542],[-6.224298199436211,53.32644492208446],[-6.221825581665248,53.32735876016663],[-6.221261395408564,53.32631798239827]]]}},{"id":"17685","type":"Feature","properties":{},"geometry":{"type":"Polygon","coordinates":[[[-6.307818341751941,53.3903879021496],[-6.307547604196108,53.38902848610238],[-6.310743000452291,53.389692590808835],[-6.310994340279305,53.3888724452549],[-6.312401962812186,53.38920916130307],[-6.311534742893782,53.39128284675868],[-6.310597968696321,53.39106541239897],[-6.31083686538931,53.390608761223795],[-6.307818341751941,53.3903879021496]]]}},{"id":"17695","type":"Feature","properties":{},"geometry":{"type":"Polygon","coordinates":[[[-6.268511078048578,53.32570788213096],[-6.269291897373979,53.32459354018374],[-6.271231671965396,53.32393662991835],[-6.271629277661947,53.32443626254514],[-6.270153190730955,53.324589297950574],[-6.2702004214998315,53.3256071245996],[-6.268511078048578,53.32570788213096]]]}},{"id":"17703","type":"Feature","properties":{},"geometry":{"type":"Polygon","coordinates":[[[-6.233754573901103,53.40166653464203],[-6.233396438829672,53.39961852419149],[-6.231029479235802,53.39899392661498],[-6.230921908788708,53.39830119389571],[-6.2339219902934655,53.398435047585004],[-6.234152036020845,53.39933884944717],[-6.236066793324791,53.39915311586282],[-6.233754573901103,53.40166653464203]]]}},{"id":"17706","type":"Feature","properties":{},"geometry":{"type":"Polygon","coordinates":[[[-6.261990468766505,53.36088124232899],[-6.262413154041076,53.36041896561747],[-6.261418019397174,53.360252239473255],[-6.261693072818573,53.359869659770055],[-6.262981233213638,53.36004771419676],[-6.261990468766505,53.36088124232899]]]}},{"id":"17723","type":"Feature","properties":{},"geometry":{"type":"Polygon","coordinates":[[[-6.242194516396773,53.32782395661783],[-6.239352391764201,53.32561372664282],[-6.2407353862518935,53.324867161622535],[-6.245097768229781,53.32793668665504],[-6.242194516396773,53.32782395661783]]]}},{"id":"17729","type":"Feature","properties":{},"geometry":{"type":"Polygon","coordinates":[[[-6.264662791898438,53.31788054227513],[-6.2669638511161905,53.31664701168484],[-6.268366351736396,53.31711908101329],[-6.266657071748029,53.31763364063083],[-6.2677268224471785,53.31796651735181],[-6.266639240411202,53.31819138348729],[-6.264662791898438,53.31788054227513]]]}},{"id":"17740","type":"Feature","properties":{},"geometry":{"type":"Polygon","coordinates":[[[-6.291037017995595,53.394678916453735],[-6.292534457833953,53.3930874743235],[-6.293793804896549,53.39311815441275],[-6.294674024238239,53.393966454924595],[-6.293278348165504,53.395709999296805],[-6.291037017995595,53.394678916453735]]]}},{"id":"17754","type":"Feature","properties":{},"geometry":{"type":"Polygon","coordinates":[[[-6.298217585872751,53.38731238053918],[-6.302850044944089,53.38651512890207],[-6.302149034510627,53.384954666084745],[-6.303501670493363,53.384576260897575],[-6.304618391470328,53.38600709090355],[-6.303572143755399,53.38638509118654],[-6.305312423420032,53.387982064443705],[-6.301679852041832,53.38771314132844],[-6.299349061183561,53.388227882475135],[-6.298217585872751,53.38731238053918]]]}},{"id":"17766","type":"Feature","properties":{},"geometry":{"type":"Polygon","coordinates":[[[-6.28569473532284,53.36699093698615],[-6.286315362120931,53.366792056109695],[-6.287356368037513,53.36551687379665],[-6.287954437537398,53.367015961681865],[-6.286747499148133,53.36760383276163],[-6.28569473532284,53.36699093698615]]]}},{"id":"17767","type":"Feature","properties":{},"geometry":{"type":"Polygon","coordinates":[[[-6.302336712534048,53.32357907263199],[-6.303621007092042,53.321751055980215],[-6.305092086360686,53.3217073169469],[-6.3046623892165465,53.321141638977906],[-6.305573305670471,53.32084721682517],[-6.306879500030363,53.322695046930875],[-6.302336712534048,53.32357907263199]]]}},{"id":"17782","type":"Feature","properties":{},"geometry":{"type":"Polygon","coordinates":[[[-6.236792217841738,53.33602736959053],[-6.235154880922685,53.334702723742076],[-6.232404905383464,53.335321407566056],[-6.2321863206757655,53.3347298570112],[-6.234827840899068,53.333615745814654],[-6.236792217841738,53.33602736959053]]]}},{"id":"17783","type":"Feature","properties":{},"geometry":{"type":"Polygon","coordinates":[[[-6.204189606385468,53.40397175622593],[-6.203620133674488,53.40297150275344],[-6.200907928344305,53.402061184650215],[-6.201585756402131,53.40122751239368],[-6.205341512179542,53.40208580070063],[-6.204167811856955,53.40224215111479],[-6.204189606385468,53.40397175622593]]]}},{"id":"17790","type":"Feature","properties":{},"geometry":{"type":"Polygon","coordinates":[[[-6.265606586280461,53.322803224955486],[-6.268128243468669,53.32246909485016],[-6.268243289599473,53.32293138917925],[-6.2673564112740845,53.32307179353508],[-6.2676946425391975,53.32389362697654],[-6.265389369792262,53.32404285625525],[-6.265606586280461,53.322803224955486]]]}},{"id":"17791","type":"Feature","properties":{},"geometry":{"type":"Polygon","coordinates":[[[-6.280006686272484,53.34987793738486],[-6.279842067543014,53.34845742436561],[-6.281115807803599,53.34908084103603],[-6.282000511666107,53.34865907234996],[-6.281737944351041,53.35004545083236],[-6.280006686272484,53.34987793738486]]]}},{"id":"17828","type":"Feature","properties":{},"geometry":{"type":"Polygon","coordinates":[[[-6.276700464600454,53.37758650729464],[-6.277532347077803,53.37660981272199],[-6.277643201825788,53.375515122181504],[-6.278335665544852,53.37575900046217],[-6.2773276704975185,53.37774266030186],[-6.276700464600454,53.37758650729464]]]}},{"id":"17831","type":"Feature","properties":{},"geometry":{"type":"Polygon","coordinates":[[[-6.309578118952031,53.32483622535682],[-6.315884919952227,53.324323369407765],[-6.316716479970918,53.324933298798584],[-6.3089376739163185,53.325294537611065],[-6.309578118952031,53.32483622535682]]]}},{"id":"17835","type":"Feature","properties":{},"geometry":{"type":"Polygon","coordinates":[[[-6.307956993153255,53.32522752924016],[-6.30739265127866,53.32408471468882],[-6.308166834754962,53.324023712138406],[-6.3082770829518005,53.324576182152796],[-6.310153212527986,53.32439292158636],[-6.312717370821668,53.32256319610407],[-6.313241696022175,53.32275263822166],[-6.3117372804239995,53.32404426122381],[-6.3089376739163185,53.325294537611065],[-6.307956993153255,53.32522752924016]]]}},{"id":"17841","type":"Feature","properties":{},"geometry":{"type":"Polygon","coordinates":[[[-6.352055606144809,53.34464243255903],[-6.354748326683686,53.34231397277432],[-6.3558945816285455,53.34240781675536],[-6.352871855995697,53.34513016642533],[-6.352055606144809,53.34464243255903]]]}},{"id":"17845","type":"Feature","properties":{},"geometry":{"type":"Polygon","coordinates":[[[-6.263775361254431,53.4011881763427],[-6.260981397969594,53.40071082321423],[-6.261163430402863,53.40015877979718],[-6.2625447741487665,53.40048130369844],[-6.2638084946372805,53.39957562593822],[-6.263775361254431,53.4011881763427]]]}},{"id":"17862","type":"Feature","properties":{},"geometry":{"type":"Polygon","coordinates":[[[-6.327296007719279,53.3196385226813],[-6.332121241400772,53.31711731289291],[-6.332982231640055,53.31711584748385],[-6.3321241670028625,53.31922350992813],[-6.330831102384604,53.31908396630295],[-6.328630341378058,53.32038493644208],[-6.327296007719279,53.3196385226813]]]}},{"id":"17868","type":"Feature","properties":{},"geometry":{"type":"Polygon","coordinates":[[[-6.236415822780091,53.38992366688309],[-6.237022676827726,53.387922922102554],[-6.237126263284701,53.389480829322224],[-6.239859676100251,53.38894681124358],[-6.241148868617345,53.389354153964646],[-6.240439678031773,53.390000676584144],[-6.236415822780091,53.38992366688309]]]}},{"id":"17874","type":"Feature","properties":{},"geometry":{"type":"Polygon","coordinates":[[[-6.298217585872751,53.38731238053918],[-6.292649659765434,53.38302465205368],[-6.297843099728651,53.38190498591471],[-6.299821267940748,53.38305923440953],[-6.303425275965859,53.382756533288955],[-6.303501670493363,53.384576260897575],[-6.2996837290600025,53.385224598622315],[-6.298217585872751,53.38731238053918]]]}},{"id":"17875","type":"Feature","properties":{},"geometry":{"type":"Polygon","coordinates":[[[-6.282176598026004,53.34794077253629],[-6.276952860992205,53.347096759978314],[-6.277521897672434,53.345869293757815],[-6.28048686217981,53.34642646836454],[-6.280162643147136,53.34714654960339],[-6.282335687638706,53.34737010865626],[-6.282176598026004,53.34794077253629]]]}},{"id":"17880","type":"Feature","properties":{},"geometry":{"type":"Polygon","coordinates":[[[-6.259551063411665,53.3208000057331],[-6.258508010511052,53.31613873218261],[-6.260967445699624,53.31607599918039],[-6.2606480185492455,53.31737475856237],[-6.264880445877183,53.31753290137607],[-6.264405045399483,53.318796567057696],[-6.261719390301072,53.319512605664585],[-6.262025733234918,53.32041587560981],[-6.261387219629659,53.32076395691574],[-6.259551063411665,53.3208000057331]]]}},{"id":"17890","type":"Feature","properties":{},"geometry":{"type":"Polygon","coordinates":[[[-6.157440334590188,53.392032216690225],[-6.156004224240204,53.39139695429288],[-6.157424954674708,53.39032423965779],[-6.160363213671268,53.39083090027984],[-6.160511766369316,53.3919793712972],[-6.157440334590188,53.392032216690225]]]}},{"id":"17898","type":"Feature","properties":{},"geometry":{"type":"Polygon","coordinates":[[[-6.2290390907351885,53.352093424681826],[-6.230751085960926,53.3537351432463],[-6.229214536498854,53.35498204175889],[-6.227033130524673,53.353675371253686],[-6.2290390907351885,53.352093424681826]]]}},{"id":"17903","type":"Feature","properties":{},"geometry":{"type":"Polygon","coordinates":[[[-6.23712635907082,53.350358978865614],[-6.2375689889523365,53.349910232704694],[-6.23869298377311,53.34998645778392],[-6.23844097993551,53.35044449406928],[-6.23712635907082,53.350358978865614]]]}},{"id":"17913","type":"Feature","properties":{},"geometry":{"type":"Polygon","coordinates":[[[-6.1897174195379705,53.38278578532456],[-6.188387902823438,53.38157067180458],[-6.190326338353833,53.38076213970893],[-6.190178069920169,53.380051668975455],[-6.1922389190917135,53.380282888688285],[-6.192228946185496,53.38154971789203],[-6.190413247506319,53.381982692870885],[-6.190855238748238,53.38240069172697],[-6.1897174195379705,53.38278578532456]]]}},{"id":"17935","type":"Feature","properties":{},"geometry":{"type":"Polygon","coordinates":[[[-6.27884408480827,53.34854897465926],[-6.279163509272571,53.34763738155441],[-6.280015690951749,53.34770007470467],[-6.27979779586744,53.348634759146194],[-6.27884408480827,53.34854897465926]]]}},{"id":"17943","type":"Feature","properties":{},"geometry":{"type":"Polygon","coordinates":[[[-6.242685857796996,53.34157369830833],[-6.243147893492089,53.34029820043725],[-6.245385136488786,53.34115012502097],[-6.2448904913531225,53.34240882883191],[-6.242685857796996,53.34157369830833]]]}},{"id":"17945","type":"Feature","properties":{},"geometry":{"type":"Polygon","coordinates":[[[-6.21046755289984,53.37482971919641],[-6.211771075280961,53.37371685997251],[-6.213235719457474,53.37400091846059],[-6.2131832257382165,53.37256439361799],[-6.214757214852637,53.372889987111634],[-6.214046573264594,53.3741799204097],[-6.216015359871688,53.374595434302705],[-6.215758467194722,53.37491790821598],[-6.211908507965034,53.37429729722205],[-6.2113168130205,53.37518588759809],[-6.21046755289984,53.37482971919641]]]}},{"id":"17972","type":"Feature","properties":{},"geometry":{"type":"Polygon","coordinates":[[[-6.25227228115478,53.39256629305142],[-6.251594626379918,53.393485492130345],[-6.251762810274064,53.395979589238294],[-6.251212379826927,53.396906581361385],[-6.252079393018226,53.397348117836955],[-6.251942130359219,53.398217832370825],[-6.250211380165115,53.39728241693048],[-6.251478008158156,53.395889905508746],[-6.250415939500079,53.39443515771572],[-6.251146570497856,53.39235150196366],[-6.25227228115478,53.39256629305142]]]}},{"id":"17975","type":"Feature","properties":{},"geometry":{"type":"Polygon","coordinates":[[[-6.252868590251498,53.39875526396022],[-6.251585444593902,53.39907591133125],[-6.25198138748366,53.3978386888894],[-6.256680722073838,53.3985087457368],[-6.256219668199649,53.39933268710451],[-6.252868590251498,53.39875526396022]]]}},{"id":"17983","type":"Feature","properties":{},"geometry":{"type":"Polygon","coordinates":[[[-6.355374943298536,53.33752617131307],[-6.355547559607552,53.33632675262576],[-6.357635570596164,53.33610944221664],[-6.358012718776436,53.33767831422976],[-6.355374943298536,53.33752617131307]]]}},{"id":"17986","type":"Feature","properties":{},"geometry":{"type":"Polygon","coordinates":[[[-6.248338895627516,53.35123757744364],[-6.24886579060266,53.35024948142365],[-6.2457338681753365,53.349996180827034],[-6.245839748848505,53.3494007549837],[-6.243495985877944,53.349248564892896],[-6.243862449076865,53.34705225298193],[-6.254943092706413,53.34785347741619],[-6.254717727925995,53.34909209633194],[-6.2527986071973585,53.34949307429303],[-6.252243525687247,53.3502374389025],[-6.25096050337574,53.34990471868648],[-6.250242345946214,53.35108062105284],[-6.248338895627516,53.35123757744364]]]}},{"id":"17994","type":"Feature","properties":{},"geometry":{"type":"Polygon","coordinates":[[[-6.302388116862823,53.334025923310755],[-6.303809606525395,53.333327870169185],[-6.305793085308876,53.333283512954495],[-6.3057213913850685,53.334492603556626],[-6.303034431077145,53.33457208424599],[-6.302388116862823,53.334025923310755]]]}},{"id":"17996","type":"Feature","properties":{},"geometry":{"type":"Polygon","coordinates":[[[-6.3294316105516515,53.33276583772624],[-6.332400640552727,53.332941398580346],[-6.332785566253083,53.33380532571983],[-6.328290617737706,53.33433648697723],[-6.3294316105516515,53.33276583772624]]]}},{"id":"18005","type":"Feature","properties":{},"geometry":{"type":"Polygon","coordinates":[[[-6.259316041169969,53.34323800809334],[-6.250733021261872,53.34113769802868],[-6.254537015379122,53.336614184519725],[-6.256731446574485,53.33582156542399],[-6.2625554569713655,53.33758607695311],[-6.259316041169969,53.34323800809334]]]}},{"id":"18012","type":"Feature","properties":{},"geometry":{"type":"Polygon","coordinates":[[[-6.269703971056759,53.352381709829025],[-6.2704333622593875,53.351558243883574],[-6.2697199998200075,53.351339251507156],[-6.27088526511189,53.35060334630414],[-6.271650939078898,53.3519068556647],[-6.271061105439303,53.352821279360164],[-6.269703971056759,53.352381709829025]]]}},{"id":"18032","type":"Feature","properties":{},"geometry":{"type":"Polygon","coordinates":[[[-6.211123530628755,53.37075813542167],[-6.2094314186501,53.371316700910505],[-6.20911810695291,53.37093352648479],[-6.210382226421674,53.370291393690486],[-6.211123530628755,53.37075813542167]]]}},{"id":"18038","type":"Feature","properties":{},"geometry":{"type":"Polygon","coordinates":[[[-6.2525894010347205,53.38783631109547],[-6.254517249217881,53.386810281295524],[-6.25618334869647,53.38742623738781],[-6.256195750184934,53.388901512361414],[-6.253039977097178,53.38894274919864],[-6.2525894010347205,53.38783631109547]]]}},{"id":"18039","type":"Feature","properties":{},"geometry":{"type":"Polygon","coordinates":[[[-6.210400320245968,53.32209998261118],[-6.208888627638499,53.32032548794504],[-6.206208699159442,53.32090428705033],[-6.2060673579983945,53.32003179557053],[-6.209298070531935,53.31931881511264],[-6.211685882754264,53.32095095771598],[-6.210400320245968,53.32209998261118]]]}},{"id":"18044","type":"Feature","properties":{},"geometry":{"type":"Polygon","coordinates":[[[-6.29690993652757,53.35865169877922],[-6.297056818812304,53.357225854841346],[-6.3004355605778395,53.35847179134198],[-6.299944518531175,53.35888448413553],[-6.29690993652757,53.35865169877922]]]}},{"id":"18045","type":"Feature","properties":{},"geometry":{"type":"Polygon","coordinates":[[[-6.287954437537398,53.367015961681865],[-6.287658180611867,53.365696292119665],[-6.285744898806635,53.36525062693018],[-6.286207794085456,53.36495036053231],[-6.289016203778041,53.3652726508871],[-6.290186303489493,53.36614816662686],[-6.289295532562226,53.36751753740719],[-6.287954437537398,53.367015961681865]]]}},{"id":"18047","type":"Feature","properties":{},"geometry":{"type":"Polygon","coordinates":[[[-6.262358119881178,53.360863838744486],[-6.262981233213638,53.36004771419676],[-6.264021885872188,53.36012890270888],[-6.263151943200455,53.36100709815719],[-6.262358119881178,53.360863838744486]]]}},{"id":"18052","type":"Feature","properties":{},"geometry":{"type":"Polygon","coordinates":[[[-6.263696525956766,53.340235669590214],[-6.264327659717209,53.33926002529643],[-6.265847155674711,53.33959280552901],[-6.265593269508928,53.340690590354725],[-6.263696525956766,53.340235669590214]]]}},{"id":"18063","type":"Feature","properties":{},"geometry":{"type":"Polygon","coordinates":[[[-6.350017908188292,53.33876767431096],[-6.350763111446196,53.34153460749716],[-6.3507900272594275,53.34185127627443],[-6.349497285392706,53.34171530611715],[-6.348748560567381,53.33862063112198],[-6.350017908188292,53.33876767431096]]]}},{"id":"18077","type":"Feature","properties":{},"geometry":{"type":"Polygon","coordinates":[[[-6.289409954243399,53.34337149060345],[-6.290761648831236,53.34277123408761],[-6.2904932875226836,53.342238359806316],[-6.291533344072866,53.34221513959354],[-6.290800523798842,53.34336130103379],[-6.289409954243399,53.34337149060345]]]}},{"id":"18097","type":"Feature","properties":{},"geometry":{"type":"Polygon","coordinates":[[[-6.189560786922662,53.39236461346773],[-6.189344378003949,53.39126072286443],[-6.184498708477427,53.39112496601406],[-6.190861765582784,53.39070268293734],[-6.189560786922662,53.39236461346773]]]}},{"id":"18100","type":"Feature","properties":{},"geometry":{"type":"MultiPolygon","coordinates":[[[[-6.206747079555989,53.31678977994646],[-6.205261216236816,53.31617414419576],[-6.204878509754354,53.3164349864412],[-6.20330507337107,53.31538162639749],[-6.204272539234786,53.31506161956097],[-6.204103976688245,53.31370955184295],[-6.207168740784826,53.313928379202785],[-6.207681754266064,53.31242683973479],[-6.20886160959088,53.312251533588196],[-6.207804952979897,53.31351052376811],[-6.2089849471039384,53.31386131739923],[-6.209223911393968,53.31500357041256],[-6.208218042527166,53.31515021548212],[-6.208098731185482,53.31618890031333],[-6.206695973867601,53.31633813500937],[-6.206747079555989,53.31678977994646]]],[[[-6.206747079555989,53.31678977994646],[-6.207694015395555,53.31718210336196],[-6.20674859630075,53.31680318622372],[-6.206747079555989,53.31678977994646]]]]}},{"id":"18112","type":"Feature","properties":{},"geometry":{"type":"Polygon","coordinates":[[[-6.265078600268458,53.31228742281283],[-6.266185804810988,53.311107227374116],[-6.268760576860116,53.31125309915511],[-6.268909531572588,53.3128236304475],[-6.265263949234148,53.31312381504461],[-6.265078600268458,53.31228742281283]]]}},{"id":"18132","type":"Feature","properties":{},"geometry":{"type":"Polygon","coordinates":[[[-6.15903742006222,53.37797835719657],[-6.161077233406228,53.37667593640438],[-6.163271763520024,53.377212603229914],[-6.162724890860545,53.378817101485],[-6.1615335828965865,53.37888977956399],[-6.15903742006222,53.37797835719657]]]}},{"id":"18144","type":"Feature","properties":{},"geometry":{"type":"Polygon","coordinates":[[[-6.237022676827726,53.387922922102554],[-6.233879790268819,53.38614761790525],[-6.234336029252626,53.38564378113469],[-6.235327419599212,53.385419988484024],[-6.238781893660836,53.38722096574707],[-6.238722777120878,53.387854247930754],[-6.237022676827726,53.387922922102554]]]}},{"id":"18148","type":"Feature","properties":{},"geometry":{"type":"Polygon","coordinates":[[[-6.297158159402816,53.34328928459901],[-6.299222480617839,53.344008123837376],[-6.299387838135558,53.34448365758378],[-6.296348688981845,53.34477155446097],[-6.297158159402816,53.34328928459901]]]}},{"id":"18163","type":"Feature","properties":{},"geometry":{"type":"Polygon","coordinates":[[[-6.314165975242777,53.337736871127646],[-6.314196754141998,53.33597775054549],[-6.317659251447301,53.335577610706416],[-6.318196768457139,53.338229799016865],[-6.31637810027445,53.33835644978179],[-6.316286455529144,53.337635914664865],[-6.314165975242777,53.337736871127646]]]}},{"id":"18169","type":"Feature","properties":{},"geometry":{"type":"Polygon","coordinates":[[[-6.317908375078851,53.38067901159796],[-6.316948306924951,53.379970337165844],[-6.319636288318706,53.37949205767994],[-6.322036591585343,53.379671468283775],[-6.321810620233058,53.38090608047711],[-6.317908375078851,53.38067901159796]]]}},{"id":"18171","type":"Feature","properties":{},"geometry":{"type":"Polygon","coordinates":[[[-6.300611578265061,53.390033073559955],[-6.293564871959248,53.38976692136035],[-6.295180391436216,53.3889990339963],[-6.294639607761355,53.38856295854826],[-6.295362368872553,53.38774400381286],[-6.293315898223161,53.38652844161396],[-6.294041485699212,53.38557276448355],[-6.292428206162347,53.38419113003524],[-6.294038774291111,53.38409795421842],[-6.300164313157258,53.388968583781626],[-6.300611578265061,53.390033073559955]]]}},{"id":"18177","type":"Feature","properties":{},"geometry":{"type":"Polygon","coordinates":[[[-6.323360250855069,53.37649885864307],[-6.325175618002221,53.37637888564439],[-6.323516080541975,53.376880493499286],[-6.323360250855069,53.37649885864307]]]}},{"id":"18179","type":"Feature","properties":{},"geometry":{"type":"Polygon","coordinates":[[[-6.2554218802898065,53.3768957581183],[-6.2570808509120255,53.37413256981504],[-6.260622943521582,53.37459291604357],[-6.261132706650184,53.37526375411571],[-6.2600898928268505,53.375338742155556],[-6.2609508590917855,53.37568530556464],[-6.260148665684117,53.37724806348371],[-6.259112067567183,53.3770714318902],[-6.25907248244359,53.37754769781526],[-6.2554218802898065,53.3768957581183]]]}},{"id":"18180","type":"Feature","properties":{},"geometry":{"type":"Polygon","coordinates":[[[-6.299472170050838,53.39214444093147],[-6.29714572413332,53.39179710022511],[-6.298348259111881,53.3901347861292],[-6.300611578265061,53.390033073559955],[-6.300958165585522,53.390879526625454],[-6.299691944346912,53.391236727891226],[-6.300798488702481,53.392204681996844],[-6.300800973694839,53.393540683962144],[-6.299472170050838,53.39214444093147]]]}},{"id":"18184","type":"Feature","properties":{},"geometry":{"type":"Polygon","coordinates":[[[-6.305916107239881,53.32509572040451],[-6.302038283559805,53.32485479162695],[-6.301288312335455,53.32403630025015],[-6.3033693521766025,53.323661508184394],[-6.303865399413776,53.32438641420563],[-6.306345962876801,53.324535800000625],[-6.305916107239881,53.32509572040451]]]}},{"id":"18189","type":"Feature","properties":{},"geometry":{"type":"Polygon","coordinates":[[[-6.310895819187467,53.33138131976826],[-6.312640666487519,53.331197229086406],[-6.312529450300753,53.330598623687294],[-6.3139465410433475,53.33025580391442],[-6.3139387575496135,53.33161727762481],[-6.310998656577387,53.33203754745378],[-6.310895819187467,53.33138131976826]]]}},{"id":"18190","type":"Feature","properties":{},"geometry":{"type":"Polygon","coordinates":[[[-6.311193120208737,53.33275797059225],[-6.314480871390476,53.33228003332914],[-6.315315329830356,53.331439464844856],[-6.31751169615982,53.33207203288825],[-6.311462273137411,53.33348265922504],[-6.311193120208737,53.33275797059225]]]}},{"id":"18195","type":"Feature","properties":{},"geometry":{"type":"Polygon","coordinates":[[[-6.368124102498308,53.33479978113412],[-6.373793051267128,53.33437266948983],[-6.372224870485181,53.33698378058772],[-6.372105786247671,53.33615593568456],[-6.369206153261408,53.33595436178087],[-6.368124102498308,53.33479978113412]]]}},{"id":"18200","type":"Feature","properties":{},"geometry":{"type":"Polygon","coordinates":[[[-6.311229453302023,53.34333064200623],[-6.308739233011198,53.343564272173346],[-6.30863525568964,53.342722361273076],[-6.3110162656913,53.34271347072227],[-6.311229453302023,53.34333064200623]]]}},{"id":"18223","type":"Feature","properties":{},"geometry":{"type":"Polygon","coordinates":[[[-6.264340065427816,53.32962974451203],[-6.264430997675366,53.32916877198069],[-6.267477636976247,53.3291692336737],[-6.267504908777879,53.32949176425721],[-6.264340065427816,53.32962974451203]]]}},{"id":"18225","type":"Feature","properties":{},"geometry":{"type":"Polygon","coordinates":[[[-6.264949733783381,53.31996958894526],[-6.265762763866132,53.31988173436848],[-6.266296931317834,53.32053643027501],[-6.265396095329808,53.3207314985437],[-6.264949733783381,53.31996958894526]]]}},{"id":"18237","type":"Feature","properties":{},"geometry":{"type":"Polygon","coordinates":[[[-6.286883415443931,53.389800366073175],[-6.291337053699787,53.389177786281465],[-6.291730867399485,53.389947017432284],[-6.287210481220615,53.39041135440372],[-6.286883415443931,53.389800366073175]]]}},{"id":"18238","type":"Feature","properties":{},"geometry":{"type":"Polygon","coordinates":[[[-6.157370481013059,53.39376429617294],[-6.15467899454007,53.39320745108075],[-6.154476888718028,53.3925599983464],[-6.154040308335536,53.3928791955261],[-6.156004224240204,53.39139695429288],[-6.1581809210837255,53.39227589251987],[-6.157370481013059,53.39376429617294]]]}},{"id":"18239","type":"Feature","properties":{},"geometry":{"type":"Polygon","coordinates":[[[-6.239749468775306,53.35549396033471],[-6.240997943586638,53.35517848969805],[-6.240544442639977,53.354915857401664],[-6.2414420621884075,53.35445520899101],[-6.242455710636995,53.355202658489524],[-6.240086428127212,53.35643852279177],[-6.239749468775306,53.35549396033471]]]}},{"id":"18248","type":"Feature","properties":{},"geometry":{"type":"Polygon","coordinates":[[[-6.248522318206949,53.367533596473365],[-6.250081646902024,53.36622837274819],[-6.251649268505113,53.3667885866566],[-6.249422899433825,53.36780258514328],[-6.248522318206949,53.367533596473365]]]}},{"id":"18249","type":"Feature","properties":{},"geometry":{"type":"Polygon","coordinates":[[[-6.318848221291367,53.372654605379736],[-6.322954138789,53.37227566387154],[-6.323509308943022,53.3726192822632],[-6.323159226162952,53.373632568743076],[-6.320197650775126,53.373814515711906],[-6.32010814688378,53.37431674543558],[-6.319315794158528,53.374338935394455],[-6.318848221291367,53.372654605379736]]]}},{"id":"18251","type":"Feature","properties":{},"geometry":{"type":"Polygon","coordinates":[[[-6.23981221754998,53.36617503133681],[-6.240292636202835,53.36526382786448],[-6.242010225863571,53.36565481586292],[-6.242834914228725,53.36525791316649],[-6.24199597413913,53.36641329245563],[-6.23981221754998,53.36617503133681]]]}},{"id":"18256","type":"Feature","properties":{},"geometry":{"type":"Polygon","coordinates":[[[-6.28324907771425,53.35918204237345],[-6.284642252141734,53.36006620811951],[-6.285990030651706,53.360054287591524],[-6.287098487464786,53.358840520755024],[-6.286192442397429,53.36062824221211],[-6.28357610596112,53.3605391718434],[-6.28324907771425,53.35918204237345]]]}},{"id":"18263","type":"Feature","properties":{},"geometry":{"type":"Polygon","coordinates":[[[-6.37805343906205,53.33173982870232],[-6.377979404925895,53.3332252449303],[-6.3764609463403055,53.33324843305581],[-6.3740017574828,53.331907000002055],[-6.37805343906205,53.33173982870232]]]}},{"id":"18265","type":"Feature","properties":{},"geometry":{"type":"Polygon","coordinates":[[[-6.282307886719892,53.35857839522536],[-6.279373177573308,53.35673871529382],[-6.278369681359311,53.35758346478444],[-6.277481164671945,53.357394691273036],[-6.276641174086929,53.35485345210915],[-6.275337712914403,53.35398833714077],[-6.275507395168437,53.35295799591201],[-6.27715784216514,53.35310934307009],[-6.277668495950679,53.35137471709083],[-6.279733318026458,53.35166759494325],[-6.279913075186127,53.35275635990635],[-6.285851691903219,53.35477102181854],[-6.285689166794055,53.35786277463899],[-6.282307886719892,53.35857839522536]]]}},{"id":"18266","type":"Feature","properties":{},"geometry":{"type":"Polygon","coordinates":[[[-6.194881474160136,53.40711580420694],[-6.195770345491846,53.40325285197538],[-6.19925321293604,53.4038105807136],[-6.2000835526098115,53.4057651744464],[-6.19941698277193,53.405787848503984],[-6.198865526816221,53.40732873077144],[-6.194881474160136,53.40711580420694]]]}},{"id":"18281","type":"Feature","properties":{},"geometry":{"type":"Polygon","coordinates":[[[-6.2145475372107715,53.3794668224233],[-6.213164471681397,53.37842491902686],[-6.215467638193004,53.377316807471345],[-6.220735440563481,53.37936455828744],[-6.220471434937058,53.37978096977529],[-6.218083162233786,53.37907608041292],[-6.2171309868124744,53.37986214534245],[-6.215029991393717,53.37913633681555],[-6.2145475372107715,53.3794668224233]]]}},{"id":"18297","type":"Feature","properties":{},"geometry":{"type":"Polygon","coordinates":[[[-6.234509185091038,53.33895761224514],[-6.23410144790298,53.338437508645924],[-6.234420521352786,53.337906402046016],[-6.235041343124017,53.33826128207152],[-6.234509185091038,53.33895761224514]]]}},{"id":"18301","type":"Feature","properties":{},"geometry":{"type":"Polygon","coordinates":[[[-6.229703476979006,53.39296975946481],[-6.229899189500907,53.39132202550867],[-6.23440616443417,53.390757991516494],[-6.231887918603803,53.39387792654467],[-6.229703476979006,53.39296975946481]]]}},{"id":"18310","type":"Feature","properties":{},"geometry":{"type":"Polygon","coordinates":[[[-6.180423574856849,53.38875118451988],[-6.182198453404794,53.3881380013394],[-6.180080428810694,53.385184408229485],[-6.18156620566273,53.385080437613595],[-6.181250990671044,53.38646283307154],[-6.183676000940782,53.38696299257623],[-6.184181673517583,53.387608226067435],[-6.183001857876964,53.38890288515053],[-6.181075730390025,53.389241110574005],[-6.180423574856849,53.38875118451988]]]}},{"id":"18316","type":"Feature","properties":{},"geometry":{"type":"Polygon","coordinates":[[[-6.290593345708054,53.353543326233364],[-6.289291891839656,53.35377059661962],[-6.287002740813904,53.3532690809829],[-6.288251533447756,53.35257262204722],[-6.290593345708054,53.353543326233364]]]}},{"id":"18319","type":"Feature","properties":{},"geometry":{"type":"Polygon","coordinates":[[[-6.297877930666847,53.31175285421399],[-6.298500223457941,53.31008252071244],[-6.29965534309027,53.30948244612093],[-6.302468160233098,53.30930076931824],[-6.3026799062816865,53.310246069197454],[-6.299568904450265,53.31210421393209],[-6.297877930666847,53.31175285421399]]]}},{"id":"18325","type":"Feature","properties":{},"geometry":{"type":"Polygon","coordinates":[[[-6.287243521369262,53.354954123884696],[-6.285866634295346,53.353743244125084],[-6.28615571897385,53.35356412999786],[-6.2896061276730455,53.354503026736595],[-6.288960322384169,53.35499329738117],[-6.287243521369262,53.354954123884696]]]}},{"id":"18330","type":"Feature","properties":{},"geometry":{"type":"Polygon","coordinates":[[[-6.217311906266958,53.39537133601754],[-6.2194104438478375,53.39267980983104],[-6.220486643556533,53.392935697247154],[-6.218290699819123,53.39576300944257],[-6.217311906266958,53.39537133601754]]]}},{"id":"18346","type":"Feature","properties":{},"geometry":{"type":"Polygon","coordinates":[[[-6.258604656037352,53.399156489424406],[-6.261448693475451,53.39777107328247],[-6.264064616410331,53.39780761443164],[-6.2638084946372805,53.39957562593822],[-6.262995731734108,53.399815390285774],[-6.2618680276624605,53.399596691474294],[-6.2617004208135,53.399951579461465],[-6.258604656037352,53.399156489424406]]]}},{"id":"18348","type":"Feature","properties":{},"geometry":{"type":"Polygon","coordinates":[[[-6.308445956736723,53.31816309859196],[-6.3100988947125005,53.31717402086663],[-6.3121904858400635,53.31805605732257],[-6.312846970422531,53.31940389510953],[-6.309619541577533,53.31978774983931],[-6.308445956736723,53.31816309859196]]]}},{"id":"18355","type":"Feature","properties":{},"geometry":{"type":"Polygon","coordinates":[[[-6.249337370970115,53.39002298476836],[-6.253039977097178,53.38894274919864],[-6.257685234568945,53.389095896911726],[-6.256805606245368,53.389323340786994],[-6.256467821552047,53.390207038760096],[-6.253426307884545,53.38989035191303],[-6.253451720378804,53.390726047361404],[-6.250070298508719,53.3907274580428],[-6.250026360642208,53.389984678136635],[-6.249337370970115,53.39002298476836]]]}},{"id":"18356","type":"Feature","properties":{},"geometry":{"type":"Polygon","coordinates":[[[-6.313881635130854,53.326591350503556],[-6.3158815873404945,53.32602634564987],[-6.317319865519008,53.326743137152086],[-6.316181697953486,53.32930874526291],[-6.314806198121058,53.32939225306533],[-6.313881635130854,53.326591350503556]]]}},{"id":"18368","type":"Feature","properties":{},"geometry":{"type":"Polygon","coordinates":[[[-6.378868648868741,53.33702312935546],[-6.3803335692896646,53.33676302407488],[-6.3815719590916915,53.337745937764325],[-6.378829215910991,53.33810192286712],[-6.378868648868741,53.33702312935546]]]}},{"id":"18371","type":"Feature","properties":{},"geometry":{"type":"Polygon","coordinates":[[[-6.156082993683111,53.39827423908464],[-6.157400733201871,53.39611394420098],[-6.1599036444569695,53.39662213241221],[-6.160020553490978,53.39606299975366],[-6.162461209174763,53.39621442218706],[-6.161642522819469,53.398606712944925],[-6.156082993683111,53.39827423908464]]]}},{"id":"18381","type":"Feature","properties":{},"geometry":{"type":"Polygon","coordinates":[[[-6.280410871518316,53.34641389537003],[-6.279730153601399,53.345691650616814],[-6.280787576166081,53.345374216341234],[-6.280410871518316,53.34641389537003]]]}},{"id":"18386","type":"Feature","properties":{},"geometry":{"type":"Polygon","coordinates":[[[-6.280993235923627,53.33700346771265],[-6.28434389789607,53.33610201012114],[-6.286276269323132,53.33728107818971],[-6.281830155318683,53.33819774653061],[-6.280993235923627,53.33700346771265]]]}},{"id":"18389","type":"Feature","properties":{},"geometry":{"type":"Polygon","coordinates":[[[-6.236555952802832,53.35031923499536],[-6.2366745293929355,53.349468489213784],[-6.240350323472438,53.34967520507368],[-6.2402628864155085,53.35002341021377],[-6.2375689889523365,53.349910232704694],[-6.236555952802832,53.35031923499536]]]}},{"id":"18391","type":"Feature","properties":{},"geometry":{"type":"Polygon","coordinates":[[[-6.235861267569375,53.34650582983157],[-6.236041494866777,53.34493348339554],[-6.237082037138749,53.34501712832483],[-6.236831353748623,53.346573207154066],[-6.235861267569375,53.34650582983157]]]}},{"id":"18406","type":"Feature","properties":{},"geometry":{"type":"Polygon","coordinates":[[[-6.249335454673333,53.344103757361495],[-6.244575768084496,53.343174536017024],[-6.24509387939196,53.34189307021004],[-6.248805857746586,53.342707650919145],[-6.248519783133234,53.3432330143988],[-6.249714483103203,53.343479277415],[-6.249335454673333,53.344103757361495]]]}},{"id":"18458","type":"Feature","properties":{},"geometry":{"type":"Polygon","coordinates":[[[-6.27919854255881,53.32117415584041],[-6.279148571928164,53.31860277725713],[-6.281747868609626,53.31969864673757],[-6.27919854255881,53.32117415584041]]]}},{"id":"18483","type":"Feature","properties":{},"geometry":{"type":"Polygon","coordinates":[[[-6.164590717679479,53.374091848508186],[-6.1616944916853535,53.37304764612965],[-6.151871803871456,53.37161652038264],[-6.145975234584101,53.36747631088583],[-6.154641316158405,53.361802062125996],[-6.16467543999183,53.35334722334401],[-6.165199526498633,53.35249625090418],[-6.1620172579838455,53.350741347483016],[-6.179375584681472,53.35925071544306],[-6.176363942143983,53.35859520788283],[-6.1734478173785226,53.35945802750519],[-6.173110623372695,53.36140414435608],[-6.1716168366460495,53.36181147683784],[-6.172461378192177,53.36191549208021],[-6.171925627418282,53.362356184032556],[-6.170346972262956,53.36339051299577],[-6.168907101436918,53.36255944194759],[-6.170148612781728,53.36334630533494],[-6.169659191049859,53.36351885115357],[-6.170299299260689,53.36338899104944],[-6.169497545145093,53.364062999029976],[-6.16830684828037,53.36450051127008],[-6.166877355751768,53.36353276543025],[-6.16825784415756,53.36452088135992],[-6.168855404081845,53.36450202738971],[-6.166737488137918,53.365896747713784],[-6.166074488871183,53.363942740608294],[-6.166418058483401,53.36578230946842],[-6.165779160190856,53.36602418780807],[-6.166827367163586,53.36612522481321],[-6.164474313933285,53.36867437131714],[-6.161134275083957,53.3695131344234],[-6.159183379762957,53.370903986796236],[-6.15764957659174,53.37004433142083],[-6.158991921198685,53.371050120961016],[-6.158531712817863,53.37145230815545],[-6.156496099031788,53.371107163487245],[-6.156604184677862,53.370757833905664],[-6.1537604974459565,53.37135286451265],[-6.156551248553581,53.370822666192346],[-6.156367927181326,53.37114972907538],[-6.158285038110985,53.37159482977847],[-6.158035876844716,53.372368519466114],[-6.165025409120867,53.3726107954115],[-6.16529087759392,53.37147893773166],[-6.166794231941163,53.371152849049224],[-6.175638515691364,53.364354164283746],[-6.178264761089909,53.362628517916875],[-6.181966454737344,53.36088410620217],[-6.181119238267756,53.36017371023023],[-6.182421015687612,53.36081807379931],[-6.176344825888944,53.364360412612676],[-6.177241738534598,53.364805073897806],[-6.176732768542983,53.36530159053997],[-6.180765043908434,53.366919843337094],[-6.1796540445129375,53.368526349087574],[-6.176336762744036,53.36762906577597],[-6.175806693730018,53.36827578064608],[-6.17259934670531,53.36709305360216],[-6.167217217956361,53.370867319063755],[-6.164590717679479,53.374091848508186]]]}},{"id":"18491","type":"Feature","properties":{},"geometry":{"type":"Polygon","coordinates":[[[-6.307379250830096,53.399307616109176],[-6.306830090497024,53.39860423987861],[-6.3132899133104186,53.39838654531136],[-6.3127511183580385,53.39901269116898],[-6.311050942306973,53.39868596145792],[-6.310213394674225,53.399812804333976],[-6.308306177145753,53.3990381910189],[-6.307379250830096,53.399307616109176]]]}},{"id":"18503","type":"Feature","properties":{},"geometry":{"type":"Polygon","coordinates":[[[-6.288204079027094,53.32673017089401],[-6.282941138200591,53.3298568308502],[-6.2803242203683585,53.327852059095214],[-6.277320668137025,53.32739506111283],[-6.278491109108807,53.3247334634323],[-6.280771575905845,53.32503395677502],[-6.281719220520538,53.323566963166456],[-6.283382532167528,53.32289225680346],[-6.286472168727977,53.32398111725186],[-6.288204079027094,53.32673017089401]]]}},{"id":"18517","type":"Feature","properties":{},"geometry":{"type":"Polygon","coordinates":[[[-6.2439263076559675,53.344796289657154],[-6.244328045699252,53.34382265680671],[-6.245081912702206,53.34394484152398],[-6.244768379364641,53.34491244015993],[-6.2439263076559675,53.344796289657154]]]}},{"id":"18535","type":"Feature","properties":{},"geometry":{"type":"Polygon","coordinates":[[[-6.257432575428061,53.324326414026956],[-6.2589047016729555,53.32378458789226],[-6.260308490027207,53.323476598357765],[-6.260469499185666,53.32430192803889],[-6.257930735266179,53.32506278205062],[-6.257432575428061,53.324326414026956]]]}},{"id":"18549","type":"Feature","properties":{},"geometry":{"type":"Polygon","coordinates":[[[-6.277962263892323,53.34595161786836],[-6.278860760619076,53.344499443159364],[-6.278751039359825,53.34610272875148],[-6.277962263892323,53.34595161786836]]]}},{"id":"18555","type":"Feature","properties":{},"geometry":{"type":"Polygon","coordinates":[[[-6.267616950477018,53.31983817618261],[-6.266659468646053,53.31926961650549],[-6.264706963693127,53.3195238675013],[-6.2644195582903555,53.31890095984055],[-6.267402256457824,53.3183930991386],[-6.267616950477018,53.31983817618261]]]}},{"id":"18557","type":"Feature","properties":{},"geometry":{"type":"Polygon","coordinates":[[[-6.346463601635213,53.332193409160084],[-6.342802859299537,53.32685206210854],[-6.345959286179215,53.32587373314857],[-6.345273943665753,53.327552296716796],[-6.350146498282076,53.32959689944334],[-6.349149857782287,53.33026922076514],[-6.350628525943233,53.3316958313208],[-6.346463601635213,53.332193409160084]]]}},{"id":"18560","type":"Feature","properties":{},"geometry":{"type":"Polygon","coordinates":[[[-6.275445585221318,53.365313783351134],[-6.276585024014073,53.364374570338505],[-6.278483397938556,53.36528582189875],[-6.277474391691594,53.36585491063884],[-6.275445585221318,53.365313783351134]]]}},{"id":"18565","type":"Feature","properties":{},"geometry":{"type":"Polygon","coordinates":[[[-6.277716897480154,53.34278378203493],[-6.277199824899981,53.34149289718053],[-6.276951797370299,53.339795256331264],[-6.277995226107424,53.33984475514416],[-6.279094007794232,53.34223743092097],[-6.279113164126564,53.34280780404858],[-6.277716897480154,53.34278378203493]]]}},{"id":"18572","type":"Feature","properties":{},"geometry":{"type":"Polygon","coordinates":[[[-6.230073119023967,53.37663940872438],[-6.227089400778022,53.375622338306215],[-6.227542679296939,53.37483861984831],[-6.2294196008794405,53.37467862878147],[-6.231361884319378,53.37589840760117],[-6.230073119023967,53.37663940872438]]]}},{"id":"18584","type":"Feature","properties":{},"geometry":{"type":"Polygon","coordinates":[[[-6.233493252305167,53.37719391816811],[-6.2337828840646585,53.376768968654766],[-6.23832598674388,53.37766110646111],[-6.236473885959552,53.37792161561069],[-6.235887201224319,53.37869145875096],[-6.233493252305167,53.37719391816811]]]}},{"id":"18606","type":"Feature","properties":{},"geometry":{"type":"Polygon","coordinates":[[[-6.332400640552727,53.332941398580346],[-6.334324367278924,53.33086505609065],[-6.334890964445657,53.33060564390717],[-6.336174829925368,53.3311038330058],[-6.3359735652013685,53.332406690343234],[-6.336771781694768,53.333337648807664],[-6.332785566253083,53.33380532571983],[-6.332400640552727,53.332941398580346]]]}},{"id":"18612","type":"Feature","properties":{},"geometry":{"type":"Polygon","coordinates":[[[-6.233628065110444,53.323180241953324],[-6.2320460058131255,53.32145884498246],[-6.232226294094313,53.3193784146048],[-6.236230226883735,53.32205642377149],[-6.235132980211013,53.323739957545584],[-6.233628065110444,53.323180241953324]]]}},{"id":"18613","type":"Feature","properties":{},"geometry":{"type":"Polygon","coordinates":[[[-6.279803090130822,53.32400597264135],[-6.281432944368453,53.322660027496816],[-6.284599003134032,53.32185759965483],[-6.284621098603519,53.322309309515255],[-6.281719220520538,53.323566963166456],[-6.279803090130822,53.32400597264135]]]}},{"id":"18617","type":"Feature","properties":{},"geometry":{"type":"Polygon","coordinates":[[[-6.283557829100288,53.34793874710722],[-6.283925378185676,53.346990120173096],[-6.282575022984122,53.34663621481367],[-6.285641277095964,53.346813915094444],[-6.285551416212492,53.34798759759876],[-6.283557829100288,53.34793874710722]]]}},{"id":"18622","type":"Feature","properties":{},"geometry":{"type":"Polygon","coordinates":[[[-6.3020597972273755,53.36286667875724],[-6.302678746954172,53.3620132609355],[-6.303691730442781,53.362807889131574],[-6.305675980445466,53.36253515051391],[-6.304729613358207,53.3615026107771],[-6.306887922578172,53.36120976506732],[-6.3070475268040616,53.361922056900234],[-6.308842559595285,53.361313197464256],[-6.309902461127527,53.36175512699457],[-6.303843614671173,53.36345912779443],[-6.3020597972273755,53.36286667875724]]]}},{"id":"18635","type":"Feature","properties":{},"geometry":{"type":"Polygon","coordinates":[[[-6.1712843524117735,53.39439962827536],[-6.17150383557219,53.39249162834878],[-6.167306694561588,53.39267746401824],[-6.167490062064525,53.39200384668768],[-6.174675968465651,53.39198499753892],[-6.174576778841491,53.394280425588896],[-6.172098997062191,53.39393701814944],[-6.1712843524117735,53.39439962827536]]]}},{"id":"18638","type":"Feature","properties":{},"geometry":{"type":"Polygon","coordinates":[[[-6.287227255028424,53.33626658752842],[-6.288162354457328,53.335811073527495],[-6.288606609871796,53.33623558239561],[-6.2878735145663125,53.33665832540588],[-6.287227255028424,53.33626658752842]]]}},{"id":"18649","type":"Feature","properties":{},"geometry":{"type":"Polygon","coordinates":[[[-6.292357828246127,53.33667618373908],[-6.292763446816536,53.33757521575832],[-6.291506946029586,53.33772691405989],[-6.291308520208732,53.33731281345969],[-6.292357828246127,53.33667618373908]]]}},{"id":"18656","type":"Feature","properties":{},"geometry":{"type":"Polygon","coordinates":[[[-6.31010101510281,53.33029214216597],[-6.311435898827311,53.32999758598507],[-6.311546992024489,53.32740180411283],[-6.312866661726531,53.327373818930745],[-6.313036194679677,53.329706885459274],[-6.310430644433616,53.33075239849897],[-6.31010101510281,53.33029214216597]]]}},{"id":"18658","type":"Feature","properties":{},"geometry":{"type":"Polygon","coordinates":[[[-6.166432773952085,53.38449147865635],[-6.168758115925007,53.38355633656082],[-6.172845258924471,53.38424412317982],[-6.171398261194576,53.38534663647291],[-6.169315170982842,53.38496064117052],[-6.169441302652785,53.384304083010846],[-6.168809745498583,53.38487948122833],[-6.166432773952085,53.38449147865635]]]}},{"id":"18671","type":"Feature","properties":{},"geometry":{"type":"Polygon","coordinates":[[[-6.150808645098215,53.383586074885585],[-6.150478349700764,53.38238474184429],[-6.151457457701526,53.382872286445675],[-6.160373520463132,53.3811887269499],[-6.16113972797813,53.38140355575824],[-6.159681368338792,53.38234087411801],[-6.157436884695431,53.38226490759029],[-6.157278613906508,53.38270706586409],[-6.156065989057387,53.382876469625245],[-6.155931056986702,53.38252193015704],[-6.150808645098215,53.383586074885585]]]}},{"id":"18676","type":"Feature","properties":{},"geometry":{"type":"Polygon","coordinates":[[[-6.317382582850877,53.334774996289475],[-6.319241362864256,53.33437466181482],[-6.320647915878781,53.3328392139225],[-6.324644965578599,53.33242507008578],[-6.324947827719882,53.33473421102844],[-6.317603505193612,53.335583881980426],[-6.317382582850877,53.334774996289475]]]}},{"id":"18691","type":"Feature","properties":{},"geometry":{"type":"Polygon","coordinates":[[[-6.2659883084128225,53.347053784494534],[-6.26555175943034,53.34596236607747],[-6.267746231086564,53.34569419971218],[-6.268488609175953,53.3466363592201],[-6.2659883084128225,53.347053784494534]]]}},{"id":"18692","type":"Feature","properties":{},"geometry":{"type":"Polygon","coordinates":[[[-6.266299457375965,53.39244882400972],[-6.26759750392865,53.39113126481333],[-6.270013717018528,53.391897169906095],[-6.271123482941235,53.39274137017426],[-6.270082569231073,53.39325137964637],[-6.270746487733617,53.3943781221921],[-6.269079309296193,53.39287335081256],[-6.266299457375965,53.39244882400972]]]}},{"id":"18694","type":"Feature","properties":{},"geometry":{"type":"Polygon","coordinates":[[[-6.295120877413314,53.34888734889255],[-6.290042641101932,53.3486066849603],[-6.289928568437264,53.34796026380664],[-6.295106257577507,53.348138074738145],[-6.295120877413314,53.34888734889255]]]}},{"id":"18709","type":"Feature","properties":{},"geometry":{"type":"Polygon","coordinates":[[[-6.298959439010979,53.36475963440019],[-6.298748355942286,53.36334902675801],[-6.3020597972273755,53.36286667875724],[-6.308287030840557,53.36492299473737],[-6.30271087454842,53.36740716590432],[-6.301637474625221,53.367296855178026],[-6.298959439010979,53.36475963440019]]]}},{"id":"18711","type":"Feature","properties":{},"geometry":{"type":"Polygon","coordinates":[[[-6.298635567251208,53.36064870562787],[-6.297765082433832,53.36028084113917],[-6.297661873787881,53.358895066039025],[-6.299944518531175,53.35888448413553],[-6.30073007056192,53.358141998988216],[-6.301809371384474,53.35841432305575],[-6.300859532582144,53.359989653731176],[-6.299591329042568,53.35957305900394],[-6.298635567251208,53.36064870562787]]]}},{"id":"18715","type":"Feature","properties":{},"geometry":{"type":"Polygon","coordinates":[[[-6.291333596767203,53.3334615975127],[-6.292069146197878,53.33295488402037],[-6.294772038815277,53.33376360486256],[-6.293342943451433,53.33489209757921],[-6.291333596767203,53.3334615975127]]]}},{"id":"18727","type":"Feature","properties":{},"geometry":{"type":"Polygon","coordinates":[[[-6.21260450407404,53.40594450416079],[-6.213518699122879,53.40311225911078],[-6.214845934928315,53.4033153807847],[-6.21568778300429,53.40287071493005],[-6.214579098188117,53.4040033660839],[-6.216216039160192,53.40656916618766],[-6.21260450407404,53.40594450416079]]]}},{"id":"18733","type":"Feature","properties":{},"geometry":{"type":"Polygon","coordinates":[[[-6.216337425365538,53.39497584498693],[-6.218318338886973,53.39243998862633],[-6.2194104438478375,53.39267980983104],[-6.217311906266958,53.39537133601754],[-6.216337425365538,53.39497584498693]]]}},{"id":"18742","type":"Feature","properties":{},"geometry":{"type":"Polygon","coordinates":[[[-6.28827876345388,53.33041078228229],[-6.2882869268033454,53.32864060337321],[-6.290088772708419,53.32881348139203],[-6.2910871356400175,53.33065407006242],[-6.28827876345388,53.33041078228229]]]}},{"id":"18748","type":"Feature","properties":{},"geometry":{"type":"Polygon","coordinates":[[[-6.223263533752058,53.34102455277718],[-6.224191193154913,53.34031694703987],[-6.226575638441426,53.341835715449605],[-6.22555931031002,53.342199850212],[-6.223263533752058,53.34102455277718]]]}},{"id":"18768","type":"Feature","properties":{},"geometry":{"type":"Polygon","coordinates":[[[-6.269079878183675,53.40154139916105],[-6.269166505310298,53.40090415475399],[-6.270038514662644,53.40094623029465],[-6.269925633495008,53.401744537671576],[-6.269079878183675,53.40154139916105]]]}},{"id":"18781","type":"Feature","properties":{},"geometry":{"type":"Polygon","coordinates":[[[-6.1878937689424935,53.38705537856698],[-6.1871799269912495,53.38591413370472],[-6.1853729583615715,53.386410865010916],[-6.183584095146517,53.38499129784274],[-6.184649166877252,53.384491266573846],[-6.183548108638386,53.383876819386366],[-6.1852032818894545,53.38286504118317],[-6.189215401997986,53.38589693605924],[-6.189620316926829,53.38665783203711],[-6.1878937689424935,53.38705537856698]]]}},{"id":"18796","type":"Feature","properties":{},"geometry":{"type":"Polygon","coordinates":[[[-6.285851691903219,53.35477102181854],[-6.287243521369262,53.354954123884696],[-6.288724107648284,53.35723719504448],[-6.285689166794055,53.35786277463899],[-6.285851691903219,53.35477102181854]]]}},{"id":"18800","type":"Feature","properties":{},"geometry":{"type":"Polygon","coordinates":[[[-6.2482333442386535,53.36074416165698],[-6.246030900880575,53.359077742386305],[-6.247440271381066,53.358209049591586],[-6.250953718328889,53.359476926150094],[-6.24950278592917,53.36091232592354],[-6.2482333442386535,53.36074416165698]]]}},{"id":"18802","type":"Feature","properties":{},"geometry":{"type":"Polygon","coordinates":[[[-6.226898338819999,53.315463408505515],[-6.227585540341204,53.3147504769284],[-6.229331593564606,53.314615217368825],[-6.232003900785781,53.316559621085624],[-6.229653306614881,53.317485808097445],[-6.226898338819999,53.315463408505515]]]}},{"id":"18810","type":"Feature","properties":{},"geometry":{"type":"Polygon","coordinates":[[[-6.30739265127866,53.32408471468882],[-6.305573305670471,53.32084721682517],[-6.309619541577533,53.31978774983931],[-6.310454872061708,53.32117966010431],[-6.307927284882682,53.32287126895513],[-6.308340828661432,53.32344189166376],[-6.311557704267092,53.32323529128621],[-6.310511489281839,53.323803336429094],[-6.30739265127866,53.32408471468882]]]}},{"id":"18823","type":"Feature","properties":{},"geometry":{"type":"Polygon","coordinates":[[[-6.310998656577387,53.33203754745378],[-6.3139387575496135,53.33161727762481],[-6.3139465410433475,53.33025580391442],[-6.314988719911232,53.33006426234646],[-6.315315329830356,53.331439464844856],[-6.314480871390476,53.33228003332914],[-6.311193120208737,53.33275797059225],[-6.310998656577387,53.33203754745378]]]}},{"id":"18833","type":"Feature","properties":{},"geometry":{"type":"Polygon","coordinates":[[[-6.30271087454842,53.36740716590432],[-6.299998888441053,53.36732446305539],[-6.297504399057523,53.36538486857255],[-6.298959439010979,53.36475963440019],[-6.301637474625221,53.367296855178026],[-6.30271087454842,53.36740716590432]]]}},{"id":"18843","type":"Feature","properties":{},"geometry":{"type":"Polygon","coordinates":[[[-6.296093331834422,53.33562461867282],[-6.293342943451433,53.33489209757921],[-6.294772038815277,53.33376360486256],[-6.297056360339033,53.334485702230545],[-6.296093331834422,53.33562461867282]]]}},{"id":"18851","type":"Feature","properties":{},"geometry":{"type":"Polygon","coordinates":[[[-6.263106606759726,53.36566622199864],[-6.266321740257943,53.36613903552689],[-6.2667986310974895,53.36755162699773],[-6.262160449433298,53.36762342591045],[-6.263106606759726,53.36566622199864]]]}},{"id":"18864","type":"Feature","properties":{},"geometry":{"type":"Polygon","coordinates":[[[-6.200531701549874,53.382382644942986],[-6.2005804002813605,53.381337347421635],[-6.196227418901653,53.37798163221821],[-6.196353604374442,53.37730134690284],[-6.201764183378046,53.381237992593114],[-6.201767341742214,53.3824160986161],[-6.200531701549874,53.382382644942986]]]}},{"id":"18865","type":"Feature","properties":{},"geometry":{"type":"Polygon","coordinates":[[[-6.18055672363232,53.37531533253217],[-6.1834741590324525,53.37507741992796],[-6.183692415166929,53.37701096258716],[-6.180765372231445,53.37731955279274],[-6.18055672363232,53.37531533253217]]]}},{"id":"18872","type":"Feature","properties":{},"geometry":{"type":"Polygon","coordinates":[[[-6.265832547030111,53.370152268143556],[-6.266286366723599,53.36870709916932],[-6.269672820033702,53.36877222940365],[-6.268118836819537,53.370513093204565],[-6.265832547030111,53.370152268143556]]]}},{"id":"18891","type":"Feature","properties":{},"geometry":{"type":"Polygon","coordinates":[[[-6.177516658614583,53.401803370498655],[-6.172735016980852,53.400532700945064],[-6.172816851488517,53.40015213639058],[-6.174718282641013,53.400366039817015],[-6.173491642957883,53.39948472865635],[-6.174611374865585,53.39922137165292],[-6.178518623844889,53.40066194156397],[-6.177516658614583,53.401803370498655]]]}},{"id":"18906","type":"Feature","properties":{},"geometry":{"type":"Polygon","coordinates":[[[-6.244488037870118,53.35832111989981],[-6.242829577698877,53.35746947805006],[-6.244268433230383,53.35653179643513],[-6.246125482208438,53.357492199642614],[-6.244488037870118,53.35832111989981]]]}}]}